Epochs,Lowest MAE,Smoothed Epochs,Lowest MAE Smoothed,"R: 7, 7","R: 8, 7","R: 7, 8","MAE: 7, 7","MAE: 8, 7","MAE: 7, 8"
1.0,3.367225766181946,1.0,3.367225766181946,,,,,,
2.0,3.1629825830459595,2.0,3.30595281124115,,,,,,
3.0,2.9758193492889404,3.0,3.206912772655487,,,,,,
4.0,2.808359742164612,4.0,3.087346863508224,,,,,,
5.0,2.6530004739761353,5.0,2.9570429466485972,,,,,,
6.0,2.51066517829895,6.0,2.823129616143703,,,,,,
7.0,2.3804495334625244,7.0,2.6903255913393496,,,,,,
8.0,2.266131281852722,8.0,2.5630672984933613,,,,,,
9.0,2.175497889518738,9.0,2.4467964758009746,,,,,,
10.0,2.1096537709236145,10.0,2.3456536643377666,,,,,,
11.0,2.0616660714149475,11.0,2.2604573864609208,,,,,,
12.0,2.0248959064483643,12.0,2.1897889424571537,,,,,,
13.0,1.9949145913124084,13.0,2.1313266371137303,,,,,,
14.0,1.9707101583480835,14.0,2.0831416934840363,,,,,,
15.0,1.9528248310089111,15.0,2.0440466347414987,,,,,,
16.0,1.9379009008407593,16.0,2.0122029145712768,,,,,,
17.0,1.9248610138893127,17.0,1.9860003443666874,,,,,,
18.0,1.9118861556053162,18.0,1.963766087738276,,,,,,
19.0,1.901004672050476,19.0,1.9449376630319362,,,,,,
20.0,1.8897775411605835,20.0,1.9283896264705302,,,,,,
21.0,1.8814859986305237,21.0,1.9143185381185284,,,,,,
22.0,1.8708891868591309,22.0,1.9012897327407092,,,,,,
23.0,1.860236942768097,23.0,1.8889738957489255,,,,,,
24.0,1.8437989354133606,24.0,1.875421407648256,,,,,,
25.0,1.8334553241729736,25.0,1.8628315826056714,,,,,,
26.0,1.8204646706581116,26.0,1.8501215090214034,,,,,,
27.0,1.8111926317214966,27.0,1.8384428458314312,,,,,,
28.0,1.7990779876708984,28.0,1.8266333883832715,,,,,,
29.0,1.7945526242256165,29.0,1.817009159135975,,,,,,
30.0,1.7838781476020813,30.0,1.807069855675807,,,,,,
31.0,1.776114046573639,31.0,1.7977831129451567,,,,,,
32.0,1.764812707901001,32.0,1.78789199143191,,,,,,
33.0,1.7553066611289978,33.0,1.7781163923410364,,,,,,
34.0,1.7447730898857117,34.0,1.768113401604439,,,,,,
35.0,1.731350600719452,35.0,1.7570845613389428,,,,,,
36.0,1.719602644443512,36.0,1.7458399862703136,,,,,,
37.0,1.7067608833312988,37.0,1.7341162553886091,,,,,,
38.0,1.6940233707427979,38.0,1.7220883899948658,,,,,,
39.0,1.681743860244751,39.0,1.7099850310698312,,,,,,
40.0,1.6733323335647583,40.0,1.6989892218183091,,,,,,
41.0,1.664724588394165,41.0,1.688709831791066,,,,,,
42.0,1.6509830355644226,42.0,1.677391792923073,,,,,,
43.0,1.638362169265747,43.0,1.6656829058258753,,,,,,
44.0,1.6259757280349731,44.0,1.6537707524886047,,,,,,
45.0,1.616407871246338,45.0,1.6425618881159245,,,,,,
46.0,1.6047483086585999,46.0,1.631217814278727,,,,,,
47.0,1.593300223350525,47.0,1.6198425370002665,,,,,,
48.0,1.5807468891143799,48.0,1.6081138426345005,,,,,,
49.0,1.575141429901123,49.0,1.5982221188144874,,,,,,
50.0,1.561584234237671,50.0,1.5872307534414425,,,,,,
51.0,1.549306571483612,51.0,1.5758534988540933,,,,,,
52.0,1.5375937819480896,52.0,1.5643755837822924,,,,,,
53.0,1.5298420190811157,53.0,1.5540155143719392,,,,,,
54.0,1.5178624987602234,54.0,1.5431696096884244,,,,,,
55.0,1.5068995952606201,55.0,1.532288605360083,,,,,,
56.0,1.5007405281066895,56.0,1.5228241821840651,,,,,,
57.0,1.488641619682312,57.0,1.5125694134335392,,,,,,
58.0,1.476105809211731,58.0,1.5016303321669968,,,,,,
59.0,1.4644655585289001,59.0,1.4904809000755677,,,,,,
60.0,1.457244873046875,60.0,1.4805100919669598,,,,,,
61.0,1.4466355443000793,61.0,1.4703477276668957,,,,,,
62.0,1.4353405833244324,62.0,1.4598455843641567,,,,,,
63.0,1.424521267414093,63.0,1.4492482892791376,,,,,,
64.0,1.4178345203399658,64.0,1.439824158597386,,,,,,
65.0,1.4114161133766174,65.0,1.4313017450311556,,,,,,
66.0,1.4012088179588318,66.0,1.4222738669094586,,,,,,
67.0,1.3914836645126343,67.0,1.4130368061904113,,,,,,
68.0,1.3854355812072754,68.0,1.4047564386954705,,,,,,
69.0,1.3738884329795837,69.0,1.3954960369807046,,,,,,
70.0,1.364714801311493,70.0,1.386261666279941,,,,,,
71.0,1.3582572937011719,71.0,1.3778603545063102,,,,,,
72.0,1.3470705151557922,72.0,1.3686234027011548,,,,,,
73.0,1.3406694531440735,73.0,1.3602372178340305,,,,,,
74.0,1.3367263078689575,74.0,1.3531839448445084,,,,,,
75.0,1.325124740600586,75.0,1.3447661835713318,,,,,,
76.0,1.3213462829589844,76.0,1.3377402133876275,,,,,,
77.0,1.307627558708191,77.0,1.3287064169837965,,,,,,
78.0,1.3032313585281372,78.0,1.3210638994470987,,,,,,
79.0,1.2912310361862183,79.0,1.3121140404688345,,,,,,
80.0,1.2845550775527954,80.0,1.3038463515940228,,,,,,
81.0,1.2737766802310944,81.0,1.2948254501851442,,,,,,
82.0,1.2695657908916473,82.0,1.287247552397095,,,,,,
83.0,1.2574586868286133,83.0,1.2783108927265503,,,,,,
84.0,1.2434299290180206,84.0,1.2678466036139915,,,,,,
85.0,1.2391961514949799,85.0,1.259251467978288,,,,,,
86.0,1.2257710099220276,86.0,1.24920733056141,,,,,,
87.0,1.21572145819664,87.0,1.239161568851979,,,,,,
88.0,1.2016462683677673,88.0,1.2279069787067156,,,,,,
89.0,1.1922715902328491,89.0,1.2172163621645558,,,,,,
90.0,1.184452086687088,90.0,1.2073870795213155,,,,,,
91.0,1.1689200103282928,91.0,1.1958469587634086,,,,,,
92.0,1.1519212424755096,92.0,1.182669243877039,,,,,,
93.0,1.1395872831344604,93.0,1.1697446556542654,,,,,,
94.0,1.1300633251667023,94.0,1.1578402565079964,,,,,,
95.0,1.115626722574234,95.0,1.1451761963278675,,,,,,
96.0,1.1057767868041992,96.0,1.133356373470767,,,,,,
97.0,1.0870051980018616,97.0,1.1194510208300954,,,,,,
98.0,1.0782107412815094,98.0,1.1070789369655196,,,,,,
99.0,1.0650883615016937,99.0,1.0944817643263718,,,,,,
100.0,1.0560912191867828,100.0,1.082964600784495,,,,,,
101.0,1.0357020497322083,101.0,1.0687858354688091,,,,,,
102.0,1.021496742963791,102.0,1.0545991077173036,,,,,,
103.0,1.0188004672527313,103.0,1.0438595155779318,,,,,,
104.0,1.0029695928096771,104.0,1.0315925387474554,,,,,,
105.0,0.9871401786804199,105.0,1.0182568307273447,,,,,,
106.0,0.9790629744529724,106.0,1.006498673845033,,,,,,
107.0,0.9761592447757721,107.0,0.9973968451242547,,,,,,
108.0,0.9665431678295135,108.0,0.9881407419358323,,,,,,
109.0,0.9516764581203461,109.0,0.9772014567911865,,,,,,
110.0,0.9448654055595398,110.0,0.9675006414216926,,,,,,
111.0,0.9399400353431702,111.0,0.9592324595981359,,,,,,
112.0,0.930342435836792,112.0,0.9505654524697327,,,,,,
113.0,0.9312380850315094,113.0,0.9447672422382658,,,,,,
114.0,0.9211789667606354,114.0,0.9376907595949767,,,,,,
115.0,0.9297154545783997,115.0,0.9352981680900037,,,,,,
116.0,0.9052076935768127,116.0,0.9262710257360465,,,,,,
117.0,0.8999463021755219,117.0,0.9183736086678891,,,,,,
118.0,0.8966846168041229,118.0,0.9118669111087593,,,,,,
119.0,0.8963857889175415,119.0,0.907222574451394,,,,,,
120.0,0.8869869410991669,120.0,0.9011518844457259,,,,,,
121.0,0.8853420317173004,121.0,0.8964089286271983,,,,,,
122.0,0.8767832815647125,122.0,0.8905212345084526,,,,,,
123.0,0.8716908693313599,123.0,0.8848721249553247,,,,,,
124.0,0.8658871948719025,124.0,0.8791766459302981,,,,,,
125.0,0.8677177727222443,125.0,0.875738983967882,,,,,,
126.0,0.8662621080875397,126.0,0.8728959212037792,,,,,,
127.0,0.8616841435432434,127.0,0.8695323879056185,,,,,,
128.0,0.8580843210220337,128.0,0.866097967840543,,,,,,
129.0,0.8492249548435211,129.0,0.8610360639414365,,,,,,
130.0,0.845880538225174,130.0,0.8564894062265577,,,,,,
131.0,0.8432038426399231,131.0,0.8525037371505673,,,,,,
132.0,0.8382584154605865,132.0,0.848230140643573,,,,,,
133.0,0.8420348763465881,133.0,0.8463715613544776,,,,,,
134.0,0.8462480008602142,134.0,0.8463344932061986,,,,,,
135.0,0.834593653678894,135.0,0.8428122413480073,,,,,,
136.0,0.8255886137485504,136.0,0.8376451530681702,,,,,,
137.0,0.8240984082221985,137.0,0.8335811296143787,,,,,,
138.0,0.8215522766113281,138.0,0.8299724737134635,,,,,,
139.0,0.8289096057415009,139.0,0.8296536133218747,,,,,,
140.0,0.8163565695285797,140.0,0.8256645001838862,,,,,,
141.0,0.8167592287063599,141.0,0.8229929187406283,,,,,,
142.0,0.8070022761821747,142.0,0.8181957259730922,,,,,,
143.0,0.8073269128799438,143.0,0.8149350820451476,,,,,,
144.0,0.8089486360549927,144.0,0.8131391482481012,,,,,,
145.0,0.8054760098457336,145.0,0.8108402067273909,,,,,,
146.0,0.8054381310939789,146.0,0.8092195840373673,,,,,,
147.0,0.806167334318161,147.0,0.8083039091216054,,,,,,
148.0,0.8022493124008179,148.0,0.8064875301053691,,,,,,
149.0,0.7992482483386993,149.0,0.8043157455753681,,,,,,
150.0,0.7943231761455536,150.0,0.8013179747464237,,,,,,
151.0,0.7983615696430206,151.0,0.8004310532154029,,,,,,
152.0,0.7985696494579315,152.0,0.7998726320881614,,,,,,
153.0,0.7886234819889069,153.0,0.7964978870583851,,,,,,
154.0,0.7902362942695618,154.0,0.794619409221738,,,,,,
155.0,0.7919231653213501,155.0,0.7938105360516217,,,,,,
156.0,0.7858870625495911,156.0,0.7914334940010124,,,,,,
157.0,0.7809525728225708,157.0,0.7882892176474798,,,,,,
158.0,0.7868318557739258,158.0,0.7878520090854136,,,,,,
159.0,0.7858528792858124,159.0,0.7872522701455332,,,,,,
160.0,0.778389573097229,160.0,0.7845934610310419,,,,,,
161.0,0.7766017019748688,161.0,0.7821959333141899,,,,,,
162.0,0.7791301310062408,162.0,0.7812761926218053,,,,,,
163.0,0.7732381224632263,163.0,0.7788647715742315,,,,,,
164.0,0.7757492363452911,164.0,0.7779301110055493,,,,,,
165.0,0.7702701985836029,165.0,0.7756321372789654,,,,,,
166.0,0.7766915261745453,166.0,0.7759499539476394,,,,,,
167.0,0.7705523669719696,167.0,0.7743306778549385,,,,,,
168.0,0.768771767616272,168.0,0.7726630047833385,,,,,,
169.0,0.7665458023548126,169.0,0.7708278440547807,,,,,,
170.0,0.7665771543979645,170.0,0.7695526371577358,,,,,,
171.0,0.7768158316612244,171.0,0.7717315955087825,,,,,,
172.0,0.7674361169338226,172.0,0.7704429519362945,,,,,,
173.0,0.7675299346446991,173.0,0.7695690467488159,,,,,,
174.0,0.7576195299625397,174.0,0.7659841917129331,,,,,,
175.0,0.7663549184799194,175.0,0.766095409743029,,,,,,
176.0,0.7607148587703705,176.0,0.7644812444512314,,,,,,
177.0,0.7628158330917358,177.0,0.7639816210433827,,,,,,
178.0,0.7592551112174988,178.0,0.7625636680956176,,,,,,
179.0,0.7539751529693604,179.0,0.7599871135577404,,,,,,
180.0,0.7541511058807373,180.0,0.7582363112546395,,,,,,
181.0,0.7589499354362488,181.0,0.7584503985091222,,,,,,
182.0,0.7487242817878723,182.0,0.7555325634927472,,,,,,
183.0,0.753632515668869,183.0,0.7549625491455837,,,,,,
184.0,0.7501339018344879,184.0,0.7535139549522549,,,,,,
185.0,0.7493859529495239,185.0,0.7522755543514356,,,,,,
186.0,0.7517517805099487,186.0,0.7521184221989896,,,,,,
187.0,0.7525187730789185,187.0,0.7522385274629683,,,,,,
188.0,0.747949630022049,188.0,0.7509518582306924,,,,,,
189.0,0.7486136257648468,189.0,0.7502503884909387,,,,,,
190.0,0.7429082989692688,190.0,0.7480477616344378,,,,,,
191.0,0.7491537034511566,191.0,0.7483795441794534,,,,,,
192.0,0.7488446235656738,192.0,0.7485190679953195,,,,,,
193.0,0.7366600930690765,193.0,0.7449613755174467,,,,,,
194.0,0.7354214191436768,194.0,0.7420993886053158,,,,,,
195.0,0.7385751605033875,195.0,0.7410421201747373,,,,,,
196.0,0.7373650968074799,196.0,0.73993901316456,,,,,,
197.0,0.7324324548244476,197.0,0.7376870456625263,,,,,,
198.0,0.7362500429153442,198.0,0.7372559448383716,,,,,,
199.0,0.738185316324234,199.0,0.7375347562841303,,,,,,
200.0,0.731204092502594,200.0,0.7356355571496694,,,,,,
201.0,0.7370643615722656,201.0,0.7360641984764483,,,,,,
202.0,0.739345520734787,202.0,0.7370485951539498,,,,,,
203.0,0.7368499338626862,203.0,0.7369889967665707,,,,,,
204.0,0.7281579375267029,204.0,0.7343396789946104,,,,,,
205.0,0.7281063497066498,205.0,0.7324696802082222,,,,,,
206.0,0.7322672009468079,206.0,0.7324089364297979,,,,,,
207.0,0.7314245700836182,207.0,0.7321136265259439,,,,,,
208.0,0.7313720285892487,208.0,0.7318911471449354,,,,,,
209.0,0.7273494601249695,209.0,0.7305286410389457,,,,,,
210.0,0.7282720804214478,210.0,0.7298516728536962,,,,,,
211.0,0.7254158854484558,211.0,0.7285209366321241,,,,,,
212.0,0.7245291173458099,212.0,0.7273233908462299,,,,,,
213.0,0.7218495011329651,213.0,0.7256812239322504,,,,,,
214.0,0.7293840944766998,214.0,0.7267920850955853,,,,,,
215.0,0.7219550907611847,215.0,0.7253409867952652,,,,,,
216.0,0.7191709280014038,216.0,0.7234899691571067,,,,,,
217.0,0.718824952840805,217.0,0.7220904642622162,,,,,,
218.0,0.7201690375804901,218.0,0.7215140362576984,,,,,,
219.0,0.7191648781299591,219.0,0.7208092888193767,,,,,,
220.0,0.7203920483589172,220.0,0.7206841166812389,,,,,,
221.0,0.716864675283432,221.0,0.7195382842618968,,,,,,
222.0,0.7150936424732208,222.0,0.718204891725294,,,,,,
223.0,0.7154601812362671,223.0,0.7173814785785859,,,,,,
224.0,0.7130228281021118,224.0,0.7160738834356437,,,,,,
225.0,0.714747428894043,225.0,0.7156759470731635,,,,,,
226.0,0.7149436175823212,226.0,0.7154562482259108,,,,,,
227.0,0.7116795182228088,227.0,0.7143232292249803,,,,,,
228.0,0.7112396061420441,228.0,0.7133981423000993,,,,,,
229.0,0.711240828037262,229.0,0.7127509480212482,,,,,,
230.0,0.7103376090526581,230.0,0.7120269463306711,,,,,,
231.0,0.713147759437561,231.0,0.7123631902627381,,,,,,
232.0,0.7107122242450714,232.0,0.7118679004574381,,,,,,
233.0,0.7079266607761383,233.0,0.7106855285530482,,,,,,
234.0,0.7070133090019226,234.0,0.7095838626877106,,,,,,
235.0,0.7080791890621185,235.0,0.709132460600033,,,,,,
236.0,0.7122105062007904,236.0,0.7100558742802603,,,,,,
237.0,0.7095078527927399,237.0,0.7098914678340041,,,,,,
238.0,0.7074951231479645,238.0,0.7091725644281923,,,,,,
239.0,0.7066456377506256,239.0,0.7084144864249223,,,,,,
240.0,0.708186537027359,240.0,0.7083461016056534,,,,,,
241.0,0.7018688321113586,241.0,0.706402920757365,,,,,,
242.0,0.701852560043335,242.0,0.705037812543156,,,,,,
243.0,0.7011468708515167,243.0,0.7038705300356642,,,,,,
244.0,0.7039622962474823,244.0,0.7038980598992096,,,,,,
245.0,0.703063040971756,245.0,0.7036475542209735,,,,,,
246.0,0.7143661379814148,246.0,0.7068631293491059,,,,,,
247.0,0.6999759376049042,247.0,0.7047969718258453,,,,,,
248.0,0.6983639895915985,248.0,0.7028670771555713,,,,,,
249.0,0.7009774148464203,249.0,0.702300178462826,,,,,,
250.0,0.6968351900577545,250.0,0.7006606819413046,,,,,,
251.0,0.6989908814430237,251.0,0.7001597417918204,,,,,,
252.0,0.7001227736473083,252.0,0.7001486513484667,,,,,,
253.0,0.6970987617969513,253.0,0.699233684483012,,,,,,
254.0,0.6975933909416199,254.0,0.6987415964205944,,,,,,
255.0,0.6977414190769196,255.0,0.698441543217492,,,,,,
256.0,0.6923567354679108,256.0,0.6966161008926176,,,,,,
257.0,0.6947568655014038,257.0,0.6960583302752534,,,,,,
258.0,0.6876764297485352,258.0,0.693543760117238,,,,,,
259.0,0.688583642244339,259.0,0.6920557247553683,,,,,,
260.0,0.6873092949390411,260.0,0.6906317958104701,,,,,,
261.0,0.6902622282505035,261.0,0.6905209255424801,,,,,,
262.0,0.6917628049850464,262.0,0.69089348937525,,,,,,
263.0,0.6885402798652649,263.0,0.6901875265222545,,,,,,
264.0,0.6936841607093811,264.0,0.6912365167783925,,,,,,
265.0,0.683047741651535,265.0,0.6887798842403352,,,,,,
266.0,0.685825914144516,266.0,0.6878936932115894,,,,,,
267.0,0.6858666241168976,267.0,0.6872855724831819,,,,,,
268.0,0.6883056461811066,268.0,0.6875915945925593,,,,,,
269.0,0.683703601360321,269.0,0.6864251966228878,,,,,,
270.0,0.6775361895561218,270.0,0.683758494502858,,,,,,
271.0,0.6773288249969482,271.0,0.681829593651085,,,,,,
272.0,0.683667004108429,272.0,0.6823808167882882,,,,,,
273.0,0.6854891180992126,273.0,0.6833133071815656,,,,,,
274.0,0.6797870397567749,274.0,0.6822554269541283,,,,,,
275.0,0.6798749268054962,275.0,0.6815412769095387,,,,,,
276.0,0.680512011051178,276.0,0.6812324971520305,,,,,,
277.0,0.6796354949474335,277.0,0.6807533964906514,,,,,,
278.0,0.674821525812149,278.0,0.6789738352871006,,,,,,
279.0,0.6835905909538269,279.0,0.6803588619871186,,,,,,
280.0,0.6750912070274353,280.0,0.6787785654992136,,,,,,
281.0,0.6741580069065094,281.0,0.6773923979214023,,,,,,
282.0,0.6777698695659637,282.0,0.6775056394147707,,,,,,
283.0,0.6768093109130859,283.0,0.6772967408642653,,,,,,
284.0,0.6694982945919037,284.0,0.6749572069825568,,,,,,
285.0,0.6725009083747864,285.0,0.6742203174002257,,,,,,
286.0,0.6703863739967346,286.0,0.6730701343791784,,,,,,
287.0,0.678707093000412,287.0,0.6747612219655484,,,,,,
288.0,0.6727243661880493,288.0,0.6741501652322988,,,,,,
289.0,0.6752284169197083,289.0,0.6744736407385217,,,,,,
290.0,0.6675212383270264,290.0,0.6723879200150731,,,,,,
291.0,0.6677951812744141,291.0,0.6710100983928754,,,,,,
292.0,0.6761435568332672,292.0,0.6725501359249929,,,,,,
293.0,0.6675298810005188,293.0,0.6710440594476507,,,,,,
294.0,0.6730787456035614,294.0,0.6716544652944239,,,,,,
295.0,0.6710300743579865,295.0,0.6714671480134926,,,,,,
296.0,0.6685821712017059,296.0,0.6706016549699566,,,,,,
297.0,0.6670167446136475,297.0,0.6695261818630639,,,,,,
298.0,0.663631409406662,298.0,0.6677577501261434,,,,,,
299.0,0.6590567529201508,299.0,0.6651474509643456,,,,,,
300.0,0.6599209308624268,300.0,0.6635794949337699,,,,,,
301.0,0.6556599736213684,301.0,0.6612036385400495,,,,,,
302.0,0.6589416861534119,302.0,0.6605250528240583,,,,,,
303.0,0.6624453663825989,303.0,0.6611011468916205,,,,,,
304.0,0.6624318063259125,304.0,0.6615003447219081,,,,,,
305.0,0.6663522720336914,305.0,0.662955922915443,,,,,,
306.0,0.6587380468845367,306.0,0.6616905601061711,,,,,,
307.0,0.6611089408397675,307.0,0.66151607432625,,,,,,
308.0,0.659849226474762,308.0,0.6610160199708036,,,,,,
309.0,0.65225750207901,309.0,0.6583884646032655,,,,,,
310.0,0.6546426117420197,310.0,0.6572647087448917,,,,,,
311.0,0.6604066491127014,311.0,0.6582072908552347,,,,,,
312.0,0.6526128351688385,312.0,0.6565289541493158,,,,,,
313.0,0.6510390341281891,313.0,0.6548819781429778,,,,,,
314.0,0.6553752720355988,314.0,0.655029966310764,,,,,,
315.0,0.6532134711742401,315.0,0.6544850177698068,,,,,,
316.0,0.6559232175350189,316.0,0.6549164776993704,,,,,,
317.0,0.6508220136165619,317.0,0.6536881384745279,,,,,,
318.0,0.6492656171321869,318.0,0.6523613820718256,,,,,,
319.0,0.6485699713230133,319.0,0.6512239588471819,,,,,,
320.0,0.6484820246696472,320.0,0.6504013785939214,,,,,,
321.0,0.6456709802150726,321.0,0.6489822590802669,,,,,,
322.0,0.6469703316688538,322.0,0.6483786808568429,,,,,,
323.0,0.6471215188503265,323.0,0.648001532254888,,,,,,
324.0,0.6395754814147949,324.0,0.64547371700286,,,,,,
325.0,0.6463304162025452,325.0,0.6457307267627656,,,,,,
326.0,0.6462373435497284,326.0,0.6458827117988544,,,,,,
327.0,0.6432652473449707,327.0,0.6450974724626892,,,,,,
328.0,0.6426646411418915,328.0,0.6443676230664499,,,,,,
329.0,0.6397210955619812,329.0,0.6429736648151093,,,,,,
330.0,0.643223762512207,330.0,0.6430486941242386,,,,,,
331.0,0.6364862024784088,331.0,0.6410799466304896,,,,,,
332.0,0.6396683752536774,332.0,0.640656475217446,,,,,,
333.0,0.6399512588977814,333.0,0.6404449103215466,,,,,,
334.0,0.6400273740291595,334.0,0.6403196494338305,,,,,,
335.0,0.6410687267780304,335.0,0.6405443726370904,,,,,,
336.0,0.6392666399478912,336.0,0.6401610528303306,,,,,,
337.0,0.6355177760124207,337.0,0.6387680697849577,,,,,,
338.0,0.6438232660293579,338.0,0.6402846286582777,,,,,,
339.0,0.6404181122779846,339.0,0.6403246737441898,,,,,,
340.0,0.6390910148620605,340.0,0.639954576079551,,,,,,
341.0,0.6363170146942139,341.0,0.6388633076639498,,,,,,
342.0,0.6388387978076935,342.0,0.6388559547070729,,,,,,
343.0,0.6448216140270233,343.0,0.640645652503058,,,,,,
344.0,0.6421510279178619,344.0,0.6410972651274992,,,,,,
345.0,0.6362873613834381,345.0,0.6396542940042809,,,,,,
346.0,0.638841301202774,346.0,0.6394103961638288,,,,,,
347.0,0.6361173093318939,347.0,0.6384224701142484,,,,,,
348.0,0.629766196012497,348.0,0.6358255878837229,,,,,,
349.0,0.6346451640129089,349.0,0.6354714607224787,,,,,,
350.0,0.6434251070022583,350.0,0.6378575546064126,,,,,,
351.0,0.6367726922035217,351.0,0.6375320958855453,,,,,,
352.0,0.633836030960083,352.0,0.6364232764079066,,,,,,
353.0,0.6380987465381622,353.0,0.6369259174469832,,,,,,
354.0,0.6380460262298584,354.0,0.6372619500818457,,,,,,
355.0,0.6335018873214722,355.0,0.6361339312537336,,,,,,
356.0,0.6322398483753204,356.0,0.6349657063902097,,,,,,
357.0,0.6302295029163361,357.0,0.6335448453480476,,,,,,
358.0,0.6301457583904266,358.0,0.6325251192607613,,,,,,
359.0,0.628852128982544,359.0,0.6314232221772961,,,,,,
360.0,0.6317266523838043,360.0,0.6315142512392485,,,,,,
361.0,0.6271459460258484,361.0,0.6302037596752285,,,,,,
362.0,0.6297737956047058,362.0,0.6300747704540717,,,,,,
363.0,0.6259050369262695,363.0,0.6288238503957311,,,,,,
364.0,0.6243329644203186,364.0,0.6274765846031073,,,,,,
365.0,0.6247851252555847,365.0,0.6266691467988506,,,,,,
366.0,0.625233381986618,366.0,0.6262384173551807,,,,,,
367.0,0.6273325979709625,367.0,0.6265666715399152,,,,,,
368.0,0.6232893764972687,368.0,0.6255834830271212,,,,,,
369.0,0.6217857897281647,369.0,0.6244441750374342,,,,,,
370.0,0.6205193102359772,370.0,0.6232667155969971,,,,,,
371.0,0.6182833611965179,371.0,0.6217717092768533,,,,,,
372.0,0.6274501979351044,372.0,0.6234752558743286,,,,,,
373.0,0.6246935427188873,373.0,0.6238407419276962,,,,,,
374.0,0.6202798187732697,374.0,0.6227724649813683,,,,,,
375.0,0.6198307275772095,375.0,0.6218899437601206,,,,,,
376.0,0.6209689378738403,376.0,0.6216136419942365,,,,,,
377.0,0.6207115650177002,377.0,0.6213430189012756,,,,,,
378.0,0.6218658089637756,378.0,0.6214998559200257,,,,,,
379.0,0.6157749891281128,379.0,0.6197823958824518,,,,,,
380.0,0.6194459497928619,380.0,0.6196814620555748,,,,,,
381.0,0.6177901029586792,381.0,0.6191140543265061,,,,,,
382.0,0.6157403886318207,382.0,0.6181019546181006,,,,,,
383.0,0.6197801530361176,383.0,0.6186054141435057,,,,,,
384.0,0.6154887080192566,384.0,0.6176704023062309,,,,,,
385.0,0.6144180297851562,385.0,0.6166946905499086,,,,,,
386.0,0.6172254681587219,386.0,0.6168539238325526,,,,,,
387.0,0.6115409433841705,387.0,0.615260029698038,,,,,,
388.0,0.6134560406208038,388.0,0.6147188329748677,,,,,,
389.0,0.6190098822116852,389.0,0.616006147745913,,,,,,
390.0,0.6102584898471832,390.0,0.614281850376294,,,,,,
391.0,0.6144143640995026,391.0,0.6143216044932566,,,,,,
392.0,0.6117211878299713,392.0,0.613541479494271,,,,,,
393.0,0.6145383715629578,393.0,0.613840547114877,,,,,,
394.0,0.6135399341583252,394.0,0.6137503632279115,,,,,,
395.0,0.6131045818328857,395.0,0.6135566288094039,,,,,,
396.0,0.6158071160316467,396.0,0.6142317749760767,,,,,,
397.0,0.6113016903400421,397.0,0.6133527495852664,,,,,,
398.0,0.6109439730644226,398.0,0.6126301166290133,,,,,,
399.0,0.6080488562583923,399.0,0.611255738517827,,,,,,
400.0,0.6026734113693237,400.0,0.6086810403732761,,,,,,
401.0,0.6054790019989014,401.0,0.6077204288609637,,,,,,
402.0,0.6154163479804993,402.0,0.6100292045968243,,,,,,
403.0,0.6095615029335022,403.0,0.6098888940978276,,,,,,
404.0,0.6090437471866608,404.0,0.6096353500244776,,,,,,
405.0,0.6122199892997742,405.0,0.6104107418070666,,,,,,
406.0,0.6108105182647705,406.0,0.6105306747443777,,,,,,
407.0,0.6102631688117981,407.0,0.6104504229646038,,,,,,
408.0,0.6125361919403076,408.0,0.611076153657315,,,,,,
409.0,0.6041806042194366,409.0,0.6090074888259516,,,,,,
410.0,0.6011589765548706,410.0,0.6066529351446273,,,,,,
411.0,0.5985329151153564,411.0,0.604216929135846,,,,,,
412.0,0.602590024471283,412.0,0.6037288577364771,,,,,,
413.0,0.6036498844623566,413.0,0.6037051657542409,,,,,,
414.0,0.6106838285923004,414.0,0.6057987646056588,,,,,,
415.0,0.6015211045742035,415.0,0.6045154665962222,,,,,,
416.0,0.6187053620815277,416.0,0.6087724352418139,,,,,,
417.0,0.6039266884326935,417.0,0.6073187111990778,,,,,,
418.0,0.6040984690189362,418.0,0.6063526385450353,,,,,,
419.0,0.60568767786026,419.0,0.6061531503396027,,,,,,
420.0,0.601826012134552,420.0,0.6048550088780875,,,,,,
421.0,0.600930243730545,421.0,0.6036775793338248,,,,,,
422.0,0.6051356792449951,422.0,0.6041150093071759,,,,,,
423.0,0.6038767099380493,423.0,0.6040435194964379,,,,,,
424.0,0.6060880720615387,424.0,0.6046568852659682,,,,,,
425.0,0.6044365167617798,425.0,0.6045907747147117,,,,,,
426.0,0.6021871566772461,426.0,0.6038696893034721,,,,,,
427.0,0.6025669574737549,427.0,0.6034788697545569,,,,,,
428.0,0.6050088405609131,428.0,0.6039378609964637,,,,,,
429.0,0.6013268232345581,429.0,0.6031545496678921,,,,,,
430.0,0.5984684377908707,430.0,0.6017487161047856,,,,,,
431.0,0.5967893004417419,431.0,0.6002608914058725,,,,,,
432.0,0.6017314344644547,432.0,0.6007020543234471,,,,,,
433.0,0.5959332138299942,433.0,0.5992714021754113,,,,,,
434.0,0.5953331738710403,434.0,0.5980899336841,,,,,,
435.0,0.5994194746017456,435.0,0.5984887959593937,,,,,,
436.0,0.5948697924613953,436.0,0.5974030949099942,,,,,,
437.0,0.6012755334377289,437.0,0.5985648264683145,,,,,,
438.0,0.5946017056703568,438.0,0.5973758902289272,,,,,,
439.0,0.5994757562875748,439.0,0.5980058500465215,,,,,,
440.0,0.5941124260425568,440.0,0.596837822845332,,,,,,
441.0,0.5932460725307465,441.0,0.5957602977509564,,,,,,
442.0,0.5982372760772705,442.0,0.5965033912488507,,,,,,
443.0,0.6031855195760727,443.0,0.5985080297470172,,,,,,
444.0,0.596295177936554,444.0,0.5978441742038783,,,,,,
445.0,0.593180388212204,445.0,0.596445038406376,,,,,,
446.0,0.5931414514780045,446.0,0.5954539623278645,,,,,,
447.0,0.5911048203706741,447.0,0.5941492197407074,,,,,,
448.0,0.5922867208719254,448.0,0.5935904700800728,,,,,,
449.0,0.5959805101156235,449.0,0.594307482090738,,,,,,
450.0,0.5908204317092896,450.0,0.5932613669763035,,,,,,
451.0,0.5948859304189682,451.0,0.5937487360091029,,,,,,
452.0,0.5928270518779755,452.0,0.5934722307697647,,,,,,
453.0,0.5907330363988876,453.0,0.5926504724585016,,,,,,
454.0,0.5949700623750687,454.0,0.5933463494334716,,,,,,
455.0,0.5902707725763321,455.0,0.5924236763763298,,,,,,
456.0,0.5932385474443436,456.0,0.5926681376967339,,,,,,
457.0,0.5951293408870697,457.0,0.5934064986538347,,,,,,
458.0,0.5871274769306183,458.0,0.5915227921368698,,,,,,
459.0,0.5842825472354889,459.0,0.5893507186664555,,,,,,
460.0,0.5908605307340622,460.0,0.5898036622867375,,,,,,
461.0,0.5820427983999252,461.0,0.5874754031206939,,,,,,
462.0,0.5936203747987747,462.0,0.5893188946241181,,,,,,
463.0,0.5846155285835266,463.0,0.5879078848119407,,,,,,
464.0,0.5866345018148422,464.0,0.5875258699128112,,,,,,
465.0,0.5860259383916855,465.0,0.5870758904564735,,,,,,
466.0,0.5899066925048828,466.0,0.5879251310709963,,,,,,
467.0,0.585334300994873,467.0,0.5871478820481594,,,,,,
468.0,0.5851608961820602,468.0,0.5865517862883296,,,,,,
469.0,0.5855351090431213,469.0,0.5862467831147672,,,,,,
470.0,0.5823814272880554,470.0,0.5850871763667537,,,,,,
471.0,0.5851223766803741,471.0,0.5850977364608398,,,,,,
472.0,0.584465965628624,472.0,0.5849082052111751,,,,,,
473.0,0.5814121514558792,473.0,0.5838593890845863,,,,,,
474.0,0.5852708667516708,474.0,0.5842828323847117,,,,,,
475.0,0.5848861932754517,475.0,0.5844638406519337,,,,,,
476.0,0.5843317955732346,476.0,0.584424227128324,,,,,,
477.0,0.5813109576702118,477.0,0.5834902462908904,,,,,,
478.0,0.579637885093689,478.0,0.58233453793173,,,,,,
479.0,0.5885191559791565,479.0,0.584189923345958,,,,,,
480.0,0.5792504400014877,480.0,0.582708078342617,,,,,,
481.0,0.5796938687562943,481.0,0.5818038154667202,,,,,,
482.0,0.579437181353569,482.0,0.5810938252327749,,,,,,
483.0,0.5751452744007111,483.0,0.5793092599831557,,,,,,
484.0,0.578051283955574,484.0,0.5789318671748812,,,,,,
485.0,0.5742889642715454,485.0,0.5775389963038805,,,,,,
486.0,0.5791435241699219,486.0,0.578020354663693,,,,,,
487.0,0.5771906077861786,487.0,0.5777714306004387,,,,,,
488.0,0.5808207988739014,488.0,0.5786862410824775,,,,,,
489.0,0.5776446163654327,489.0,0.578373753667364,,,,,,
490.0,0.5747683197259903,490.0,0.5772921234849518,,,,,,
491.0,0.5731271803379059,491.0,0.5760426405408381,,,,,,
492.0,0.5799858868122101,492.0,0.5772256144222497,,,,,,
493.0,0.5806426405906677,493.0,0.5782507222727751,,,,,,
494.0,0.5747837573289871,494.0,0.5772106327896387,,,,,,
495.0,0.5750155597925186,495.0,0.5765521108905027,,,,,,
496.0,0.5735353529453278,496.0,0.5756470835069503,,,,,,
497.0,0.5744972676038742,497.0,0.5753021387360274,,,,,,
498.0,0.5810660123825073,498.0,0.5770313008299714,,,,,,
499.0,0.576941967010498,499.0,0.5770045006841295,,,,,,
500.0,0.5737889558076859,500.0,0.5760398372211963,,,,,,
,,,,0.9134835302829742,0.9431262612342834,0.9414596259593964,,,
,,,,,,,0.7057589292526245,0.5564033091068268,0.5551313757896423
