Epochs,Lowest MAE,Highest R,Smoothed Epochs,Lowest MAE Smoothed,Highest R Smoothed,"R: 5, 5","R: 6, 5","R: 7, 5","R: 8, 5","R: 9, 5","R: 10, 5","R: 11, 5","R: 5, 6","R: 6, 6","R: 7, 6","R: 8, 6","R: 9, 6","R: 10, 6","R: 5, 7","R: 6, 7","R: 7, 7","R: 8, 7","R: 9, 7","R: 5, 8","R: 6, 8","R: 7, 8","R: 8, 8","R: 5, 9","R: 6, 9","R: 7, 9","R: 5, 10","R: 6, 10","R: 5, 11","MAE: 5, 5","MAE: 6, 5","MAE: 7, 5","MAE: 8, 5","MAE: 9, 5","MAE: 10, 5","MAE: 11, 5","MAE: 5, 6","MAE: 6, 6","MAE: 7, 6","MAE: 8, 6","MAE: 9, 6","MAE: 10, 6","MAE: 5, 7","MAE: 6, 7","MAE: 7, 7","MAE: 8, 7","MAE: 9, 7","MAE: 5, 8","MAE: 6, 8","MAE: 7, 8","MAE: 8, 8","MAE: 5, 9","MAE: 6, 9","MAE: 7, 9","MAE: 5, 10","MAE: 6, 10","MAE: 5, 11"
1.0,2.65784353017807,2.912186861038208,1.0,2.65784353017807,2.912186861038208,,,,,,,,,,,,,,,,,,,,,,,,,,,,,,,,,,,,,,,,,,,,,,,,,,,,,,,,
2.0,2.3301660418510437,2.4263749718666077,2.0,2.559540283679962,2.766443294286728,,,,,,,,,,,,,,,,,,,,,,,,,,,,,,,,,,,,,,,,,,,,,,,,,,,,,,,,
3.0,2.1188937723636627,2.17733570933342,3.0,2.427346330285072,2.5897110188007355,,,,,,,,,,,,,,,,,,,,,,,,,,,,,,,,,,,,,,,,,,,,,,,,,,,,,,,,
4.0,2.0004166662693024,2.0297650694847107,4.0,2.299267431080341,2.421727234005928,,,,,,,,,,,,,,,,,,,,,,,,,,,,,,,,,,,,,,,,,,,,,,,,,,,,,,,,
5.0,1.9268685281276703,1.9591381549835205,5.0,2.1875477601945397,2.282950510299206,,,,,,,,,,,,,,,,,,,,,,,,,,,,,,,,,,,,,,,,,,,,,,,,,,,,,,,,
6.0,1.8758385479450226,1.9175020456314087,6.0,2.0940349965196843,2.1733159708988667,,,,,,,,,,,,,,,,,,,,,,,,,,,,,,,,,,,,,,,,,,,,,,,,,,,,,,,,
7.0,1.837010681629181,1.8758267164230347,7.0,2.0169277020525334,2.084069194556117,,,,,,,,,,,,,,,,,,,,,,,,,,,,,,,,,,,,,,,,,,,,,,,,,,,,,,,,
8.0,1.8135876953601837,1.8318264484405518,8.0,1.9559257000448285,2.0083963707214476,,,,,,,,,,,,,,,,,,,,,,,,,,,,,,,,,,,,,,,,,,,,,,,,,,,,,,,,
9.0,1.7771054208278656,1.7999411821365356,9.0,1.9022796162797397,1.945859814145974,,,,,,,,,,,,,,,,,,,,,,,,,,,,,,,,,,,,,,,,,,,,,,,,,,,,,,,,
10.0,1.7468596994876862,1.7593569457530975,10.0,1.8556536412421236,1.8899089536281108,,,,,,,,,,,,,,,,,,,,,,,,,,,,,,,,,,,,,,,,,,,,,,,,,,,,,,,,
11.0,1.7162148654460907,1.7294541895389557,11.0,1.8138220085033137,1.8417725244013643,,,,,,,,,,,,,,,,,,,,,,,,,,,,,,,,,,,,,,,,,,,,,,,,,,,,,,,,
12.0,1.6829415261745453,1.6964040994644165,12.0,1.774557863804683,1.79816199692028,,,,,,,,,,,,,,,,,,,,,,,,,,,,,,,,,,,,,,,,,,,,,,,,,,,,,,,,
13.0,1.649678885936737,1.6582957208156586,13.0,1.737094170444299,1.7562021140888937,,,,,,,,,,,,,,,,,,,,,,,,,,,,,,,,,,,,,,,,,,,,,,,,,,,,,,,,
14.0,1.6148045361042023,1.6210668087005615,14.0,1.70040728014227,1.7156615224723941,,,,,,,,,,,,,,,,,,,,,,,,,,,,,,,,,,,,,,,,,,,,,,,,,,,,,,,,
15.0,1.5825362801551819,1.582796424627304,15.0,1.6650459801461437,1.675801993118867,,,,,,,,,,,,,,,,,,,,,,,,,,,,,,,,,,,,,,,,,,,,,,,,,,,,,,,,
16.0,1.5412391424179077,1.5439601838588715,16.0,1.6279039288276729,1.6362494503408682,,,,,,,,,,,,,,,,,,,,,,,,,,,,,,,,,,,,,,,,,,,,,,,,,,,,,,,,
17.0,1.5033558905124664,1.507660061120987,17.0,1.5905395173331107,1.5976726335749039,,,,,,,,,,,,,,,,,,,,,,,,,,,,,,,,,,,,,,,,,,,,,,,,,,,,,,,,
18.0,1.4667151272296906,1.465345561504364,18.0,1.5533922003020848,1.5579745119537418,,,,,,,,,,,,,,,,,,,,,,,,,,,,,,,,,,,,,,,,,,,,,,,,,,,,,,,,
19.0,1.4219696819782257,1.4235903918743134,19.0,1.513965444804927,1.5176592759299132,,,,,,,,,,,,,,,,,,,,,,,,,,,,,,,,,,,,,,,,,,,,,,,,,,,,,,,,
20.0,1.3837317824363708,1.3803450167179108,20.0,1.4748953460943601,1.4764649981663123,,,,,,,,,,,,,,,,,,,,,,,,,,,,,,,,,,,,,,,,,,,,,,,,,,,,,,,,
21.0,1.351648360490799,1.3362601399421692,21.0,1.4379212504132917,1.4344035406990694,,,,,,,,,,,,,,,,,,,,,,,,,,,,,,,,,,,,,,,,,,,,,,,,,,,,,,,,
22.0,1.3099895119667053,1.2819401621818542,22.0,1.3995417288793157,1.3886645271439049,,,,,,,,,,,,,,,,,,,,,,,,,,,,,,,,,,,,,,,,,,,,,,,,,,,,,,,,
23.0,1.2813471257686615,1.2358265817165375,23.0,1.3640833479461194,1.3428131435156947,,,,,,,,,,,,,,,,,,,,,,,,,,,,,,,,,,,,,,,,,,,,,,,,,,,,,,,,
24.0,1.250518411397934,1.1904689222574234,24.0,1.3300138669816637,1.2971098771382132,,,,,,,,,,,,,,,,,,,,,,,,,,,,,,,,,,,,,,,,,,,,,,,,,,,,,,,,
25.0,1.2279902547597885,1.1585436016321182,25.0,1.299406783315101,1.2555399944863848,,,,,,,,,,,,,,,,,,,,,,,,,,,,,,,,,,,,,,,,,,,,,,,,,,,,,,,,
26.0,1.1996800899505615,1.1222338527441025,26.0,1.2694887753057391,1.2155481519637,,,,,,,,,,,,,,,,,,,,,,,,,,,,,,,,,,,,,,,,,,,,,,,,,,,,,,,,
27.0,1.1788898557424545,1.089867040514946,27.0,1.2423090994367536,1.1778438185290736,,,,,,,,,,,,,,,,,,,,,,,,,,,,,,,,,,,,,,,,,,,,,,,,,,,,,,,,
28.0,1.1540501117706299,1.057999163866043,28.0,1.2158314031369166,1.1418904221301645,,,,,,,,,,,,,,,,,,,,,,,,,,,,,,,,,,,,,,,,,,,,,,,,,,,,,,,,
29.0,1.1312891989946365,1.0249514728784561,29.0,1.1904687418942326,1.106808737354652,,,,,,,,,,,,,,,,,,,,,,,,,,,,,,,,,,,,,,,,,,,,,,,,,,,,,,,,
30.0,1.1176595389842987,1.0063206106424332,30.0,1.1686259810212523,1.0766622993409865,,,,,,,,,,,,,,,,,,,,,,,,,,,,,,,,,,,,,,,,,,,,,,,,,,,,,,,,
31.0,1.0945215821266174,0.9839219152927399,31.0,1.1463946613528617,1.0488401841265125,,,,,,,,,,,,,,,,,,,,,,,,,,,,,,,,,,,,,,,,,,,,,,,,,,,,,,,,
32.0,1.0812547653913498,0.9586189091205597,32.0,1.126852692564408,1.0217738016247266,,,,,,,,,,,,,,,,,,,,,,,,,,,,,,,,,,,,,,,,,,,,,,,,,,,,,,,,
33.0,1.0621399134397507,0.9430113285779953,33.0,1.1074388588270108,0.9981450597107072,,,,,,,,,,,,,,,,,,,,,,,,,,,,,,,,,,,,,,,,,,,,,,,,,,,,,,,,
34.0,1.0462043434381485,0.921777755022049,34.0,1.089068504210352,0.9752348683041097,,,,,,,,,,,,,,,,,,,,,,,,,,,,,,,,,,,,,,,,,,,,,,,,,,,,,,,,
35.0,1.0197648853063583,0.9113489091396332,35.0,1.068277418539154,0.9560690805547667,,,,,,,,,,,,,,,,,,,,,,,,,,,,,,,,,,,,,,,,,,,,,,,,,,,,,,,,
36.0,1.0054984241724014,0.8989321142435074,36.0,1.049443720229128,0.938927990661389,,,,,,,,,,,,,,,,,,,,,,,,,,,,,,,,,,,,,,,,,,,,,,,,,,,,,,,,
37.0,0.9835464954376221,0.8921193480491638,37.0,1.0296745527916762,0.9248853978777215,,,,,,,,,,,,,,,,,,,,,,,,,,,,,,,,,,,,,,,,,,,,,,,,,,,,,,,,
38.0,0.9684600830078125,0.8673891127109528,38.0,1.0113102118565171,0.9076365123276908,,,,,,,,,,,,,,,,,,,,,,,,,,,,,,,,,,,,,,,,,,,,,,,,,,,,,,,,
39.0,0.9526527971029282,0.860683873295784,39.0,0.9937129874304405,0.8935507206181188,,,,,,,,,,,,,,,,,,,,,,,,,,,,,,,,,,,,,,,,,,,,,,,,,,,,,,,,
40.0,0.9267067164182663,0.8469805270433426,40.0,0.9736111061267883,0.879579662545686,,,,,,,,,,,,,,,,,,,,,,,,,,,,,,,,,,,,,,,,,,,,,,,,,,,,,,,,
41.0,0.8997930288314819,0.8438293188810349,41.0,0.9514656829381964,0.8688545594462906,,,,,,,,,,,,,,,,,,,,,,,,,,,,,,,,,,,,,,,,,,,,,,,,,,,,,,,,
42.0,0.8839805275201797,0.8396914303302765,42.0,0.9312201363127914,0.8601056207114863,,,,,,,,,,,,,,,,,,,,,,,,,,,,,,,,,,,,,,,,,,,,,,,,,,,,,,,,
43.0,0.8672720193862915,0.831721842288971,43.0,0.9120357012348415,0.8515904871847317,,,,,,,,,,,,,,,,,,,,,,,,,,,,,,,,,,,,,,,,,,,,,,,,,,,,,,,,
44.0,0.8520591855049133,0.8348424732685089,44.0,0.894042746515863,0.8465660830098649,,,,,,,,,,,,,,,,,,,,,,,,,,,,,,,,,,,,,,,,,,,,,,,,,,,,,,,,
45.0,0.8415242731571198,0.8120086491107941,45.0,0.8782872045082399,0.8361988528401436,,,,,,,,,,,,,,,,,,,,,,,,,,,,,,,,,,,,,,,,,,,,,,,,,,,,,,,,
46.0,0.8300362080335617,0.8003549128770828,46.0,0.8638119055658364,0.8254456708512253,,,,,,,,,,,,,,,,,,,,,,,,,,,,,,,,,,,,,,,,,,,,,,,,,,,,,,,,
47.0,0.8206526637077332,0.7953763008117676,47.0,0.8508641330084055,0.816424859839388,,,,,,,,,,,,,,,,,,,,,,,,,,,,,,,,,,,,,,,,,,,,,,,,,,,,,,,,
48.0,0.8137684613466263,0.7819325476884842,48.0,0.8397354315098717,0.8060771661941167,,,,,,,,,,,,,,,,,,,,,,,,,,,,,,,,,,,,,,,,,,,,,,,,,,,,,,,,
49.0,0.8040812462568283,0.7836388498544693,49.0,0.8290391759339587,0.7993456712922224,,,,,,,,,,,,,,,,,,,,,,,,,,,,,,,,,,,,,,,,,,,,,,,,,,,,,,,,
50.0,0.799068808555603,0.7775680124759674,50.0,0.820048065720452,0.7928123736473459,,,,,,,,,,,,,,,,,,,,,,,,,,,,,,,,,,,,,,,,,,,,,,,,,,,,,,,,
51.0,0.7857026606798172,0.7718624621629715,51.0,0.8097444442082615,0.7865274002020335,,,,,,,,,,,,,,,,,,,,,,,,,,,,,,,,,,,,,,,,,,,,,,,,,,,,,,,,
52.0,0.7725251764059067,0.7658066153526306,52.0,0.798578663867555,0.7803111647472126,,,,,,,,,,,,,,,,,,,,,,,,,,,,,,,,,,,,,,,,,,,,,,,,,,,,,,,,
53.0,0.768605962395668,0.7563837617635727,53.0,0.7895868534259889,0.7731329438521206,,,,,,,,,,,,,,,,,,,,,,,,,,,,,,,,,,,,,,,,,,,,,,,,,,,,,,,,
54.0,0.7624335885047913,0.7537002116441727,54.0,0.7814408739496296,0.7673031241897362,,,,,,,,,,,,,,,,,,,,,,,,,,,,,,,,,,,,,,,,,,,,,,,,,,,,,,,,
55.0,0.7512636780738831,0.7433439940214157,55.0,0.7723877151869056,0.7601153851392402,,,,,,,,,,,,,,,,,,,,,,,,,,,,,,,,,,,,,,,,,,,,,,,,,,,,,,,,
56.0,0.748343899846077,0.7520188391208649,56.0,0.765174570584657,0.7576864213337275,,,,,,,,,,,,,,,,,,,,,,,,,,,,,,,,,,,,,,,,,,,,,,,,,,,,,,,,
57.0,0.746465802192688,0.7410014569759369,57.0,0.7595619400670662,0.7526809320263904,,,,,,,,,,,,,,,,,,,,,,,,,,,,,,,,,,,,,,,,,,,,,,,,,,,,,,,,
58.0,0.7399950176477432,0.7468590885400772,58.0,0.7536918633412693,0.7509343789804964,,,,,,,,,,,,,,,,,,,,,,,,,,,,,,,,,,,,,,,,,,,,,,,,,,,,,,,,
59.0,0.7284903675317764,0.7340756058692932,59.0,0.7461314145984215,0.7458767470471355,,,,,,,,,,,,,,,,,,,,,,,,,,,,,,,,,,,,,,,,,,,,,,,,,,,,,,,,
60.0,0.7229387909173965,0.7402150332927704,60.0,0.7391736274941141,0.744178232920826,,,,,,,,,,,,,,,,,,,,,,,,,,,,,,,,,,,,,,,,,,,,,,,,,,,,,,,,
61.0,0.7257317006587982,0.7278595715761185,61.0,0.7351410494435193,0.7392826345174137,,,,,,,,,,,,,,,,,,,,,,,,,,,,,,,,,,,,,,,,,,,,,,,,,,,,,,,,
62.0,0.7100470662117004,0.7282003313302994,62.0,0.7276128544739736,0.7359579435612794,,,,,,,,,,,,,,,,,,,,,,,,,,,,,,,,,,,,,,,,,,,,,,,,,,,,,,,,
63.0,0.7061578780412674,0.7190223783254623,63.0,0.7211763615441618,0.7308772739905343,,,,,,,,,,,,,,,,,,,,,,,,,,,,,,,,,,,,,,,,,,,,,,,,,,,,,,,,
64.0,0.7003846019506454,0.7224892526865005,64.0,0.7149388336661069,0.7283608675993241,,,,,,,,,,,,,,,,,,,,,,,,,,,,,,,,,,,,,,,,,,,,,,,,,,,,,,,,
65.0,0.6920823603868484,0.7184414565563202,65.0,0.7080818916823294,0.7253850442864229,,,,,,,,,,,,,,,,,,,,,,,,,,,,,,,,,,,,,,,,,,,,,,,,,,,,,,,,
66.0,0.6866170912981033,0.7095824331045151,66.0,0.7016424515670616,0.7206442609318506,,,,,,,,,,,,,,,,,,,,,,,,,,,,,,,,,,,,,,,,,,,,,,,,,,,,,,,,
67.0,0.6787298023700714,0.7037463188171387,67.0,0.6947686568079645,0.715574878297437,,,,,,,,,,,,,,,,,,,,,,,,,,,,,,,,,,,,,,,,,,,,,,,,,,,,,,,,
68.0,0.6849374175071716,0.7034951001405716,68.0,0.6918192850177267,0.7119509448503774,,,,,,,,,,,,,,,,,,,,,,,,,,,,,,,,,,,,,,,,,,,,,,,,,,,,,,,,
69.0,0.6760352998971939,0.698588952422142,69.0,0.6870840894815669,0.7079423471219067,,,,,,,,,,,,,,,,,,,,,,,,,,,,,,,,,,,,,,,,,,,,,,,,,,,,,,,,
70.0,0.6755203902721405,0.7035514116287231,70.0,0.683614979718739,0.7066250664739516,,,,,,,,,,,,,,,,,,,,,,,,,,,,,,,,,,,,,,,,,,,,,,,,,,,,,,,,
71.0,0.6626710742712021,0.6939472407102585,71.0,0.6773318080844779,0.7028217187448437,,,,,,,,,,,,,,,,,,,,,,,,,,,,,,,,,,,,,,,,,,,,,,,,,,,,,,,,
72.0,0.6538635194301605,0.688897892832756,72.0,0.6702913214881827,0.6986445709712173,,,,,,,,,,,,,,,,,,,,,,,,,,,,,,,,,,,,,,,,,,,,,,,,,,,,,,,,
73.0,0.6617320775985718,0.6900212317705154,73.0,0.6677235483212994,0.6960575692110068,,,,,,,,,,,,,,,,,,,,,,,,,,,,,,,,,,,,,,,,,,,,,,,,,,,,,,,,
74.0,0.6499363929033279,0.6901832967996597,74.0,0.6623874016959079,0.6942952874876027,,,,,,,,,,,,,,,,,,,,,,,,,,,,,,,,,,,,,,,,,,,,,,,,,,,,,,,,
75.0,0.6515052765607834,0.6829123049974442,75.0,0.6591227641553705,0.6908803927405551,,,,,,,,,,,,,,,,,,,,,,,,,,,,,,,,,,,,,,,,,,,,,,,,,,,,,,,,
76.0,0.638988584280014,0.6779448240995407,76.0,0.6530825101927635,0.6869997221482508,,,,,,,,,,,,,,,,,,,,,,,,,,,,,,,,,,,,,,,,,,,,,,,,,,,,,,,,
77.0,0.640639916062355,0.677757129073143,77.0,0.649349731953641,0.6842269442257185,,,,,,,,,,,,,,,,,,,,,,,,,,,,,,,,,,,,,,,,,,,,,,,,,,,,,,,,
78.0,0.6385609209537506,0.6748806536197662,78.0,0.6461130886536739,0.6814230570439328,,,,,,,,,,,,,,,,,,,,,,,,,,,,,,,,,,,,,,,,,,,,,,,,,,,,,,,,
79.0,0.6352166384458542,0.6725036203861237,79.0,0.642844153591328,0.67874722604659,,,,,,,,,,,,,,,,,,,,,,,,,,,,,,,,,,,,,,,,,,,,,,,,,,,,,,,,
80.0,0.6294520348310471,0.6661042124032974,80.0,0.6388265179632437,0.6749543219536023,,,,,,,,,,,,,,,,,,,,,,,,,,,,,,,,,,,,,,,,,,,,,,,,,,,,,,,,
81.0,0.6311185210943222,0.6649862825870514,81.0,0.6365141189025673,0.671963910143637,,,,,,,,,,,,,,,,,,,,,,,,,,,,,,,,,,,,,,,,,,,,,,,,,,,,,,,,
82.0,0.6230380535125732,0.6569947153329849,82.0,0.6324712992855691,0.6674731517004413,,,,,,,,,,,,,,,,,,,,,,,,,,,,,,,,,,,,,,,,,,,,,,,,,,,,,,,,
83.0,0.6180509924888611,0.6650370508432388,83.0,0.6281452072465566,0.6667423214432806,,,,,,,,,,,,,,,,,,,,,,,,,,,,,,,,,,,,,,,,,,,,,,,,,,,,,,,,
84.0,0.6215334683656693,0.6679326295852661,84.0,0.6261616855822905,0.6670994138858762,,,,,,,,,,,,,,,,,,,,,,,,,,,,,,,,,,,,,,,,,,,,,,,,,,,,,,,,
85.0,0.6241493672132492,0.656157374382019,85.0,0.6255579900715781,0.663816802034719,,,,,,,,,,,,,,,,,,,,,,,,,,,,,,,,,,,,,,,,,,,,,,,,,,,,,,,,
86.0,0.6155930757522583,0.6524775326251984,86.0,0.6225685157757821,0.6604150212118628,,,,,,,,,,,,,,,,,,,,,,,,,,,,,,,,,,,,,,,,,,,,,,,,,,,,,,,,
87.0,0.610652931034565,0.6507531851530075,87.0,0.618993840353417,0.6575164703942062,,,,,,,,,,,,,,,,,,,,,,,,,,,,,,,,,,,,,,,,,,,,,,,,,,,,,,,,
88.0,0.6114049553871155,0.643484354019165,88.0,0.6167171748635265,0.6533068354816939,,,,,,,,,,,,,,,,,,,,,,,,,,,,,,,,,,,,,,,,,,,,,,,,,,,,,,,,
89.0,0.6080053076148033,0.6447644084692001,89.0,0.6141036146889096,0.6507441073779457,,,,,,,,,,,,,,,,,,,,,,,,,,,,,,,,,,,,,,,,,,,,,,,,,,,,,,,,
90.0,0.6048502251505852,0.6453021317720413,90.0,0.6113275978274123,0.6491115146961743,,,,,,,,,,,,,,,,,,,,,,,,,,,,,,,,,,,,,,,,,,,,,,,,,,,,,,,,
91.0,0.6031249016523361,0.6451505124568939,91.0,0.6088667889748894,0.6479232140243902,,,,,,,,,,,,,,,,,,,,,,,,,,,,,,,,,,,,,,,,,,,,,,,,,,,,,,,,
92.0,0.5953977629542351,0.6344673186540604,92.0,0.6048260811686932,0.6438864454132913,,,,,,,,,,,,,,,,,,,,,,,,,,,,,,,,,,,,,,,,,,,,,,,,,,,,,,,,
93.0,0.6023392155766487,0.6341235786676407,93.0,0.6040800214910799,0.6409575853895961,,,,,,,,,,,,,,,,,,,,,,,,,,,,,,,,,,,,,,,,,,,,,,,,,,,,,,,,
94.0,0.5939600393176079,0.6380476802587509,94.0,0.6010440268390382,0.6400846138503425,,,,,,,,,,,,,,,,,,,,,,,,,,,,,,,,,,,,,,,,,,,,,,,,,,,,,,,,
95.0,0.594956710934639,0.6338590681552887,95.0,0.5992178320677185,0.6382169501418264,,,,,,,,,,,,,,,,,,,,,,,,,,,,,,,,,,,,,,,,,,,,,,,,,,,,,,,,
96.0,0.5945425108075142,0.6323641687631607,96.0,0.5978152356896572,0.6364611157282267,,,,,,,,,,,,,,,,,,,,,,,,,,,,,,,,,,,,,,,,,,,,,,,,,,,,,,,,
97.0,0.5915016233921051,0.6277235597372055,97.0,0.5959211520003915,0.6338398489309204,,,,,,,,,,,,,,,,,,,,,,,,,,,,,,,,,,,,,,,,,,,,,,,,,,,,,,,,
98.0,0.5958497226238251,0.6295974999666214,98.0,0.5958997231874217,0.6325671442416307,,,,,,,,,,,,,,,,,,,,,,,,,,,,,,,,,,,,,,,,,,,,,,,,,,,,,,,,
99.0,0.5854670628905296,0.6278609186410904,99.0,0.592769925098354,0.6311552765614686,,,,,,,,,,,,,,,,,,,,,,,,,,,,,,,,,,,,,,,,,,,,,,,,,,,,,,,,
100.0,0.5800287798047066,0.6217415779829025,100.0,0.5889475815102598,0.6283311669878988,,,,,,,,,,,,,,,,,,,,,,,,,,,,,,,,,,,,,,,,,,,,,,,,,,,,,,,,
101.0,0.5811029896140099,0.6179791986942291,101.0,0.5865942039413848,0.6252255764997978,,,,,,,,,,,,,,,,,,,,,,,,,,,,,,,,,,,,,,,,,,,,,,,,,,,,,,,,
102.0,0.5757486671209335,0.6295196413993835,102.0,0.5833405428952494,0.6265137959696736,,,,,,,,,,,,,,,,,,,,,,,,,,,,,,,,,,,,,,,,,,,,,,,,,,,,,,,,
103.0,0.578814759850502,0.6257157623767853,103.0,0.5819828079818252,0.6262743858918071,,,,,,,,,,,,,,,,,,,,,,,,,,,,,,,,,,,,,,,,,,,,,,,,,,,,,,,,
104.0,0.5795802399516106,0.6216979622840881,104.0,0.5812620375727608,0.6249014588094913,,,,,,,,,,,,,,,,,,,,,,,,,,,,,,,,,,,,,,,,,,,,,,,,,,,,,,,,
105.0,0.5699809119105339,0.6153128147125244,105.0,0.5778776998740928,0.6220248655804013,,,,,,,,,,,,,,,,,,,,,,,,,,,,,,,,,,,,,,,,,,,,,,,,,,,,,,,,
106.0,0.5674121230840683,0.6170569211244583,106.0,0.5747380268370854,0.6205344822436184,,,,,,,,,,,,,,,,,,,,,,,,,,,,,,,,,,,,,,,,,,,,,,,,,,,,,,,,
107.0,0.5643813088536263,0.6103401929140091,107.0,0.5716310114420476,0.6174761954447356,,,,,,,,,,,,,,,,,,,,,,,,,,,,,,,,,,,,,,,,,,,,,,,,,,,,,,,,
108.0,0.5639637261629105,0.610567033290863,108.0,0.5693308258583065,0.6154034467985738,,,,,,,,,,,,,,,,,,,,,,,,,,,,,,,,,,,,,,,,,,,,,,,,,,,,,,,,
109.0,0.564521037042141,0.605152890086174,109.0,0.5678878892134569,0.6123282797848539,,,,,,,,,,,,,,,,,,,,,,,,,,,,,,,,,,,,,,,,,,,,,,,,,,,,,,,,
110.0,0.5622704401612282,0.6110650151968002,110.0,0.5662026544977883,0.6119493004084379,,,,,,,,,,,,,,,,,,,,,,,,,,,,,,,,,,,,,,,,,,,,,,,,,,,,,,,,
111.0,0.5581004321575165,0.6069289296865463,111.0,0.5637719877957068,0.6104431891918705,,,,,,,,,,,,,,,,,,,,,,,,,,,,,,,,,,,,,,,,,,,,,,,,,,,,,,,,
112.0,0.5571502819657326,0.6030473858118057,112.0,0.5617854760467146,0.608224448177851,,,,,,,,,,,,,,,,,,,,,,,,,,,,,,,,,,,,,,,,,,,,,,,,,,,,,,,,
113.0,0.5547584816813469,0.6059568822383881,113.0,0.5596773777371042,0.6075441783960122,,,,,,,,,,,,,,,,,,,,,,,,,,,,,,,,,,,,,,,,,,,,,,,,,,,,,,,,
114.0,0.5560526251792908,0.6018204540014267,114.0,0.5585899519697602,0.6058270610776365,,,,,,,,,,,,,,,,,,,,,,,,,,,,,,,,,,,,,,,,,,,,,,,,,,,,,,,,
115.0,0.5558543503284454,0.5958094149827957,115.0,0.5577692714773658,0.6028217672491842,,,,,,,,,,,,,,,,,,,,,,,,,,,,,,,,,,,,,,,,,,,,,,,,,,,,,,,,
116.0,0.5578888207674026,0.5973933041095734,116.0,0.5578051362643769,0.601193228307301,,,,,,,,,,,,,,,,,,,,,,,,,,,,,,,,,,,,,,,,,,,,,,,,,,,,,,,,
117.0,0.548913799226284,0.5901746302843094,117.0,0.5551377351529491,0.5978876489004036,,,,,,,,,,,,,,,,,,,,,,,,,,,,,,,,,,,,,,,,,,,,,,,,,,,,,,,,
118.0,0.5540448799729347,0.5940597206354141,118.0,0.5548098785989448,0.5967392704209067,,,,,,,,,,,,,,,,,,,,,,,,,,,,,,,,,,,,,,,,,,,,,,,,,,,,,,,,
119.0,0.5519372597336769,0.5922717452049255,119.0,0.5539480929393644,0.5953990128561123,,,,,,,,,,,,,,,,,,,,,,,,,,,,,,,,,,,,,,,,,,,,,,,,,,,,,,,,
120.0,0.5573929399251938,0.5977631509304047,120.0,0.5549815470351132,0.5961082542784,,,,,,,,,,,,,,,,,,,,,,,,,,,,,,,,,,,,,,,,,,,,,,,,,,,,,,,,
121.0,0.5512506142258644,0.5913973301649094,121.0,0.5538622671923386,0.5946949770443528,,,,,,,,,,,,,,,,,,,,,,,,,,,,,,,,,,,,,,,,,,,,,,,,,,,,,,,,
122.0,0.5466630756855011,0.5843499302864075,122.0,0.5517025097402873,0.5915914630169692,,,,,,,,,,,,,,,,,,,,,,,,,,,,,,,,,,,,,,,,,,,,,,,,,,,,,,,,
123.0,0.5427451357245445,0.5834905952215195,123.0,0.5490152975355644,0.5891612026783343,,,,,,,,,,,,,,,,,,,,,,,,,,,,,,,,,,,,,,,,,,,,,,,,,,,,,,,,
124.0,0.5426988005638123,0.5852054953575134,124.0,0.5471203484440388,0.587974490482088,,,,,,,,,,,,,,,,,,,,,,,,,,,,,,,,,,,,,,,,,,,,,,,,,,,,,,,,
125.0,0.5427965596318245,0.5822181701660156,125.0,0.5458232118003745,0.5862475943872664,,,,,,,,,,,,,,,,,,,,,,,,,,,,,,,,,,,,,,,,,,,,,,,,,,,,,,,,
126.0,0.5392978638410568,0.586948499083519,126.0,0.5438656074125792,0.5864578657961421,,,,,,,,,,,,,,,,,,,,,,,,,,,,,,,,,,,,,,,,,,,,,,,,,,,,,,,,
127.0,0.5415217280387878,0.5814803838729858,127.0,0.5431624436004419,0.5849646212191952,,,,,,,,,,,,,,,,,,,,,,,,,,,,,,,,,,,,,,,,,,,,,,,,,,,,,,,,
128.0,0.5409407168626785,0.5757649838924408,128.0,0.5424959255791129,0.5822047300211689,,,,,,,,,,,,,,,,,,,,,,,,,,,,,,,,,,,,,,,,,,,,,,,,,,,,,,,,
129.0,0.5435868054628372,0.5746392905712128,129.0,0.5428231895442301,0.579935098186182,,,,,,,,,,,,,,,,,,,,,,,,,,,,,,,,,,,,,,,,,,,,,,,,,,,,,,,,
130.0,0.545306459069252,0.5780361443758011,130.0,0.5435681704017368,0.5793654120430678,,,,,,,,,,,,,,,,,,,,,,,,,,,,,,,,,,,,,,,,,,,,,,,,,,,,,,,,
131.0,0.5378687083721161,0.5837369412183762,131.0,0.5418583317928506,0.5806768707956603,,,,,,,,,,,,,,,,,,,,,,,,,,,,,,,,,,,,,,,,,,,,,,,,,,,,,,,,
132.0,0.5418697372078896,0.5708688795566559,132.0,0.5418617534173623,0.577734473423959,,,,,,,,,,,,,,,,,,,,,,,,,,,,,,,,,,,,,,,,,,,,,,,,,,,,,,,,
133.0,0.5370747968554497,0.5713017731904984,133.0,0.5404256664487885,0.5758046633539209,,,,,,,,,,,,,,,,,,,,,,,,,,,,,,,,,,,,,,,,,,,,,,,,,,,,,,,,
134.0,0.5362284332513809,0.5777357220649719,134.0,0.5391664964895662,0.5763839809672362,,,,,,,,,,,,,,,,,,,,,,,,,,,,,,,,,,,,,,,,,,,,,,,,,,,,,,,,
135.0,0.5377282574772835,0.5843919962644577,135.0,0.5387350247858813,0.5787863855564026,,,,,,,,,,,,,,,,,,,,,,,,,,,,,,,,,,,,,,,,,,,,,,,,,,,,,,,,
136.0,0.5360985845327377,0.581743061542511,136.0,0.5379440927099383,0.5796733883522351,,,,,,,,,,,,,,,,,,,,,,,,,,,,,,,,,,,,,,,,,,,,,,,,,,,,,,,,
137.0,0.5295725911855698,0.5638705343008041,137.0,0.5354326422526278,0.5749325321368058,,,,,,,,,,,,,,,,,,,,,,,,,,,,,,,,,,,,,,,,,,,,,,,,,,,,,,,,
138.0,0.5300286710262299,0.5741208642721176,138.0,0.5338114508847084,0.5746890317773994,,,,,,,,,,,,,,,,,,,,,,,,,,,,,,,,,,,,,,,,,,,,,,,,,,,,,,,,
139.0,0.5360533371567726,0.5656867474317551,139.0,0.5344840167663276,0.5719883464737061,,,,,,,,,,,,,,,,,,,,,,,,,,,,,,,,,,,,,,,,,,,,,,,,,,,,,,,,
140.0,0.537815198302269,0.5671146363019943,140.0,0.5354833712271101,0.5705262334221926,,,,,,,,,,,,,,,,,,,,,,,,,,,,,,,,,,,,,,,,,,,,,,,,,,,,,,,,
141.0,0.5235130116343498,0.5685323253273964,141.0,0.531892263349282,0.5699280609937537,,,,,,,,,,,,,,,,,,,,,,,,,,,,,,,,,,,,,,,,,,,,,,,,,,,,,,,,
142.0,0.5255506187677383,0.571094237267971,142.0,0.5299897699748188,0.5702779138760189,,,,,,,,,,,,,,,,,,,,,,,,,,,,,,,,,,,,,,,,,,,,,,,,,,,,,,,,
143.0,0.5291041433811188,0.5650145560503006,143.0,0.5297240819967088,0.5686989065283035,,,,,,,,,,,,,,,,,,,,,,,,,,,,,,,,,,,,,,,,,,,,,,,,,,,,,,,,
144.0,0.5307550802826881,0.5636183619499207,144.0,0.5300333814825027,0.5671747431547887,,,,,,,,,,,,,,,,,,,,,,,,,,,,,,,,,,,,,,,,,,,,,,,,,,,,,,,,
145.0,0.533662922680378,0.5586339086294174,145.0,0.5311222438418652,0.5646124927971773,,,,,,,,,,,,,,,,,,,,,,,,,,,,,,,,,,,,,,,,,,,,,,,,,,,,,,,,
146.0,0.522912472486496,0.5599978193640709,146.0,0.5286593124352544,0.5632280907672453,,,,,,,,,,,,,,,,,,,,,,,,,,,,,,,,,,,,,,,,,,,,,,,,,,,,,,,,
147.0,0.5265286862850189,0.5603947415947914,147.0,0.5280201245901838,0.5623780860155092,,,,,,,,,,,,,,,,,,,,,,,,,,,,,,,,,,,,,,,,,,,,,,,,,,,,,,,,
148.0,0.5359854698181152,0.5651010721921921,148.0,0.5304097281585631,0.5631949818685141,,,,,,,,,,,,,,,,,,,,,,,,,,,,,,,,,,,,,,,,,,,,,,,,,,,,,,,,
149.0,0.5223463252186775,0.5647865831851959,149.0,0.5279907072765975,0.5636724622635186,,,,,,,,,,,,,,,,,,,,,,,,,,,,,,,,,,,,,,,,,,,,,,,,,,,,,,,,
150.0,0.5181740671396255,0.5536807104945183,150.0,0.5250457152355059,0.5606749367328185,,,,,,,,,,,,,,,,,,,,,,,,,,,,,,,,,,,,,,,,,,,,,,,,,,,,,,,,
151.0,0.5222675874829292,0.5589502602815628,151.0,0.5242122769097329,0.5601575337974418,,,,,,,,,,,,,,,,,,,,,,,,,,,,,,,,,,,,,,,,,,,,,,,,,,,,,,,,
152.0,0.5149777010083199,0.5492974445223808,152.0,0.521441904139309,0.5568995070149235,,,,,,,,,,,,,,,,,,,,,,,,,,,,,,,,,,,,,,,,,,,,,,,,,,,,,,,,
153.0,0.5223483592271805,0.5671248883008957,153.0,0.5217138406656705,0.5599671214007151,,,,,,,,,,,,,,,,,,,,,,,,,,,,,,,,,,,,,,,,,,,,,,,,,,,,,,,,
154.0,0.5225044414401054,0.5533909797668457,154.0,0.5219510208980009,0.5579942789105543,,,,,,,,,,,,,,,,,,,,,,,,,,,,,,,,,,,,,,,,,,,,,,,,,,,,,,,,
155.0,0.5201956853270531,0.5502895042300224,155.0,0.5214244202267165,0.5556828465063948,,,,,,,,,,,,,,,,,,,,,,,,,,,,,,,,,,,,,,,,,,,,,,,,,,,,,,,,
156.0,0.5131513625383377,0.5496769770979881,156.0,0.5189425029202029,0.5538810856838727,,,,,,,,,,,,,,,,,,,,,,,,,,,,,,,,,,,,,,,,,,,,,,,,,,,,,,,,
157.0,0.5140817910432816,0.5582979246973991,157.0,0.5174842893571265,0.5552061373879307,,,,,,,,,,,,,,,,,,,,,,,,,,,,,,,,,,,,,,,,,,,,,,,,,,,,,,,,
158.0,0.5141799226403236,0.5507314279675484,158.0,0.5164929793420856,0.553863724561816,,,,,,,,,,,,,,,,,,,,,,,,,,,,,,,,,,,,,,,,,,,,,,,,,,,,,,,,
159.0,0.5165905207395554,0.5448725149035454,159.0,0.5165222417613266,0.5511663616643347,,,,,,,,,,,,,,,,,,,,,,,,,,,,,,,,,,,,,,,,,,,,,,,,,,,,,,,,
160.0,0.5121198892593384,0.547505147755146,160.0,0.51520153601073,0.5500679974915781,,,,,,,,,,,,,,,,,,,,,,,,,,,,,,,,,,,,,,,,,,,,,,,,,,,,,,,,
161.0,0.5119360461831093,0.5543942227959633,161.0,0.5142218890624438,0.5513658650828936,,,,,,,,,,,,,,,,,,,,,,,,,,,,,,,,,,,,,,,,,,,,,,,,,,,,,,,,
162.0,0.5207303017377853,0.5420457497239113,162.0,0.5161744128650463,0.5485698304751989,,,,,,,,,,,,,,,,,,,,,,,,,,,,,,,,,,,,,,,,,,,,,,,,,,,,,,,,
163.0,0.5065306723117828,0.543660968542099,163.0,0.5132812906990672,0.547097171895269,,,,,,,,,,,,,,,,,,,,,,,,,,,,,,,,,,,,,,,,,,,,,,,,,,,,,,,,
164.0,0.5086172819137573,0.5460795238614082,164.0,0.5118820880634742,0.5467918774851107,,,,,,,,,,,,,,,,,,,,,,,,,,,,,,,,,,,,,,,,,,,,,,,,,,,,,,,,
165.0,0.5099232271313667,0.5507448464632034,165.0,0.511294429783842,0.5479777681785385,,,,,,,,,,,,,,,,,,,,,,,,,,,,,,,,,,,,,,,,,,,,,,,,,,,,,,,,
166.0,0.5082830339670181,0.5364945530891418,166.0,0.5103910110387948,0.5445328036517195,,,,,,,,,,,,,,,,,,,,,,,,,,,,,,,,,,,,,,,,,,,,,,,,,,,,,,,,
167.0,0.5196736007928848,0.5496718510985374,167.0,0.5131757879650218,0.5460745178857649,,,,,,,,,,,,,,,,,,,,,,,,,,,,,,,,,,,,,,,,,,,,,,,,,,,,,,,,
168.0,0.517805740237236,0.5413774326443672,168.0,0.5145647736466861,0.5446653923133455,,,,,,,,,,,,,,,,,,,,,,,,,,,,,,,,,,,,,,,,,,,,,,,,,,,,,,,,
169.0,0.505015954375267,0.5462855398654938,169.0,0.5117001278652604,0.54515143657899,,,,,,,,,,,,,,,,,,,,,,,,,,,,,,,,,,,,,,,,,,,,,,,,,,,,,,,,
170.0,0.5064262375235558,0.5397016927599907,170.0,0.5101179607627491,0.5435165134332902,,,,,,,,,,,,,,,,,,,,,,,,,,,,,,,,,,,,,,,,,,,,,,,,,,,,,,,,
171.0,0.515743687748909,0.5494662821292877,171.0,0.5118056788585971,0.5453014440420895,,,,,,,,,,,,,,,,,,,,,,,,,,,,,,,,,,,,,,,,,,,,,,,,,,,,,,,,
172.0,0.5091246590018272,0.540058895945549,172.0,0.5110013729015661,0.5437286796131273,,,,,,,,,,,,,,,,,,,,,,,,,,,,,,,,,,,,,,,,,,,,,,,,,,,,,,,,
173.0,0.5043677911162376,0.5367286056280136,173.0,0.5090112983659676,0.5416286574175933,,,,,,,,,,,,,,,,,,,,,,,,,,,,,,,,,,,,,,,,,,,,,,,,,,,,,,,,
174.0,0.5237391665577888,0.5397949889302254,174.0,0.513429658823514,0.541078556871383,,,,,,,,,,,,,,,,,,,,,,,,,,,,,,,,,,,,,,,,,,,,,,,,,,,,,,,,
175.0,0.5128376707434654,0.5288711115717888,175.0,0.5132520623994994,0.5374163232815047,,,,,,,,,,,,,,,,,,,,,,,,,,,,,,,,,,,,,,,,,,,,,,,,,,,,,,,,
176.0,0.5108695775270462,0.5388063564896584,176.0,0.5125373169377634,0.5378333332439508,,,,,,,,,,,,,,,,,,,,,,,,,,,,,,,,,,,,,,,,,,,,,,,,,,,,,,,,
177.0,0.5043309405446053,0.5395509675145149,177.0,0.510075404019816,0.53834862352512,,,,,,,,,,,,,,,,,,,,,,,,,,,,,,,,,,,,,,,,,,,,,,,,,,,,,,,,
178.0,0.5061512812972069,0.5256780087947845,178.0,0.5088981672030333,0.5345474391060194,,,,,,,,,,,,,,,,,,,,,,,,,,,,,,,,,,,,,,,,,,,,,,,,,,,,,,,,
179.0,0.5052298307418823,0.5272514596581459,179.0,0.507797666264688,0.5323586452716573,,,,,,,,,,,,,,,,,,,,,,,,,,,,,,,,,,,,,,,,,,,,,,,,,,,,,,,,
180.0,0.5074372962117195,0.5287802144885063,180.0,0.5076895552487974,0.531285116036712,,,,,,,,,,,,,,,,,,,,,,,,,,,,,,,,,,,,,,,,,,,,,,,,,,,,,,,,
181.0,0.5018837675452232,0.5229393988847733,181.0,0.5059478189377251,0.5287814008911303,,,,,,,,,,,,,,,,,,,,,,,,,,,,,,,,,,,,,,,,,,,,,,,,,,,,,,,,
182.0,0.5051020681858063,0.5319695323705673,182.0,0.5056940937121495,0.5297378403349614,,,,,,,,,,,,,,,,,,,,,,,,,,,,,,,,,,,,,,,,,,,,,,,,,,,,,,,,
183.0,0.507969081401825,0.5238882899284363,183.0,0.5063765900190521,0.5279829752130039,,,,,,,,,,,,,,,,,,,,,,,,,,,,,,,,,,,,,,,,,,,,,,,,,,,,,,,,
184.0,0.5031814351677895,0.5203652679920197,184.0,0.5054180435636733,0.5256976630467086,,,,,,,,,,,,,,,,,,,,,,,,,,,,,,,,,,,,,,,,,,,,,,,,,,,,,,,,
185.0,0.5063445270061493,0.535216860473156,185.0,0.5056959885964161,0.5285534222746429,,,,,,,,,,,,,,,,,,,,,,,,,,,,,,,,,,,,,,,,,,,,,,,,,,,,,,,,
186.0,0.5026880949735641,0.5247053429484367,186.0,0.5047936205095604,0.5273989984767811,,,,,,,,,,,,,,,,,,,,,,,,,,,,,,,,,,,,,,,,,,,,,,,,,,,,,,,,
187.0,0.5032016858458519,0.5219588875770569,187.0,0.5043160401104478,0.5257669652068638,,,,,,,,,,,,,,,,,,,,,,,,,,,,,,,,,,,,,,,,,,,,,,,,,,,,,,,,
188.0,0.5063278526067734,0.5221558660268784,188.0,0.5049195838593454,0.5246836354528681,,,,,,,,,,,,,,,,,,,,,,,,,,,,,,,,,,,,,,,,,,,,,,,,,,,,,,,,
189.0,0.49721433222293854,0.5244337394833565,189.0,0.5026080083684233,0.5246086666620147,,,,,,,,,,,,,,,,,,,,,,,,,,,,,,,,,,,,,,,,,,,,,,,,,,,,,,,,
190.0,0.49713367968797684,0.5213514789938927,190.0,0.5009657097642893,0.5236315103615781,,,,,,,,,,,,,,,,,,,,,,,,,,,,,,,,,,,,,,,,,,,,,,,,,,,,,,,,
191.0,0.5046178698539734,0.5205212906002998,191.0,0.5020613577911945,0.5226984444331946,,,,,,,,,,,,,,,,,,,,,,,,,,,,,,,,,,,,,,,,,,,,,,,,,,,,,,,,
192.0,0.5081023648381233,0.5112126097083092,192.0,0.5038736599052732,0.5192526940157289,,,,,,,,,,,,,,,,,,,,,,,,,,,,,,,,,,,,,,,,,,,,,,,,,,,,,,,,
193.0,0.4960224777460098,0.5151937827467918,193.0,0.5015183052574942,0.5180350206350478,,,,,,,,,,,,,,,,,,,,,,,,,,,,,,,,,,,,,,,,,,,,,,,,,,,,,,,,
194.0,0.49617116153240204,0.5198599398136139,194.0,0.49991416213996653,0.5185824963886176,,,,,,,,,,,,,,,,,,,,,,,,,,,,,,,,,,,,,,,,,,,,,,,,,,,,,,,,
195.0,0.4988786652684212,0.5288600102066994,195.0,0.4996035130785029,0.5216657505340422,,,,,,,,,,,,,,,,,,,,,,,,,,,,,,,,,,,,,,,,,,,,,,,,,,,,,,,,
196.0,0.4936019480228424,0.5177032351493835,196.0,0.49780304356180477,0.5204769959186446,,,,,,,,,,,,,,,,,,,,,,,,,,,,,,,,,,,,,,,,,,,,,,,,,,,,,,,,
197.0,0.49379250407218933,0.5185534134507179,197.0,0.4965998817149201,0.5198999211782667,,,,,,,,,,,,,,,,,,,,,,,,,,,,,,,,,,,,,,,,,,,,,,,,,,,,,,,,
198.0,0.5032637789845467,0.5124474465847015,198.0,0.4985990508958081,0.5176641788001971,,,,,,,,,,,,,,,,,,,,,,,,,,,,,,,,,,,,,,,,,,,,,,,,,,,,,,,,
199.0,0.5099713578820229,0.5140344798564911,199.0,0.5020107429916725,0.5165752691170853,,,,,,,,,,,,,,,,,,,,,,,,,,,,,,,,,,,,,,,,,,,,,,,,,,,,,,,,
200.0,0.49407029896974564,0.5147659555077553,200.0,0.4996286097850944,0.5160324750342863,,,,,,,,,,,,,,,,,,,,,,,,,,,,,,,,,,,,,,,,,,,,,,,,,,,,,,,,
201.0,0.5044285356998444,0.5125251263380051,201.0,0.5010685875595193,0.514980270425402,,,,,,,,,,,,,,,,,,,,,,,,,,,,,,,,,,,,,,,,,,,,,,,,,,,,,,,,
202.0,0.4991580545902252,0.504847802221775,202.0,0.5004954276687311,0.5119405299643139,,,,,,,,,,,,,,,,,,,,,,,,,,,,,,,,,,,,,,,,,,,,,,,,,,,,,,,,
203.0,0.4941464141011238,0.5158575177192688,203.0,0.4985907235984489,0.5131156262908003,,,,,,,,,,,,,,,,,,,,,,,,,,,,,,,,,,,,,,,,,,,,,,,,,,,,,,,,
204.0,0.4934176355600357,0.5125010758638382,204.0,0.49703879718692495,0.5129312611627117,,,,,,,,,,,,,,,,,,,,,,,,,,,,,,,,,,,,,,,,,,,,,,,,,,,,,,,,
205.0,0.49302686005830765,0.5092821046710014,205.0,0.4958352160483398,0.5118365142151986,,,,,,,,,,,,,,,,,,,,,,,,,,,,,,,,,,,,,,,,,,,,,,,,,,,,,,,,
206.0,0.49679744243621826,0.5073262304067612,206.0,0.49612388396470336,0.5104834290726674,,,,,,,,,,,,,,,,,,,,,,,,,,,,,,,,,,,,,,,,,,,,,,,,,,,,,,,,
207.0,0.49254675954580307,0.5120083764195442,207.0,0.49505074663903326,0.5109409132767304,,,,,,,,,,,,,,,,,,,,,,,,,,,,,,,,,,,,,,,,,,,,,,,,,,,,,,,,
208.0,0.49290096014738083,0.508086808025837,208.0,0.4944058106915375,0.5100846817014624,,,,,,,,,,,,,,,,,,,,,,,,,,,,,,,,,,,,,,,,,,,,,,,,,,,,,,,,
209.0,0.4943945184350014,0.5093186423182487,209.0,0.49440242301457665,0.5098548698864983,,,,,,,,,,,,,,,,,,,,,,,,,,,,,,,,,,,,,,,,,,,,,,,,,,,,,,,,
210.0,0.4888138845562935,0.5018477141857147,210.0,0.4927258614770917,0.5074527231762632,,,,,,,,,,,,,,,,,,,,,,,,,,,,,,,,,,,,,,,,,,,,,,,,,,,,,,,,
211.0,0.49858954548835754,0.5174953788518906,211.0,0.4944849666804715,0.5104655198789514,,,,,,,,,,,,,,,,,,,,,,,,,,,,,,,,,,,,,,,,,,,,,,,,,,,,,,,,
212.0,0.4879586398601532,0.505427286028862,212.0,0.492527068634376,0.5089540497239246,,,,,,,,,,,,,,,,,,,,,,,,,,,,,,,,,,,,,,,,,,,,,,,,,,,,,,,,
213.0,0.502048596739769,0.5055660232901573,213.0,0.49538352706599387,0.5079376417937944,,,,,,,,,,,,,,,,,,,,,,,,,,,,,,,,,,,,,,,,,,,,,,,,,,,,,,,,
214.0,0.49804333597421646,0.5034943446516991,214.0,0.49618146973846067,0.5066046526511658,,,,,,,,,,,,,,,,,,,,,,,,,,,,,,,,,,,,,,,,,,,,,,,,,,,,,,,,
215.0,0.49776531010866165,0.5074866935610771,215.0,0.496656621849521,0.5068692649241393,,,,,,,,,,,,,,,,,,,,,,,,,,,,,,,,,,,,,,,,,,,,,,,,,,,,,,,,
216.0,0.49282779544591904,0.5024917423725128,216.0,0.49550797392844037,0.5055560081586513,,,,,,,,,,,,,,,,,,,,,,,,,,,,,,,,,,,,,,,,,,,,,,,,,,,,,,,,
217.0,0.48429761081933975,0.5006817877292633,217.0,0.4921448649957102,0.5040937420298349,,,,,,,,,,,,,,,,,,,,,,,,,,,,,,,,,,,,,,,,,,,,,,,,,,,,,,,,
218.0,0.49172888696193695,0.49526719003915787,218.0,0.4920200715855782,0.5014457764326318,,,,,,,,,,,,,,,,,,,,,,,,,,,,,,,,,,,,,,,,,,,,,,,,,,,,,,,,
219.0,0.48574358224868774,0.5033553838729858,219.0,0.4901371247845111,0.5020186586647379,,,,,,,,,,,,,,,,,,,,,,,,,,,,,,,,,,,,,,,,,,,,,,,,,,,,,,,,
220.0,0.48504070192575455,0.5017806515097618,220.0,0.48860819792688415,0.5019472565182451,,,,,,,,,,,,,,,,,,,,,,,,,,,,,,,,,,,,,,,,,,,,,,,,,,,,,,,,
221.0,0.48581264168024063,0.4913526326417923,221.0,0.4877695310528911,0.4987688693553093,,,,,,,,,,,,,,,,,,,,,,,,,,,,,,,,,,,,,,,,,,,,,,,,,,,,,,,,
222.0,0.4864705801010132,0.505645364522934,222.0,0.48737984576732774,0.5008318179055966,,,,,,,,,,,,,,,,,,,,,,,,,,,,,,,,,,,,,,,,,,,,,,,,,,,,,,,,
223.0,0.5093424767255783,0.49832993745803833,223.0,0.49396863505480293,0.5000812537713291,,,,,,,,,,,,,,,,,,,,,,,,,,,,,,,,,,,,,,,,,,,,,,,,,,,,,,,,
224.0,0.4865783080458641,0.4969382807612419,224.0,0.49175153695212126,0.4991383618683029,,,,,,,,,,,,,,,,,,,,,,,,,,,,,,,,,,,,,,,,,,,,,,,,,,,,,,,,
225.0,0.49818968027830124,0.4964999333024025,225.0,0.49368297994997523,0.4983468332985328,,,,,,,,,,,,,,,,,,,,,,,,,,,,,,,,,,,,,,,,,,,,,,,,,,,,,,,,
226.0,0.4948897659778595,0.5059147998690605,226.0,0.4940450157583405,0.5006172232696912,,,,,,,,,,,,,,,,,,,,,,,,,,,,,,,,,,,,,,,,,,,,,,,,,,,,,,,,
227.0,0.4921378791332245,0.49142874777317047,227.0,0.4934728747708057,0.49786068062073496,,,,,,,,,,,,,,,,,,,,,,,,,,,,,,,,,,,,,,,,,,,,,,,,,,,,,,,,
228.0,0.48833873122930527,0.49082673341035843,228.0,0.49193263170835555,0.495750496457622,,,,,,,,,,,,,,,,,,,,,,,,,,,,,,,,,,,,,,,,,,,,,,,,,,,,,,,,
229.0,0.49754372239112854,0.49869558960199356,229.0,0.49361595891318744,0.49663402440093346,,,,,,,,,,,,,,,,,,,,,,,,,,,,,,,,,,,,,,,,,,,,,,,,,,,,,,,,
230.0,0.4870672971010208,0.4988011568784714,230.0,0.49165136036953744,0.49728416414419485,,,,,,,,,,,,,,,,,,,,,,,,,,,,,,,,,,,,,,,,,,,,,,,,,,,,,,,,
231.0,0.4937046393752098,0.49232007563114166,231.0,0.4922673440712392,0.4957949375902789,,,,,,,,,,,,,,,,,,,,,,,,,,,,,,,,,,,,,,,,,,,,,,,,,,,,,,,,
232.0,0.4818028658628464,0.49054787307977676,232.0,0.48912800060872136,0.49422081823712827,,,,,,,,,,,,,,,,,,,,,,,,,,,,,,,,,,,,,,,,,,,,,,,,,,,,,,,,
233.0,0.4895627498626709,0.4921861067414284,233.0,0.48925842538490627,0.49361040478841833,,,,,,,,,,,,,,,,,,,,,,,,,,,,,,,,,,,,,,,,,,,,,,,,,,,,,,,,
234.0,0.49432472884655,0.49470674246549606,234.0,0.49077831642339936,0.4939393060915417,,,,,,,,,,,,,,,,,,,,,,,,,,,,,,,,,,,,,,,,,,,,,,,,,,,,,,,,
235.0,0.48468156158924103,0.4872702658176422,235.0,0.4889492899731519,0.4919385940093718,,,,,,,,,,,,,,,,,,,,,,,,,,,,,,,,,,,,,,,,,,,,,,,,,,,,,,,,
236.0,0.4818090870976448,0.4900006353855133,236.0,0.4868072291104998,0.49135720642221425,,,,,,,,,,,,,,,,,,,,,,,,,,,,,,,,,,,,,,,,,,,,,,,,,,,,,,,,
237.0,0.49112264066934586,0.49355123192071915,237.0,0.48810185257815364,0.49201541407176574,,,,,,,,,,,,,,,,,,,,,,,,,,,,,,,,,,,,,,,,,,,,,,,,,,,,,,,,
238.0,0.4868166148662567,0.48740626871585846,238.0,0.48771628126458455,0.49063267046499354,,,,,,,,,,,,,,,,,,,,,,,,,,,,,,,,,,,,,,,,,,,,,,,,,,,,,,,,
239.0,0.48848237842321396,0.4818124696612358,239.0,0.4879461104121734,0.48798661022386625,,,,,,,,,,,,,,,,,,,,,,,,,,,,,,,,,,,,,,,,,,,,,,,,,,,,,,,,
240.0,0.48630478233098984,0.4884500429034233,240.0,0.4874537119878183,0.4881256400277334,,,,,,,,,,,,,,,,,,,,,,,,,,,,,,,,,,,,,,,,,,,,,,,,,,,,,,,,
241.0,0.48834228515625,0.48477303236722946,241.0,0.48772028393834777,0.4871198577295822,,,,,,,,,,,,,,,,,,,,,,,,,,,,,,,,,,,,,,,,,,,,,,,,,,,,,,,,
242.0,0.4801821783185005,0.4852861016988754,242.0,0.4854588522523936,0.48656973092037015,,,,,,,,,,,,,,,,,,,,,,,,,,,,,,,,,,,,,,,,,,,,,,,,,,,,,,,,
243.0,0.48531879484653473,0.4823046699166298,243.0,0.48541683503063593,0.48529021261924804,,,,,,,,,,,,,,,,,,,,,,,,,,,,,,,,,,,,,,,,,,,,,,,,,,,,,,,,
244.0,0.4865265414118767,0.4855971410870552,244.0,0.48574974694500817,0.4853822911595902,,,,,,,,,,,,,,,,,,,,,,,,,,,,,,,,,,,,,,,,,,,,,,,,,,,,,,,,
245.0,0.4883040636777878,0.4855063036084175,245.0,0.48651604196484205,0.4854194948942384,,,,,,,,,,,,,,,,,,,,,,,,,,,,,,,,,,,,,,,,,,,,,,,,,,,,,,,,
246.0,0.47948499768972397,0.47648216784000397,246.0,0.4844067286823066,0.4827382967779681,,,,,,,,,,,,,,,,,,,,,,,,,,,,,,,,,,,,,,,,,,,,,,,,,,,,,,,,
247.0,0.48173823952674866,0.4848162531852722,247.0,0.4836061819356392,0.48336168370015936,,,,,,,,,,,,,,,,,,,,,,,,,,,,,,,,,,,,,,,,,,,,,,,,,,,,,,,,
248.0,0.4943070486187935,0.4769391044974327,248.0,0.4868164419405855,0.48143490993934135,,,,,,,,,,,,,,,,,,,,,,,,,,,,,,,,,,,,,,,,,,,,,,,,,,,,,,,,
249.0,0.48023416846990585,0.48866118490695953,249.0,0.4848417598993816,0.4836027924296268,,,,,,,,,,,,,,,,,,,,,,,,,,,,,,,,,,,,,,,,,,,,,,,,,,,,,,,,
250.0,0.477701835334301,0.47927407920360565,250.0,0.48269978252985746,0.4823041784618204,,,,,,,,,,,,,,,,,,,,,,,,,,,,,,,,,,,,,,,,,,,,,,,,,,,,,,,,
251.0,0.48480068892240524,0.4783753752708435,251.0,0.4833300544476218,0.48112553750452736,,,,,,,,,,,,,,,,,,,,,,,,,,,,,,,,,,,,,,,,,,,,,,,,,,,,,,,,
252.0,0.4845949560403824,0.48158620297908783,252.0,0.48370952492544994,0.4812637371468955,,,,,,,,,,,,,,,,,,,,,,,,,,,,,,,,,,,,,,,,,,,,,,,,,,,,,,,,
253.0,0.4848417639732361,0.484340637922287,253.0,0.48404919663978574,0.4821868073795129,,,,,,,,,,,,,,,,,,,,,,,,,,,,,,,,,,,,,,,,,,,,,,,,,,,,,,,,
254.0,0.48295875638723373,0.48311030864715576,254.0,0.4837220645640201,0.4824638577598057,,,,,,,,,,,,,,,,,,,,,,,,,,,,,,,,,,,,,,,,,,,,,,,,,,,,,,,,
255.0,0.4779624938964844,0.48087894171476364,255.0,0.48199419336375937,0.4819883829462931,,,,,,,,,,,,,,,,,,,,,,,,,,,,,,,,,,,,,,,,,,,,,,,,,,,,,,,,
256.0,0.48909202218055725,0.47661222517490387,256.0,0.4841235420087987,0.48037553561487634,,,,,,,,,,,,,,,,,,,,,,,,,,,,,,,,,,,,,,,,,,,,,,,,,,,,,,,,
257.0,0.4803267940878868,0.4765324965119362,257.0,0.48298451763252515,0.4792226238839943,,,,,,,,,,,,,,,,,,,,,,,,,,,,,,,,,,,,,,,,,,,,,,,,,,,,,,,,
258.0,0.4790300577878952,0.47637464851140976,258.0,0.4817981796791362,0.47836823127221895,,,,,,,,,,,,,,,,,,,,,,,,,,,,,,,,,,,,,,,,,,,,,,,,,,,,,,,,
259.0,0.48866284638643265,0.47780291736125946,259.0,0.4838575796913251,0.47819863709893107,,,,,,,,,,,,,,,,,,,,,,,,,,,,,,,,,,,,,,,,,,,,,,,,,,,,,,,,
260.0,0.4836699813604355,0.4814162477850914,260.0,0.48380130019205825,0.47916392030477917,,,,,,,,,,,,,,,,,,,,,,,,,,,,,,,,,,,,,,,,,,,,,,,,,,,,,,,,
261.0,0.48851706832647324,0.4888055622577667,261.0,0.4852160306323828,0.4820564128906754,,,,,,,,,,,,,,,,,,,,,,,,,,,,,,,,,,,,,,,,,,,,,,,,,,,,,,,,
262.0,0.48463254421949387,0.483375683426857,262.0,0.4850409847085161,0.4824521940515299,,,,,,,,,,,,,,,,,,,,,,,,,,,,,,,,,,,,,,,,,,,,,,,,,,,,,,,,
263.0,0.481512650847435,0.4770495221018791,263.0,0.48398248455019177,0.48083139246663464,,,,,,,,,,,,,,,,,,,,,,,,,,,,,,,,,,,,,,,,,,,,,,,,,,,,,,,,
264.0,0.4810797646641731,0.47734299302101135,264.0,0.48311166858438614,0.47978487263294767,,,,,,,,,,,,,,,,,,,,,,,,,,,,,,,,,,,,,,,,,,,,,,,,,,,,,,,,
265.0,0.48006631433963776,0.4686230421066284,265.0,0.48219806231096163,0.47643632347505194,,,,,,,,,,,,,,,,,,,,,,,,,,,,,,,,,,,,,,,,,,,,,,,,,,,,,,,,
266.0,0.48058974742889404,0.47770772874355316,266.0,0.48171556784634134,0.4768177450556023,,,,,,,,,,,,,,,,,,,,,,,,,,,,,,,,,,,,,,,,,,,,,,,,,,,,,,,,
267.0,0.47884657233953476,0.47085221111774445,267.0,0.4808548691942994,0.47502808487424497,,,,,,,,,,,,,,,,,,,,,,,,,,,,,,,,,,,,,,,,,,,,,,,,,,,,,,,,
268.0,0.47739479690790176,0.47601040452718735,268.0,0.47981684750838005,0.4753227807701277,,,,,,,,,,,,,,,,,,,,,,,,,,,,,,,,,,,,,,,,,,,,,,,,,,,,,,,,
269.0,0.48951832950115204,0.47350574284791946,269.0,0.4827272921062117,0.4747776693934652,,,,,,,,,,,,,,,,,,,,,,,,,,,,,,,,,,,,,,,,,,,,,,,,,,,,,,,,
270.0,0.4910193532705307,0.47376699000597,270.0,0.48521491045550735,0.4744744655772167,,,,,,,,,,,,,,,,,,,,,,,,,,,,,,,,,,,,,,,,,,,,,,,,,,,,,,,,
271.0,0.47484301030635834,0.4705764502286911,271.0,0.48210334041076264,0.473305060972659,,,,,,,,,,,,,,,,,,,,,,,,,,,,,,,,,,,,,,,,,,,,,,,,,,,,,,,,
272.0,0.4864649623632431,0.47661586850881577,272.0,0.48341182699650675,0.474298303233506,,,,,,,,,,,,,,,,,,,,,,,,,,,,,,,,,,,,,,,,,,,,,,,,,,,,,,,,
273.0,0.4780184179544449,0.4702907130122185,273.0,0.4817938042838882,0.47309602616711977,,,,,,,,,,,,,,,,,,,,,,,,,,,,,,,,,,,,,,,,,,,,,,,,,,,,,,,,
274.0,0.48251163214445114,0.4773096740245819,274.0,0.4820091526420571,0.4743601205243584,,,,,,,,,,,,,,,,,,,,,,,,,,,,,,,,,,,,,,,,,,,,,,,,,,,,,,,,
275.0,0.482929490506649,0.47217974066734314,275.0,0.4822852540014347,0.4737060065672538,,,,,,,,,,,,,,,,,,,,,,,,,,,,,,,,,,,,,,,,,,,,,,,,,,,,,,,,
276.0,0.47366225719451904,0.4715571999549866,276.0,0.47969835495936,0.4730613645835737,,,,,,,,,,,,,,,,,,,,,,,,,,,,,,,,,,,,,,,,,,,,,,,,,,,,,,,,
277.0,0.4736664965748787,0.47367633879184723,277.0,0.4778887974440156,0.47324585684605575,,,,,,,,,,,,,,,,,,,,,,,,,,,,,,,,,,,,,,,,,,,,,,,,,,,,,,,,
278.0,0.4810934364795685,0.4765269309282303,278.0,0.47885018915468147,0.4742301790707081,,,,,,,,,,,,,,,,,,,,,,,,,,,,,,,,,,,,,,,,,,,,,,,,,,,,,,,,
279.0,0.4805149585008621,0.4684903100132942,279.0,0.4793496199585357,0.4725082183534839,,,,,,,,,,,,,,,,,,,,,,,,,,,,,,,,,,,,,,,,,,,,,,,,,,,,,,,,
280.0,0.4752470999956131,0.47668464481830597,280.0,0.4781188639696589,0.47376114629293054,,,,,,,,,,,,,,,,,,,,,,,,,,,,,,,,,,,,,,,,,,,,,,,,,,,,,,,,
281.0,0.4767761752009392,0.46298786997795105,281.0,0.477716057339043,0.47052916339843665,,,,,,,,,,,,,,,,,,,,,,,,,,,,,,,,,,,,,,,,,,,,,,,,,,,,,,,,
282.0,0.4839206784963608,0.46643008291721344,282.0,0.47957744368623834,0.4692994392540697,,,,,,,,,,,,,,,,,,,,,,,,,,,,,,,,,,,,,,,,,,,,,,,,,,,,,,,,
283.0,0.4775369316339493,0.46930091828107834,283.0,0.4789652900705516,0.4692998829621723,,,,,,,,,,,,,,,,,,,,,,,,,,,,,,,,,,,,,,,,,,,,,,,,,,,,,,,,
284.0,0.47179777175188065,0.47050240635871887,284.0,0.47681503457495034,0.4696606399811363,,,,,,,,,,,,,,,,,,,,,,,,,,,,,,,,,,,,,,,,,,,,,,,,,,,,,,,,
285.0,0.48505325615406036,0.46379632502794266,285.0,0.47928650104868337,0.4679013454951782,,,,,,,,,,,,,,,,,,,,,,,,,,,,,,,,,,,,,,,,,,,,,,,,,,,,,,,,
286.0,0.48168817162513733,0.46036970615386963,286.0,0.48000700222161957,0.46564185369278566,,,,,,,,,,,,,,,,,,,,,,,,,,,,,,,,,,,,,,,,,,,,,,,,,,,,,,,,
287.0,0.47133390605449677,0.47248102724552155,287.0,0.47740507337148275,0.4676936057586064,,,,,,,,,,,,,,,,,,,,,,,,,,,,,,,,,,,,,,,,,,,,,,,,,,,,,,,,
288.0,0.47107917070388794,0.4626091718673706,288.0,0.4755073025712043,0.46616827559123564,,,,,,,,,,,,,,,,,,,,,,,,,,,,,,,,,,,,,,,,,,,,,,,,,,,,,,,,
289.0,0.4792303442955017,0.480521596968174,289.0,0.4766242150884935,0.47047427200431713,,,,,,,,,,,,,,,,,,,,,,,,,,,,,,,,,,,,,,,,,,,,,,,,,,,,,,,,
290.0,0.47559136152267456,0.4584258496761322,290.0,0.4763143590187478,0.46685974530586166,,,,,,,,,,,,,,,,,,,,,,,,,,,,,,,,,,,,,,,,,,,,,,,,,,,,,,,,
291.0,0.4722565561532974,0.46796661615371704,291.0,0.4750970181591127,0.4671918065602183,,,,,,,,,,,,,,,,,,,,,,,,,,,,,,,,,,,,,,,,,,,,,,,,,,,,,,,,
292.0,0.4797283709049225,0.4749838784337044,292.0,0.4764864239828556,0.4695294281222641,,,,,,,,,,,,,,,,,,,,,,,,,,,,,,,,,,,,,,,,,,,,,,,,,,,,,,,,
293.0,0.4682964161038399,0.46176719665527344,293.0,0.4740294216191509,0.46720075868216693,,,,,,,,,,,,,,,,,,,,,,,,,,,,,,,,,,,,,,,,,,,,,,,,,,,,,,,,
294.0,0.48030709475278854,0.4625060558319092,294.0,0.4759127235592422,0.4657923478270896,,,,,,,,,,,,,,,,,,,,,,,,,,,,,,,,,,,,,,,,,,,,,,,,,,,,,,,,
295.0,0.477967731654644,0.4534141570329666,295.0,0.47652922598786274,0.46207889058885276,,,,,,,,,,,,,,,,,,,,,,,,,,,,,,,,,,,,,,,,,,,,,,,,,,,,,,,,
296.0,0.4790801703929901,0.4654235616326332,296.0,0.4772945093094009,0.4630822919019869,,,,,,,,,,,,,,,,,,,,,,,,,,,,,,,,,,,,,,,,,,,,,,,,,,,,,,,,
297.0,0.4765355736017227,0.46011707186698914,297.0,0.4770668285970975,0.4621927258914875,,,,,,,,,,,,,,,,,,,,,,,,,,,,,,,,,,,,,,,,,,,,,,,,,,,,,,,,
298.0,0.47387897968292236,0.4657951146364212,298.0,0.476110473922845,0.4632734425149676,,,,,,,,,,,,,,,,,,,,,,,,,,,,,,,,,,,,,,,,,,,,,,,,,,,,,,,,
299.0,0.4657447412610054,0.45432696491479874,299.0,0.47300075412429315,0.460589499234917,,,,,,,,,,,,,,,,,,,,,,,,,,,,,,,,,,,,,,,,,,,,,,,,,,,,,,,,
300.0,0.48247215151786804,0.4568585157394409,300.0,0.4758421733423656,0.45947020418627416,,,,,,,,,,,,,,,,,,,,,,,,,,,,,,,,,,,,,,,,,,,,,,,,,,,,,,,,
301.0,0.46494629979133606,0.4615890458226204,301.0,0.47257341127705677,0.46010585667717807,,,,,,,,,,,,,,,,,,,,,,,,,,,,,,,,,,,,,,,,,,,,,,,,,,,,,,,,
302.0,0.4748331606388092,0.4635714218020439,302.0,0.47325133608558245,0.4611455262146378,,,,,,,,,,,,,,,,,,,,,,,,,,,,,,,,,,,,,,,,,,,,,,,,,,,,,,,,
303.0,0.4657474756240845,0.4534929096698761,303.0,0.471000177947133,0.45884974125120925,,,,,,,,,,,,,,,,,,,,,,,,,,,,,,,,,,,,,,,,,,,,,,,,,,,,,,,,
304.0,0.46908100694417953,0.45667384564876556,304.0,0.47042442664624695,0.45819697257047615,,,,,,,,,,,,,,,,,,,,,,,,,,,,,,,,,,,,,,,,,,,,,,,,,,,,,,,,
305.0,0.4730704128742218,0.4518018737435341,305.0,0.4712182225146394,0.45627844292239356,,,,,,,,,,,,,,,,,,,,,,,,,,,,,,,,,,,,,,,,,,,,,,,,,,,,,,,,
306.0,0.4685260131955147,0.46586916595697403,306.0,0.470410559718902,0.45915565983276774,,,,,,,,,,,,,,,,,,,,,,,,,,,,,,,,,,,,,,,,,,,,,,,,,,,,,,,,
307.0,0.4734555557370186,0.45986147969961166,307.0,0.47132405852433695,0.45936740579282087,,,,,,,,,,,,,,,,,,,,,,,,,,,,,,,,,,,,,,,,,,,,,,,,,,,,,,,,
308.0,0.4645417332649231,0.4512989744544029,308.0,0.4692893609465128,0.4569468763912955,,,,,,,,,,,,,,,,,,,,,,,,,,,,,,,,,,,,,,,,,,,,,,,,,,,,,,,,
309.0,0.48577921837568283,0.46465161442756653,309.0,0.4742363181752638,0.4592582978021768,,,,,,,,,,,,,,,,,,,,,,,,,,,,,,,,,,,,,,,,,,,,,,,,,,,,,,,,
310.0,0.4741569310426712,0.46020451188087463,310.0,0.47421250203548604,0.4595421620257862,,,,,,,,,,,,,,,,,,,,,,,,,,,,,,,,,,,,,,,,,,,,,,,,,,,,,,,,
311.0,0.4678381010890007,0.4542349949479103,311.0,0.4723001817515404,0.4579500119024234,,,,,,,,,,,,,,,,,,,,,,,,,,,,,,,,,,,,,,,,,,,,,,,,,,,,,,,,
312.0,0.4805506616830826,0.4618322551250458,312.0,0.4747753257310031,0.45911468486921014,,,,,,,,,,,,,,,,,,,,,,,,,,,,,,,,,,,,,,,,,,,,,,,,,,,,,,,,
313.0,0.47398924082517624,0.4633931666612625,313.0,0.47453950025925506,0.46039822940682584,,,,,,,,,,,,,,,,,,,,,,,,,,,,,,,,,,,,,,,,,,,,,,,,,,,,,,,,
314.0,0.4682568460702896,0.4572575092315674,314.0,0.4726547040025655,0.4594560133542483,,,,,,,,,,,,,,,,,,,,,,,,,,,,,,,,,,,,,,,,,,,,,,,,,,,,,,,,
315.0,0.46581345796585083,0.46246493607759476,315.0,0.47060233019155107,0.4603586901712522,,,,,,,,,,,,,,,,,,,,,,,,,,,,,,,,,,,,,,,,,,,,,,,,,,,,,,,,
316.0,0.4803304150700569,0.4713035523891449,316.0,0.4735207556551028,0.46364214883661997,,,,,,,,,,,,,,,,,,,,,,,,,,,,,,,,,,,,,,,,,,,,,,,,,,,,,,,,
317.0,0.4763784557580948,0.4537254795432091,317.0,0.47437806568600044,0.46066714804859665,,,,,,,,,,,,,,,,,,,,,,,,,,,,,,,,,,,,,,,,,,,,,,,,,,,,,,,,
318.0,0.4841874837875366,0.4499956890940666,318.0,0.4773208911164613,0.45746571036223765,,,,,,,,,,,,,,,,,,,,,,,,,,,,,,,,,,,,,,,,,,,,,,,,,,,,,,,,
319.0,0.472061924636364,0.45003990083932877,319.0,0.47574320117243213,0.45523796750536494,,,,,,,,,,,,,,,,,,,,,,,,,,,,,,,,,,,,,,,,,,,,,,,,,,,,,,,,
320.0,0.48161473870277405,0.44630343466997147,320.0,0.4775046624315347,0.45255760765474684,,,,,,,,,,,,,,,,,,,,,,,,,,,,,,,,,,,,,,,,,,,,,,,,,,,,,,,,
321.0,0.47458959370851517,0.4550177603960037,321.0,0.47663014181462887,0.45329565347712386,,,,,,,,,,,,,,,,,,,,,,,,,,,,,,,,,,,,,,,,,,,,,,,,,,,,,,,,
322.0,0.479929119348526,0.4537762179970741,322.0,0.47761983507479805,0.4534398228331089,,,,,,,,,,,,,,,,,,,,,,,,,,,,,,,,,,,,,,,,,,,,,,,,,,,,,,,,
323.0,0.4624229148030281,0.4560861140489578,323.0,0.47306075899326705,0.45423371019786357,,,,,,,,,,,,,,,,,,,,,,,,,,,,,,,,,,,,,,,,,,,,,,,,,,,,,,,,
324.0,0.4739428088068962,0.4507073014974594,324.0,0.4733253739373558,0.45317578758774235,,,,,,,,,,,,,,,,,,,,,,,,,,,,,,,,,,,,,,,,,,,,,,,,,,,,,,,,
325.0,0.4715574085712433,0.47083814442157745,325.0,0.47279498432752204,0.4584744946378929,,,,,,,,,,,,,,,,,,,,,,,,,,,,,,,,,,,,,,,,,,,,,,,,,,,,,,,,
326.0,0.47303228825330734,0.44952429085969925,326.0,0.4728661755052576,0.4557894335044348,,,,,,,,,,,,,,,,,,,,,,,,,,,,,,,,,,,,,,,,,,,,,,,,,,,,,,,,
327.0,0.48456552624702454,0.4519978389143944,327.0,0.4763759807277877,0.4546519551274226,,,,,,,,,,,,,,,,,,,,,,,,,,,,,,,,,,,,,,,,,,,,,,,,,,,,,,,,
328.0,0.46409817039966583,0.45686088502407074,328.0,0.47269263762935115,0.45531463409641704,,,,,,,,,,,,,,,,,,,,,,,,,,,,,,,,,,,,,,,,,,,,,,,,,,,,,,,,
329.0,0.4679028019309044,0.4572613090276718,329.0,0.4712556869198171,0.4558986365757935,,,,,,,,,,,,,,,,,,,,,,,,,,,,,,,,,,,,,,,,,,,,,,,,,,,,,,,,
330.0,0.46634525060653687,0.45726030319929123,330.0,0.4697825560258331,0.45630713656284283,,,,,,,,,,,,,,,,,,,,,,,,,,,,,,,,,,,,,,,,,,,,,,,,,,,,,,,,
331.0,0.46813126653432846,0.4510040953755379,331.0,0.46928716917838165,0.45471622420665136,,,,,,,,,,,,,,,,,,,,,,,,,,,,,,,,,,,,,,,,,,,,,,,,,,,,,,,,
332.0,0.4666271209716797,0.4518664926290512,332.0,0.46848915471637104,0.45386130473337133,,,,,,,,,,,,,,,,,,,,,,,,,,,,,,,,,,,,,,,,,,,,,,,,,,,,,,,,
333.0,0.4709147736430168,0.44531118869781494,333.0,0.4692168403943648,0.45129626992270444,,,,,,,,,,,,,,,,,,,,,,,,,,,,,,,,,,,,,,,,,,,,,,,,,,,,,,,,
334.0,0.46829263120889664,0.4529981166124344,334.0,0.4689395776387243,0.45180682392962346,,,,,,,,,,,,,,,,,,,,,,,,,,,,,,,,,,,,,,,,,,,,,,,,,,,,,,,,
335.0,0.46185265481472015,0.4465678408741951,335.0,0.46681350079152306,0.45023512901299495,,,,,,,,,,,,,,,,,,,,,,,,,,,,,,,,,,,,,,,,,,,,,,,,,,,,,,,,
336.0,0.4837401583790779,0.4652773141860962,336.0,0.4718914980677895,0.4547477845649253,,,,,,,,,,,,,,,,,,,,,,,,,,,,,,,,,,,,,,,,,,,,,,,,,,,,,,,,
337.0,0.46868787705898285,0.4498990848660469,337.0,0.4709304117651475,0.45329317465526175,,,,,,,,,,,,,,,,,,,,,,,,,,,,,,,,,,,,,,,,,,,,,,,,,,,,,,,,
338.0,0.46377748996019363,0.4462202489376068,338.0,0.46878453522366137,0.45117129693996527,,,,,,,,,,,,,,,,,,,,,,,,,,,,,,,,,,,,,,,,,,,,,,,,,,,,,,,,
339.0,0.4713555797934532,0.4489588215947151,339.0,0.469555848594599,0.4505075543363902,,,,,,,,,,,,,,,,,,,,,,,,,,,,,,,,,,,,,,,,,,,,,,,,,,,,,,,,
340.0,0.4615190625190735,0.44602570682764053,340.0,0.4671448127719413,0.4491630000837653,,,,,,,,,,,,,,,,,,,,,,,,,,,,,,,,,,,,,,,,,,,,,,,,,,,,,,,,
341.0,0.4587247744202614,0.44546637684106827,341.0,0.46461880126643734,0.44805401311095616,,,,,,,,,,,,,,,,,,,,,,,,,,,,,,,,,,,,,,,,,,,,,,,,,,,,,,,,
342.0,0.4610920920968056,0.4497693404555321,342.0,0.46356078851554783,0.44856861131432896,,,,,,,,,,,,,,,,,,,,,,,,,,,,,,,,,,,,,,,,,,,,,,,,,,,,,,,,
343.0,0.4570831134915352,0.4458097666501999,343.0,0.461617486008344,0.4477409579150902,,,,,,,,,,,,,,,,,,,,,,,,,,,,,,,,,,,,,,,,,,,,,,,,,,,,,,,,
344.0,0.46518726646900177,0.44669657200574875,344.0,0.4626884201465413,0.4474276421422878,,,,,,,,,,,,,,,,,,,,,,,,,,,,,,,,,,,,,,,,,,,,,,,,,,,,,,,,
345.0,0.48252174258232117,0.44565895944833755,345.0,0.46863841687727525,0.4468970373341027,,,,,,,,,,,,,,,,,,,,,,,,,,,,,,,,,,,,,,,,,,,,,,,,,,,,,,,,
346.0,0.46071506291627884,0.4553576707839966,346.0,0.4662614106889763,0.4494352273690708,,,,,,,,,,,,,,,,,,,,,,,,,,,,,,,,,,,,,,,,,,,,,,,,,,,,,,,,
347.0,0.4681767299771309,0.4476073682308197,347.0,0.46683600647542267,0.4488868696275955,,,,,,,,,,,,,,,,,,,,,,,,,,,,,,,,,,,,,,,,,,,,,,,,,,,,,,,,
348.0,0.46021195501089096,0.444171242415905,348.0,0.46484879103606314,0.4474721814640884,,,,,,,,,,,,,,,,,,,,,,,,,,,,,,,,,,,,,,,,,,,,,,,,,,,,,,,,
349.0,0.45999130606651306,0.440838523209095,349.0,0.4633915455451981,0.44548208398759037,,,,,,,,,,,,,,,,,,,,,,,,,,,,,,,,,,,,,,,,,,,,,,,,,,,,,,,,
350.0,0.46452687680721283,0.4641442969441414,350.0,0.46373214492380255,0.45108074787455565,,,,,,,,,,,,,,,,,,,,,,,,,,,,,,,,,,,,,,,,,,,,,,,,,,,,,,,,
351.0,0.46125494688749313,0.44742368161678314,351.0,0.46298898551290973,0.4499836279972239,,,,,,,,,,,,,,,,,,,,,,,,,,,,,,,,,,,,,,,,,,,,,,,,,,,,,,,,
352.0,0.46210943162441254,0.45024093985557556,352.0,0.4627251193463606,0.45006082155472943,,,,,,,,,,,,,,,,,,,,,,,,,,,,,,,,,,,,,,,,,,,,,,,,,,,,,,,,
353.0,0.46035580337047577,0.4428287222981453,353.0,0.46201432455359515,0.44789119177775416,,,,,,,,,,,,,,,,,,,,,,,,,,,,,,,,,,,,,,,,,,,,,,,,,,,,,,,,
354.0,0.47604309022426605,0.44292202591896057,354.0,0.46622295425479643,0.4464004420201161,,,,,,,,,,,,,,,,,,,,,,,,,,,,,,,,,,,,,,,,,,,,,,,,,,,,,,,,
355.0,0.4598509445786476,0.4492751732468605,355.0,0.4643113513519518,0.4472628613881394,,,,,,,,,,,,,,,,,,,,,,,,,,,,,,,,,,,,,,,,,,,,,,,,,,,,,,,,
356.0,0.4676961228251457,0.44474688172340393,356.0,0.46532678279391,0.4465080674887188,,,,,,,,,,,,,,,,,,,,,,,,,,,,,,,,,,,,,,,,,,,,,,,,,,,,,,,,
357.0,0.45978348702192307,0.44447213411331177,357.0,0.46366379406231395,0.4458972874760967,,,,,,,,,,,,,,,,,,,,,,,,,,,,,,,,,,,,,,,,,,,,,,,,,,,,,,,,
358.0,0.4667080193758011,0.44286537915468216,358.0,0.46457706165636015,0.4449877149796724,,,,,,,,,,,,,,,,,,,,,,,,,,,,,,,,,,,,,,,,,,,,,,,,,,,,,,,,
359.0,0.4595811739563942,0.4436117336153984,359.0,0.46307829534637035,0.44457492057039016,,,,,,,,,,,,,,,,,,,,,,,,,,,,,,,,,,,,,,,,,,,,,,,,,,,,,,,,
360.0,0.46130695939064026,0.43880509585142136,360.0,0.4625468945596513,0.4428439731546995,,,,,,,,,,,,,,,,,,,,,,,,,,,,,,,,,,,,,,,,,,,,,,,,,,,,,,,,
361.0,0.46451544016599655,0.4394087567925453,361.0,0.4631374582415549,0.4418134082460532,,,,,,,,,,,,,,,,,,,,,,,,,,,,,,,,,,,,,,,,,,,,,,,,,,,,,,,,
362.0,0.46969061344861984,0.44340378791093826,362.0,0.46510340480367435,0.4422905221455187,,,,,,,,,,,,,,,,,,,,,,,,,,,,,,,,,,,,,,,,,,,,,,,,,,,,,,,,
363.0,0.45496050268411636,0.4501130059361458,363.0,0.462060534167807,0.4446372672827068,,,,,,,,,,,,,,,,,,,,,,,,,,,,,,,,,,,,,,,,,,,,,,,,,,,,,,,,
364.0,0.46527257561683655,0.4408852607011795,364.0,0.4630241466025159,0.4435116653082486,,,,,,,,,,,,,,,,,,,,,,,,,,,,,,,,,,,,,,,,,,,,,,,,,,,,,,,,
365.0,0.46080581843852997,0.44228964298963547,365.0,0.4623586481533202,0.4431450586126647,,,,,,,,,,,,,,,,,,,,,,,,,,,,,,,,,,,,,,,,,,,,,,,,,,,,,,,,
366.0,0.46331845968961716,0.43687380105257034,366.0,0.4626465916142093,0.4412636813446364,,,,,,,,,,,,,,,,,,,,,,,,,,,,,,,,,,,,,,,,,,,,,,,,,,,,,,,,
367.0,0.46468186378479004,0.44708383828401566,367.0,0.4632571732653835,0.44300972842645014,,,,,,,,,,,,,,,,,,,,,,,,,,,,,,,,,,,,,,,,,,,,,,,,,,,,,,,,
368.0,0.4641496166586876,0.4524507448077202,368.0,0.4635249062833747,0.44584203334083117,,,,,,,,,,,,,,,,,,,,,,,,,,,,,,,,,,,,,,,,,,,,,,,,,,,,,,,,
369.0,0.4742620140314102,0.44241350144147873,369.0,0.4667460386077854,0.4448134737710254,,,,,,,,,,,,,,,,,,,,,,,,,,,,,,,,,,,,,,,,,,,,,,,,,,,,,,,,
370.0,0.453610822558403,0.4457695037126541,370.0,0.4628054737929707,0.445100282753514,,,,,,,,,,,,,,,,,,,,,,,,,,,,,,,,,,,,,,,,,,,,,,,,,,,,,,,,
371.0,0.45860761404037476,0.44054318964481354,371.0,0.4615461158671919,0.44373315482090386,,,,,,,,,,,,,,,,,,,,,,,,,,,,,,,,,,,,,,,,,,,,,,,,,,,,,,,,
372.0,0.457252562046051,0.4456639140844345,372.0,0.4602580497208496,0.4443123825999631,,,,,,,,,,,,,,,,,,,,,,,,,,,,,,,,,,,,,,,,,,,,,,,,,,,,,,,,
373.0,0.46198462694883347,0.4420151710510254,373.0,0.46077602288924474,0.44362321913528174,,,,,,,,,,,,,,,,,,,,,,,,,,,,,,,,,,,,,,,,,,,,,,,,,,,,,,,,
374.0,0.45816756039857864,0.44378989189863205,374.0,0.45999348414204494,0.44367322096428685,,,,,,,,,,,,,,,,,,,,,,,,,,,,,,,,,,,,,,,,,,,,,,,,,,,,,,,,
375.0,0.46846461296081543,0.4502718895673752,375.0,0.4625348227876761,0.44565282154521335,,,,,,,,,,,,,,,,,,,,,,,,,,,,,,,,,,,,,,,,,,,,,,,,,,,,,,,,
376.0,0.45238064229488373,0.4421062245965004,376.0,0.4594885686398384,0.4445888424605995,,,,,,,,,,,,,,,,,,,,,,,,,,,,,,,,,,,,,,,,,,,,,,,,,,,,,,,,
377.0,0.46349944174289703,0.4426822364330292,377.0,0.46069183057075597,0.44401686065232837,,,,,,,,,,,,,,,,,,,,,,,,,,,,,,,,,,,,,,,,,,,,,,,,,,,,,,,,
378.0,0.4662112295627594,0.4489096403121948,378.0,0.462347650268357,0.4454846945502883,,,,,,,,,,,,,,,,,,,,,,,,,,,,,,,,,,,,,,,,,,,,,,,,,,,,,,,,
379.0,0.4636533260345459,0.4337916970252991,379.0,0.46273935299821367,0.44197679529279155,,,,,,,,,,,,,,,,,,,,,,,,,,,,,,,,,,,,,,,,,,,,,,,,,,,,,,,,
380.0,0.4699728488922119,0.4531690254807472,380.0,0.46490940176641316,0.4453344643491782,,,,,,,,,,,,,,,,,,,,,,,,,,,,,,,,,,,,,,,,,,,,,,,,,,,,,,,,
381.0,0.45566868782043457,0.4378699064254761,381.0,0.46213718758261957,0.44309509697206756,,,,,,,,,,,,,,,,,,,,,,,,,,,,,,,,,,,,,,,,,,,,,,,,,,,,,,,,
382.0,0.4594094827771187,0.43762997537851334,382.0,0.4613188761409693,0.4414555604940013,,,,,,,,,,,,,,,,,,,,,,,,,,,,,,,,,,,,,,,,,,,,,,,,,,,,,,,,
383.0,0.4538647532463074,0.4421202316880226,383.0,0.4590826392725707,0.44165496185220765,,,,,,,,,,,,,,,,,,,,,,,,,,,,,,,,,,,,,,,,,,,,,,,,,,,,,,,,
384.0,0.4618872106075287,0.444076344370842,384.0,0.4599240106730581,0.44238137660779797,,,,,,,,,,,,,,,,,,,,,,,,,,,,,,,,,,,,,,,,,,,,,,,,,,,,,,,,
385.0,0.46640316396951675,0.44339676201343536,385.0,0.46186775666199564,0.4426859922294892,,,,,,,,,,,,,,,,,,,,,,,,,,,,,,,,,,,,,,,,,,,,,,,,,,,,,,,,
386.0,0.47448622435331345,0.43415069580078125,386.0,0.46565329696939095,0.4401254033008768,,,,,,,,,,,,,,,,,,,,,,,,,,,,,,,,,,,,,,,,,,,,,,,,,,,,,,,,
387.0,0.4552352502942085,0.4385487586259842,387.0,0.4625278829668362,0.43965240989840904,,,,,,,,,,,,,,,,,,,,,,,,,,,,,,,,,,,,,,,,,,,,,,,,,,,,,,,,
388.0,0.45490555465221405,0.4362615495920181,388.0,0.46024118447244955,0.43863515180649176,,,,,,,,,,,,,,,,,,,,,,,,,,,,,,,,,,,,,,,,,,,,,,,,,,,,,,,,
389.0,0.4580606520175934,0.43338023871183395,389.0,0.45958702473599267,0.4370586778780944,,,,,,,,,,,,,,,,,,,,,,,,,,,,,,,,,,,,,,,,,,,,,,,,,,,,,,,,
390.0,0.4620961919426918,0.43654966354370117,390.0,0.46033977489800243,0.43690597357777644,,,,,,,,,,,,,,,,,,,,,,,,,,,,,,,,,,,,,,,,,,,,,,,,,,,,,,,,
391.0,0.45484329015016556,0.4395148232579231,391.0,0.45869082947365136,0.43768862848182044,,,,,,,,,,,,,,,,,,,,,,,,,,,,,,,,,,,,,,,,,,,,,,,,,,,,,,,,
392.0,0.45917945355176926,0.44357553869485855,392.0,0.4588374166970868,0.4394547015457319,,,,,,,,,,,,,,,,,,,,,,,,,,,,,,,,,,,,,,,,,,,,,,,,,,,,,,,,
393.0,0.4599992707371712,0.45388201624155045,393.0,0.45918597290911206,0.4437828959544775,,,,,,,,,,,,,,,,,,,,,,,,,,,,,,,,,,,,,,,,,,,,,,,,,,,,,,,,
394.0,0.46173394471406937,0.4371723532676697,394.0,0.4599503644505993,0.4417997331484351,,,,,,,,,,,,,,,,,,,,,,,,,,,,,,,,,,,,,,,,,,,,,,,,,,,,,,,,
395.0,0.46532803028821945,0.4411543533205986,395.0,0.4615636642018853,0.4416061192000842,,,,,,,,,,,,,,,,,,,,,,,,,,,,,,,,,,,,,,,,,,,,,,,,,,,,,,,,
396.0,0.45076295733451843,0.44337906688451767,396.0,0.45832345214167525,0.44213800350541427,,,,,,,,,,,,,,,,,,,,,,,,,,,,,,,,,,,,,,,,,,,,,,,,,,,,,,,,
397.0,0.4521149843931198,0.45269322395324707,397.0,0.4564609118171086,0.4453045696397641,,,,,,,,,,,,,,,,,,,,,,,,,,,,,,,,,,,,,,,,,,,,,,,,,,,,,,,,
398.0,0.455950602889061,0.4410978630185127,398.0,0.45630781913869434,0.44404255765338874,,,,,,,,,,,,,,,,,,,,,,,,,,,,,,,,,,,,,,,,,,,,,,,,,,,,,,,,
399.0,0.459427148103714,0.43806445598602295,399.0,0.4572436178282002,0.442249127153179,,,,,,,,,,,,,,,,,,,,,,,,,,,,,,,,,,,,,,,,,,,,,,,,,,,,,,,,
400.0,0.4548617973923683,0.4318777024745941,400.0,0.45652907169745066,0.43913769974960354,,,,,,,,,,,,,,,,,,,,,,,,,,,,,,,,,,,,,,,,,,,,,,,,,,,,,,,,
401.0,0.47226841002702713,0.440556600689888,401.0,0.46125087319632363,0.4395633700316889,,,,,,,,,,,,,,,,,,,,,,,,,,,,,,,,,,,,,,,,,,,,,,,,,,,,,,,,
402.0,0.44811002910137177,0.43266603350639343,402.0,0.4573086199678381,0.4374941690741002,,,,,,,,,,,,,,,,,,,,,,,,,,,,,,,,,,,,,,,,,,,,,,,,,,,,,,,,
403.0,0.45481498539447784,0.4384612441062927,403.0,0.45656052959583004,0.437784291583758,,,,,,,,,,,,,,,,,,,,,,,,,,,,,,,,,,,,,,,,,,,,,,,,,,,,,,,,
404.0,0.45699938386678696,0.4399929866194725,404.0,0.45669218587711713,0.43844690009447235,,,,,,,,,,,,,,,,,,,,,,,,,,,,,,,,,,,,,,,,,,,,,,,,,,,,,,,,
405.0,0.461356557905674,0.4409124404191971,405.0,0.4580914974856842,0.4391865621918898,,,,,,,,,,,,,,,,,,,,,,,,,,,,,,,,,,,,,,,,,,,,,,,,,,,,,,,,
406.0,0.4558938816189766,0.4313349574804306,406.0,0.4574322127256719,0.436831080778452,,,,,,,,,,,,,,,,,,,,,,,,,,,,,,,,,,,,,,,,,,,,,,,,,,,,,,,,
407.0,0.4513987824320793,0.44042176753282547,407.0,0.45562218363759416,0.43790828680476407,,,,,,,,,,,,,,,,,,,,,,,,,,,,,,,,,,,,,,,,,,,,,,,,,,,,,,,,
408.0,0.4578235521912575,0.43510381132364273,408.0,0.45628259420369316,0.4370669441604277,,,,,,,,,,,,,,,,,,,,,,,,,,,,,,,,,,,,,,,,,,,,,,,,,,,,,,,,
409.0,0.46776217967271805,0.43820085376501083,409.0,0.45972646984440063,0.4374071170418026,,,,,,,,,,,,,,,,,,,,,,,,,,,,,,,,,,,,,,,,,,,,,,,,,,,,,,,,
410.0,0.45103416591882706,0.436344675719738,410.0,0.45711877866672856,0.4370883846451832,,,,,,,,,,,,,,,,,,,,,,,,,,,,,,,,,,,,,,,,,,,,,,,,,,,,,,,,
411.0,0.46266717463731766,0.42889248579740524,411.0,0.4587832974579053,0.43462961499084984,,,,,,,,,,,,,,,,,,,,,,,,,,,,,,,,,,,,,,,,,,,,,,,,,,,,,,,,
412.0,0.4536791741847992,0.4363992065191269,412.0,0.45725206047597344,0.43516049244933297,,,,,,,,,,,,,,,,,,,,,,,,,,,,,,,,,,,,,,,,,,,,,,,,,,,,,,,,
413.0,0.45339609682559967,0.4383295923471451,413.0,0.4560952713808613,0.4361112224186766,,,,,,,,,,,,,,,,,,,,,,,,,,,,,,,,,,,,,,,,,,,,,,,,,,,,,,,,
414.0,0.4491342008113861,0.43739573657512665,414.0,0.45400695021001874,0.4364965766656116,,,,,,,,,,,,,,,,,,,,,,,,,,,,,,,,,,,,,,,,,,,,,,,,,,,,,,,,
415.0,0.4563269689679146,0.4358567073941231,415.0,0.4547029558373875,0.436304615884165,,,,,,,,,,,,,,,,,,,,,,,,,,,,,,,,,,,,,,,,,,,,,,,,,,,,,,,,
416.0,0.44913406670093536,0.43633685261011124,416.0,0.4530322890964519,0.43631428690194884,,,,,,,,,,,,,,,,,,,,,,,,,,,,,,,,,,,,,,,,,,,,,,,,,,,,,,,,
417.0,0.44392336905002594,0.4392339810729027,417.0,0.4502996130825241,0.437190195153235,,,,,,,,,,,,,,,,,,,,,,,,,,,,,,,,,,,,,,,,,,,,,,,,,,,,,,,,
418.0,0.46151527017354965,0.43551070988178253,418.0,0.4536643102098318,0.4366863495717992,,,,,,,,,,,,,,,,,,,,,,,,,,,,,,,,,,,,,,,,,,,,,,,,,,,,,,,,
419.0,0.45694831758737564,0.4394535943865776,419.0,0.4546495124230949,0.4375165230162327,,,,,,,,,,,,,,,,,,,,,,,,,,,,,,,,,,,,,,,,,,,,,,,,,,,,,,,,
420.0,0.46078088879585266,0.4442299008369446,420.0,0.45648892533492225,0.4395305363624462,,,,,,,,,,,,,,,,,,,,,,,,,,,,,,,,,,,,,,,,,,,,,,,,,,,,,,,,
421.0,0.4485408589243889,0.4377211034297943,421.0,0.4541045054117623,0.4389877064826506,,,,,,,,,,,,,,,,,,,,,,,,,,,,,,,,,,,,,,,,,,,,,,,,,,,,,,,,
422.0,0.45652445405721664,0.4391443729400635,422.0,0.45483049000539855,0.4390347064198745,,,,,,,,,,,,,,,,,,,,,,,,,,,,,,,,,,,,,,,,,,,,,,,,,,,,,,,,
423.0,0.45231403410434723,0.4288907125592232,423.0,0.45407555323508314,0.4359915082616791,,,,,,,,,,,,,,,,,,,,,,,,,,,,,,,,,,,,,,,,,,,,,,,,,,,,,,,,
424.0,0.45825324952602386,0.44150684028863907,424.0,0.45532886212236534,0.4376461078697671,,,,,,,,,,,,,,,,,,,,,,,,,,,,,,,,,,,,,,,,,,,,,,,,,,,,,,,,
425.0,0.44445202499628067,0.42938490211963654,425.0,0.45206581098453996,0.43516774614472786,,,,,,,,,,,,,,,,,,,,,,,,,,,,,,,,,,,,,,,,,,,,,,,,,,,,,,,,
426.0,0.45589085668325424,0.4319550320506096,426.0,0.4532133246941542,0.4342039319164924,,,,,,,,,,,,,,,,,,,,,,,,,,,,,,,,,,,,,,,,,,,,,,,,,,,,,,,,
427.0,0.4520929828286171,0.43093401938676834,427.0,0.4528772221344931,0.43322295815757517,,,,,,,,,,,,,,,,,,,,,,,,,,,,,,,,,,,,,,,,,,,,,,,,,,,,,,,,
428.0,0.46290943026542664,0.4369398355484009,428.0,0.45588688457377313,0.43433802137482286,,,,,,,,,,,,,,,,,,,,,,,,,,,,,,,,,,,,,,,,,,,,,,,,,,,,,,,,
429.0,0.45053159445524216,0.43679366260766983,429.0,0.4542802975382138,0.435074713744677,,,,,,,,,,,,,,,,,,,,,,,,,,,,,,,,,,,,,,,,,,,,,,,,,,,,,,,,
430.0,0.4441474825143814,0.42617183923721313,430.0,0.4512404530310641,0.43240385139243787,,,,,,,,,,,,,,,,,,,,,,,,,,,,,,,,,,,,,,,,,,,,,,,,,,,,,,,,
431.0,0.4463075175881386,0.439716212451458,431.0,0.44976057239818645,0.4345975597101439,,,,,,,,,,,,,,,,,,,,,,,,,,,,,,,,,,,,,,,,,,,,,,,,,,,,,,,,
432.0,0.45441843569278717,0.4343844950199127,432.0,0.4511579313865667,0.4345336403030745,,,,,,,,,,,,,,,,,,,,,,,,,,,,,,,,,,,,,,,,,,,,,,,,,,,,,,,,
433.0,0.4511759430170059,0.4253571629524231,433.0,0.4511633348756985,0.4317806970978791,,,,,,,,,,,,,,,,,,,,,,,,,,,,,,,,,,,,,,,,,,,,,,,,,,,,,,,,
434.0,0.4503489136695862,0.4387626051902771,434.0,0.4509190085138648,0.4338752695255985,,,,,,,,,,,,,,,,,,,,,,,,,,,,,,,,,,,,,,,,,,,,,,,,,,,,,,,,
435.0,0.4504798799753189,0.4349377676844597,435.0,0.45078726995230106,0.4341940189732569,,,,,,,,,,,,,,,,,,,,,,,,,,,,,,,,,,,,,,,,,,,,,,,,,,,,,,,,
436.0,0.45109398663043976,0.4379662051796913,436.0,0.4508792849557427,0.4353256748351872,,,,,,,,,,,,,,,,,,,,,,,,,,,,,,,,,,,,,,,,,,,,,,,,,,,,,,,,
437.0,0.4492587521672249,0.43403881043195724,437.0,0.45039312511918733,0.4349396155142182,,,,,,,,,,,,,,,,,,,,,,,,,,,,,,,,,,,,,,,,,,,,,,,,,,,,,,,,
438.0,0.4486028030514717,0.4307338818907738,438.0,0.44985602849887263,0.43367789542718493,,,,,,,,,,,,,,,,,,,,,,,,,,,,,,,,,,,,,,,,,,,,,,,,,,,,,,,,
439.0,0.4518354833126068,0.4305819272994995,439.0,0.4504498649429929,0.4327491049888793,,,,,,,,,,,,,,,,,,,,,,,,,,,,,,,,,,,,,,,,,,,,,,,,,,,,,,,,
440.0,0.4496993124485016,0.4368899464607239,440.0,0.4502246991946455,0.4339913574304327,,,,,,,,,,,,,,,,,,,,,,,,,,,,,,,,,,,,,,,,,,,,,,,,,,,,,,,,
441.0,0.45750393718481064,0.43378879874944687,441.0,0.45240847059169503,0.43393058982613697,,,,,,,,,,,,,,,,,,,,,,,,,,,,,,,,,,,,,,,,,,,,,,,,,,,,,,,,
442.0,0.4440634995698929,0.4307272881269455,442.0,0.4499049792851544,0.43296959931637957,,,,,,,,,,,,,,,,,,,,,,,,,,,,,,,,,,,,,,,,,,,,,,,,,,,,,,,,
443.0,0.4599698930978775,0.4349266067147255,443.0,0.4529244534289713,0.4335567015358833,,,,,,,,,,,,,,,,,,,,,,,,,,,,,,,,,,,,,,,,,,,,,,,,,,,,,,,,
444.0,0.4654252827167511,0.4372573047876358,444.0,0.45667470221530526,0.43466688251140906,,,,,,,,,,,,,,,,,,,,,,,,,,,,,,,,,,,,,,,,,,,,,,,,,,,,,,,,
445.0,0.4475333243608475,0.44612710922956467,445.0,0.4539322888589679,0.4381049505268557,,,,,,,,,,,,,,,,,,,,,,,,,,,,,,,,,,,,,,,,,,,,,,,,,,,,,,,,
446.0,0.44746246188879013,0.4398709163069725,446.0,0.4519913407679146,0.4386347402608908,,,,,,,,,,,,,,,,,,,,,,,,,,,,,,,,,,,,,,,,,,,,,,,,,,,,,,,,
447.0,0.4405905604362488,0.42554228752851486,447.0,0.4485711066684148,0.434707004441178,,,,,,,,,,,,,,,,,,,,,,,,,,,,,,,,,,,,,,,,,,,,,,,,,,,,,,,,
448.0,0.4533996805548668,0.42796626687049866,448.0,0.45001967883435046,0.43268478316997416,,,,,,,,,,,,,,,,,,,,,,,,,,,,,,,,,,,,,,,,,,,,,,,,,,,,,,,,
449.0,0.44384685158729553,0.4306566193699837,449.0,0.44816783066023397,0.432076334029977,,,,,,,,,,,,,,,,,,,,,,,,,,,,,,,,,,,,,,,,,,,,,,,,,,,,,,,,
450.0,0.45148301869630814,0.44099491089582443,450.0,0.44916238707105627,0.4347519070897312,,,,,,,,,,,,,,,,,,,,,,,,,,,,,,,,,,,,,,,,,,,,,,,,,,,,,,,,
451.0,0.4645344167947769,0.43555574119091034,451.0,0.4537739959881725,0.4349930573200849,,,,,,,,,,,,,,,,,,,,,,,,,,,,,,,,,,,,,,,,,,,,,,,,,,,,,,,,
452.0,0.4506261721253395,0.43165530264377594,452.0,0.4528296488293226,0.43399173091719223,,,,,,,,,,,,,,,,,,,,,,,,,,,,,,,,,,,,,,,,,,,,,,,,,,,,,,,,
453.0,0.4461921229958534,0.4350220188498497,453.0,0.4508383910792818,0.43430081729698944,,,,,,,,,,,,,,,,,,,,,,,,,,,,,,,,,,,,,,,,,,,,,,,,,,,,,,,,
454.0,0.44953011721372604,0.43677665293216705,454.0,0.4504459089196151,0.43504356798754273,,,,,,,,,,,,,,,,,,,,,,,,,,,,,,,,,,,,,,,,,,,,,,,,,,,,,,,,
455.0,0.43968565762043,0.43090877681970596,455.0,0.44721783352985955,0.43380313063719167,,,,,,,,,,,,,,,,,,,,,,,,,,,,,,,,,,,,,,,,,,,,,,,,,,,,,,,,
456.0,0.4481721892952919,0.44180458784103394,456.0,0.44750414025948926,0.43620356779834435,,,,,,,,,,,,,,,,,,,,,,,,,,,,,,,,,,,,,,,,,,,,,,,,,,,,,,,,
457.0,0.4447813853621483,0.43820344656705856,457.0,0.446687313790287,0.4368035314289586,,,,,,,,,,,,,,,,,,,,,,,,,,,,,,,,,,,,,,,,,,,,,,,,,,,,,,,,
458.0,0.4374808371067047,0.42459341138601303,458.0,0.4439253707852123,0.4331404954160749,,,,,,,,,,,,,,,,,,,,,,,,,,,,,,,,,,,,,,,,,,,,,,,,,,,,,,,,
459.0,0.4587041139602661,0.4303892031311989,459.0,0.4483589937377285,0.4323151077306121,,,,,,,,,,,,,,,,,,,,,,,,,,,,,,,,,,,,,,,,,,,,,,,,,,,,,,,,
460.0,0.44472862780094147,0.42680270224809647,460.0,0.44726988395669237,0.4306613860858574,,,,,,,,,,,,,,,,,,,,,,,,,,,,,,,,,,,,,,,,,,,,,,,,,,,,,,,,
461.0,0.4527245908975601,0.4294654354453087,461.0,0.4489062960389527,0.43030260089369277,,,,,,,,,,,,,,,,,,,,,,,,,,,,,,,,,,,,,,,,,,,,,,,,,,,,,,,,
462.0,0.45137515664100647,0.4392724931240082,462.0,0.4496469542195688,0.4329935685627874,,,,,,,,,,,,,,,,,,,,,,,,,,,,,,,,,,,,,,,,,,,,,,,,,,,,,,,,
463.0,0.4474106803536415,0.44623710960149765,463.0,0.4489760720597906,0.4369666308744005,,,,,,,,,,,,,,,,,,,,,,,,,,,,,,,,,,,,,,,,,,,,,,,,,,,,,,,,
464.0,0.442264623939991,0.42366697639226913,464.0,0.4469626376238507,0.4329767345297611,,,,,,,,,,,,,,,,,,,,,,,,,,,,,,,,,,,,,,,,,,,,,,,,,,,,,,,,
465.0,0.4463305026292801,0.43338991701602936,465.0,0.4467729971254795,0.4331006892756416,,,,,,,,,,,,,,,,,,,,,,,,,,,,,,,,,,,,,,,,,,,,,,,,,,,,,,,,
466.0,0.44117870926856995,0.42383525520563126,466.0,0.4450947107684067,0.43032105905463847,,,,,,,,,,,,,,,,,,,,,,,,,,,,,,,,,,,,,,,,,,,,,,,,,,,,,,,,
467.0,0.4408545568585396,0.43581972271203995,467.0,0.44382266459544656,0.43197065815185887,,,,,,,,,,,,,,,,,,,,,,,,,,,,,,,,,,,,,,,,,,,,,,,,,,,,,,,,
468.0,0.4451705068349838,0.4289723038673401,468.0,0.44422701726730773,0.43107115186650324,,,,,,,,,,,,,,,,,,,,,,,,,,,,,,,,,,,,,,,,,,,,,,,,,,,,,,,,
469.0,0.44267938286066055,0.4283299669623375,469.0,0.4437627269453136,0.4302487963952535,,,,,,,,,,,,,,,,,,,,,,,,,,,,,,,,,,,,,,,,,,,,,,,,,,,,,,,,
470.0,0.44110091775655746,0.4303986579179764,470.0,0.44296418418868677,0.43029375485207033,,,,,,,,,,,,,,,,,,,,,,,,,,,,,,,,,,,,,,,,,,,,,,,,,,,,,,,,
471.0,0.4452481046319008,0.42850443720817566,471.0,0.443649360321651,0.4297569595589019,,,,,,,,,,,,,,,,,,,,,,,,,,,,,,,,,,,,,,,,,,,,,,,,,,,,,,,,
472.0,0.4465642124414444,0.43330466002225876,472.0,0.444523815957589,0.43082126969790896,,,,,,,,,,,,,,,,,,,,,,,,,,,,,,,,,,,,,,,,,,,,,,,,,,,,,,,,
473.0,0.4440322741866112,0.42439115047454834,473.0,0.44437635342629567,0.4288922339309008,,,,,,,,,,,,,,,,,,,,,,,,,,,,,,,,,,,,,,,,,,,,,,,,,,,,,,,,
474.0,0.44535185396671295,0.42481502145528793,474.0,0.4446690035884209,0.4276690701882169,,,,,,,,,,,,,,,,,,,,,,,,,,,,,,,,,,,,,,,,,,,,,,,,,,,,,,,,
475.0,0.439053475856781,0.4253886193037033,475.0,0.44298434526892894,0.4269849349228628,,,,,,,,,,,,,,,,,,,,,,,,,,,,,,,,,,,,,,,,,,,,,,,,,,,,,,,,
476.0,0.4461583271622658,0.429080992937088,476.0,0.44393653983693,0.4276137523271304,,,,,,,,,,,,,,,,,,,,,,,,,,,,,,,,,,,,,,,,,,,,,,,,,,,,,,,,
477.0,0.43906693160533905,0.43052881956100464,477.0,0.4424756573674527,0.4284882724972927,,,,,,,,,,,,,,,,,,,,,,,,,,,,,,,,,,,,,,,,,,,,,,,,,,,,,,,,
478.0,0.4460030198097229,0.42590779066085815,478.0,0.44353386610013373,0.4277141279463623,,,,,,,,,,,,,,,,,,,,,,,,,,,,,,,,,,,,,,,,,,,,,,,,,,,,,,,,
479.0,0.44345250725746155,0.4247358441352844,479.0,0.44350945844733203,0.426820642803039,,,,,,,,,,,,,,,,,,,,,,,,,,,,,,,,,,,,,,,,,,,,,,,,,,,,,,,,
480.0,0.44040240347385406,0.4273037910461426,480.0,0.44257734195528864,0.42696558727597006,,,,,,,,,,,,,,,,,,,,,,,,,,,,,,,,,,,,,,,,,,,,,,,,,,,,,,,,
481.0,0.4468607157468796,0.4357620105147362,481.0,0.443862354092766,0.4296045142475999,,,,,,,,,,,,,,,,,,,,,,,,,,,,,,,,,,,,,,,,,,,,,,,,,,,,,,,,
482.0,0.43743859976530075,0.42493582516908646,482.0,0.44193522779452643,0.4282039075240458,,,,,,,,,,,,,,,,,,,,,,,,,,,,,,,,,,,,,,,,,,,,,,,,,,,,,,,,
483.0,0.4337006062269211,0.42650776356458664,483.0,0.4394648413242448,0.4276950643362081,,,,,,,,,,,,,,,,,,,,,,,,,,,,,,,,,,,,,,,,,,,,,,,,,,,,,,,,
484.0,0.4477073848247528,0.44119732081890106,484.0,0.4419376043743972,0.43174574128101595,,,,,,,,,,,,,,,,,,,,,,,,,,,,,,,,,,,,,,,,,,,,,,,,,,,,,,,,
485.0,0.43985775858163834,0.42086388915777206,485.0,0.4413136506365696,0.4284811856440428,,,,,,,,,,,,,,,,,,,,,,,,,,,,,,,,,,,,,,,,,,,,,,,,,,,,,,,,
486.0,0.43289250135421753,0.43698208779096603,486.0,0.438787305851864,0.4310314562881198,,,,,,,,,,,,,,,,,,,,,,,,,,,,,,,,,,,,,,,,,,,,,,,,,,,,,,,,
487.0,0.44357284903526306,0.4339556470513344,487.0,0.4402229688068837,0.43190871351708415,,,,,,,,,,,,,,,,,,,,,,,,,,,,,,,,,,,,,,,,,,,,,,,,,,,,,,,,
488.0,0.443827323615551,0.425284706056118,488.0,0.4413042752494839,0.4299215112787943,,,,,,,,,,,,,,,,,,,,,,,,,,,,,,,,,,,,,,,,,,,,,,,,,,,,,,,,
489.0,0.4358978271484375,0.4249582514166832,489.0,0.43968234081917,0.42843253332016096,,,,,,,,,,,,,,,,,,,,,,,,,,,,,,,,,,,,,,,,,,,,,,,,,,,,,,,,
490.0,0.4362407848238945,0.44283969700336456,490.0,0.43864987402058736,0.43275468242512205,,,,,,,,,,,,,,,,,,,,,,,,,,,,,,,,,,,,,,,,,,,,,,,,,,,,,,,,
491.0,0.44953059405088425,0.4266493692994118,491.0,0.4419140900296764,0.43092308848740896,,,,,,,,,,,,,,,,,,,,,,,,,,,,,,,,,,,,,,,,,,,,,,,,,,,,,,,,
492.0,0.4393846094608307,0.4221841022372246,492.0,0.4411552458590227,0.42830139261235367,,,,,,,,,,,,,,,,,,,,,,,,,,,,,,,,,,,,,,,,,,,,,,,,,,,,,,,,
493.0,0.4454917311668396,0.42745666950941086,493.0,0.44245619145136783,0.4280479756814708,,,,,,,,,,,,,,,,,,,,,,,,,,,,,,,,,,,,,,,,,,,,,,,,,,,,,,,,
494.0,0.4460321143269539,0.4312003180384636,494.0,0.44352896831404365,0.4289936783885686,,,,,,,,,,,,,,,,,,,,,,,,,,,,,,,,,,,,,,,,,,,,,,,,,,,,,,,,
495.0,0.44878586381673813,0.428481787443161,495.0,0.445106036964852,0.4288401111049463,,,,,,,,,,,,,,,,,,,,,,,,,,,,,,,,,,,,,,,,,,,,,,,,,,,,,,,,
496.0,0.4463309273123741,0.4229380264878273,496.0,0.4454735040691087,0.4270694857198106,,,,,,,,,,,,,,,,,,,,,,,,,,,,,,,,,,,,,,,,,,,,,,,,,,,,,,,,
497.0,0.43545493483543396,0.42680784314870834,497.0,0.44246793329900624,0.4269909929484799,,,,,,,,,,,,,,,,,,,,,,,,,,,,,,,,,,,,,,,,,,,,,,,,,,,,,,,,
498.0,0.43672434240579605,0.43222958594560623,498.0,0.4407448560310432,0.42856257084761784,,,,,,,,,,,,,,,,,,,,,,,,,,,,,,,,,,,,,,,,,,,,,,,,,,,,,,,,
499.0,0.44677888602018356,0.4268108457326889,499.0,0.4425550650277853,0.4280370533131391,,,,,,,,,,,,,,,,,,,,,,,,,,,,,,,,,,,,,,,,,,,,,,,,,,,,,,,,
500.0,0.43781138211488724,0.4319465830922127,500.0,0.44113196015391587,0.42920991224686117,,,,,,,,,,,,,,,,,,,,,,,,,,,,,,,,,,,,,,,,,,,,,,,,,,,,,,,,
,,,,,,0.9202931821346283,0.9469024240970612,0.9469480365514755,0.9500692635774612,0.9551464766263962,0.9556938707828522,0.9595573097467422,0.938760980963707,0.944941446185112,0.9443512558937073,0.9546237289905548,0.944540798664093,0.957017719745636,0.932546854019165,0.9468475729227066,0.9483719766139984,0.9487684667110443,0.9627792239189148,0.941218763589859,0.9354915916919708,0.9483127593994141,0.9578340351581573,0.9351491630077362,0.9573937505483627,0.9587592780590057,0.9345165491104126,0.94460429251194,0.9463260918855667,,,,,,,,,,,,,,,,,,,,,,,,,,,,
,,,,,,,,,,,,,,,,,,,,,,,,,,,,,,,,,,0.6776589453220367,0.5315014570951462,0.5299112871289253,0.5362514480948448,0.49593060463666916,0.5000561699271202,0.4412791505455971,0.5683029964566231,0.5532216578722,0.5478609055280685,0.4915272668004036,0.5342195183038712,0.4782441183924675,0.5953895747661591,0.5272166505455971,0.5457238405942917,0.5139129757881165,0.44604550302028656,0.5503463372588158,0.5947866067290306,0.5137248411774635,0.4714605584740639,0.5900731980800629,0.46614469587802887,0.46317631006240845,0.6067287027835846,0.5596109256148338,0.5469326376914978
