SC: R,SC: MAE,SC Test: R,SC Test: MAE,Time,Time:  R,Time:  MAE,Time: Test R,Time: Test MAE,Time SC: 0;: R,Time SC: 1: R,Time SC: 0 : MAE,Time SC: 1 : MAE,Time SC: 0; Test R,Time SC: 1; Test R,Time SC: 0; Test MAE,Time SC: 1; Test MAE,Time Increasing: 0 : R,Time Increasing: 1 : R,Time Increasing: 0 : MAE,Time Increasing: 1 : MAE,Time Increasing: 0; Test R,Time Increasing: 1; Test R,Time Increasing: 0; Test MAE,Time Increasing: 1; Test MAE,Use 1 : R,Use 2 : R,Use 3 : R,Use 1 : MAE,Use 2 : MAE,Use 3 : MAE,ED 1.0: SC 0; R,ED 1.0: SC 1; R,ED 2.0: SC 0; R,ED 3.0: SC 0; R,ED 4.0: SC 0; R,ED 6.0: SC 0; R,ED 11.0: SC 0; R,ED 15.0: SC 0; R,ED 18.0: SC 0; R,ED 31.0: SC 0; R,ED 34.0: SC 0; R,ED 1.0: SC 0; MAE,ED 1.0: SC 1; MAE,ED 2.0: SC 0; MAE,ED 3.0: SC 0; MAE,ED 4.0: SC 0; MAE,ED 6.0: SC 0; MAE,ED 11.0: SC 0; MAE,ED 15.0: SC 0; MAE,ED 18.0: SC 0; MAE,ED 31.0: SC 0; MAE,ED 34.0: SC 0; MAE
0.9660363346338272,0.4298423081636429,0.9678010493516922,0.3582949563860893,1.0,0.8805130571126938,0.929573580622673,0.9851313531398773,0.238107081502676,0.9690088033676147,0.9777257591485977,0.3636472299695015,0.3416391611099243,0.9545598179101944,0.9736068397760391,0.46464887261390686,0.3790647014975548,0.9761379063129425,0.9712071567773819,0.3807148262858391,0.3462831452488899,0.8757378309965134,0.9675130248069763,0.47747649997472763,0.41129346936941147,0.9711389392614365,0.9793113023042679,0.9876762479543686,0.35540246963500977,0.3862861692905426,0.250709842890501,0.9924356490373611,0.9769527763128281,0.9793113023042679,0.9876762479543686,0.944717213511467,0.9897140860557556,0.9743860960006714,0.9584065526723862,0.989059716463089,0.9839388579130173,0.9691576659679413,0.2204294390976429,0.35382652282714844,0.3862861692905426,0.250709842890501,0.5199032798409462,0.29197657108306885,0.33102426677942276,0.4464552253484726,0.18713054433465004,0.31182876974344254,0.3545663133263588
0.9819651246070862,0.21132951229810715,0.9769338667392731,0.33925507962703705,2.0,0.8705741316080093,0.8523944020271301,0.9609652757644653,0.40479563921689987,0.9824333935976028,0.9682511389255524,0.32536210864782333,0.37264492362737656,0.9818176478147507,0.9696570485830307,0.32582660019397736,0.41269830614328384,0.9739604592323303,0.9763914346694946,0.30533240735530853,0.3601614087820053,0.9965057373046875,0.971736878156662,0.25111081078648567,0.3980688825249672,0.9749608188867569,0.9956532567739487,0.9713950455188751,0.3589382544159889,0.18479498475790024,0.2266487404704094,0.9672054648399353,0.985114574432373,0.9956532567739487,0.9713950455188751,0.9792977422475815,0.9942599534988403,0.9745583981275558,0.9436967521905899,0.981693297624588,0.9642490148544312,0.9893790632486343,0.29421236366033554,0.28786133602261543,0.18479498475790024,0.2266487404704094,0.29738278314471245,0.26360660791397095,0.4223823994398117,0.5343969017267227,0.39236295968294144,0.48618343472480774,0.274533748626709
,,,,3.0,0.9099504947662354,0.7399811893701553,0.9685265123844147,0.3955819755792618,0.9870843589305878,0.9858726412057877,0.27235912159085274,0.3136259727180004,0.9866008013486862,0.9725169241428375,0.27214592695236206,0.422517292201519,0.9880768060684204,0.9860545843839645,0.2912130057811737,0.29361366853117943,0.9811921715736389,0.9787645936012268,0.3614937961101532,0.4438950642943382,0.9880000203847885,0.9751847237348557,0.963331937789917,0.27006617560982704,0.4950687885284424,0.38523582369089127,0.9827656298875809,0.9832421094179153,0.9751847237348557,0.963331937789917,0.9893818795681,0.9980190992355347,0.9909988194704056,0.9902988970279694,0.9833570271730423,0.9742794185876846,0.9926222711801529,0.3392494395375252,0.25570695847272873,0.4950687885284424,0.38523582369089127,0.32390910759568214,0.13298077508807182,0.3310173600912094,0.20846176706254482,0.44020866602659225,0.3136597275733948,0.2270072102546692
,,,,4.0,0.9343005269765854,0.6444128155708313,0.9896766394376755,0.2602488026022911,0.9826429635286331,0.9749132990837097,0.29267649352550507,0.35641908645629883,0.9811647683382034,0.9650019854307175,0.26851291209459305,0.23850031942129135,0.9823184907436371,0.978698655962944,0.309625081717968,0.3136802539229393,0.9890631139278412,0.9671758562326431,0.23365429043769836,0.3515712767839432,0.9801619201898575,0.9770935326814651,0.9933829307556152,0.30215324461460114,0.39082639664411545,0.4430907294154167,0.991240456700325,0.9776241481304169,0.9770935326814651,0.9933829307556152,0.9880413115024567,0.9904672652482986,0.9738946408033371,0.961346372961998,0.9813379049301147,0.9840065389871597,0.9846025854349136,0.2590576335787773,0.35256151109933853,0.39082639664411545,0.4430907294154167,0.3000851720571518,0.2134535312652588,0.42008478194475174,0.29163332283496857,0.1529505392536521,0.29337720572948456,0.2711103744804859
,,,,5.0,0.9467940479516983,0.5743655115365982,0.9897661209106445,0.28474027663469315,0.9727590829133987,0.9497934877872467,0.33742256462574005,0.41970226913690567,0.9837440103292465,0.9231348782777786,0.31123682856559753,0.8361082524061203,0.9689455777406693,0.963670089840889,0.38691914081573486,0.3604298457503319,0.9506215751171112,0.9610957503318787,0.6057673841714859,0.3932619243860245,0.9639996737241745,0.9645168334245682,0.975952684879303,0.37001273036003113,0.48866894841194153,0.193467129021883,0.931841105222702,0.9915100932121277,0.9645168334245682,0.975952684879303,0.944110706448555,0.9781824797391891,0.9545977860689163,0.9718830287456512,0.992126077413559,0.9652755260467529,0.9910233020782471,0.4267490804195404,0.22437040135264397,0.48866894841194153,0.193467129021883,0.5013695433735847,0.4102998226881027,0.44715486466884613,0.3299439325928688,0.30017251521348953,0.38475776463747025,0.2554989568889141
,,,,6.0,0.9510901719331741,0.5175048559904099,0.9870147705078125,0.2786174938082695,0.9728296399116516,0.9810028076171875,0.3331288844347,0.33048272132873535,0.9672292917966843,0.9827839732170105,0.40430452674627304,0.35880786925554276,0.9882197976112366,0.9721418172121048,0.26897095888853073,0.35087714344263077,0.9961478412151337,0.9630980789661407,0.15347661450505257,0.4183216616511345,0.9752508997917175,0.976551353931427,0.9931048005819321,0.3308654949069023,0.30471818149089813,0.366716593503952,0.993176057934761,0.9850254207849503,0.976551353931427,0.9931048005819321,0.9813453108072281,0.9948519319295883,0.978621318936348,0.9727663844823837,0.9934583902359009,0.9529074430465698,0.9729910343885422,0.2836988791823387,0.2566637322306633,0.30471818149089813,0.366716593503952,0.3820880800485611,0.22433445043861866,0.3822786509990692,0.3420071080327034,0.1997266709804535,0.5192705392837524,0.3226839154958725
,,,,7.0,0.9543931484222412,0.4911223277449608,0.9346614629030228,0.44238702207803726,0.9696874916553497,0.9654337167739868,0.3694334253668785,0.4575369954109192,0.9856099188327789,0.9784934818744659,0.26688849180936813,0.2996869683265686,0.9724180549383163,0.967516154050827,0.4718158394098282,0.3948279395699501,0.9755344986915588,0.9876914918422699,0.3423275202512741,0.2812843844294548,0.968093603849411,0.9752923250198364,0.9565510302782059,0.39873912185430527,0.497978538274765,0.4228440448641777,0.9750917851924896,0.9717099368572235,0.9752923250198364,0.9565510302782059,0.9525945335626602,0.9509942978620529,0.9861103147268295,0.9583155661821365,0.9957154244184494,0.9858201593160629,0.9797689020633698,0.8968763202428818,0.42571474611759186,0.497978538274765,0.4228440448641777,0.3412529453635216,0.5507442280650139,0.30698083341121674,0.5165456607937813,0.1731367977336049,0.3026781678199768,0.3746630400419235
,,,,8.0,0.9590691030025482,0.4589156284928322,0.9719607979059219,0.3127971515059471,0.9750387966632843,0.9495837986469269,0.3490091487765312,0.39966755360364914,0.9815649092197418,0.9531456381082535,0.34856797754764557,0.3632531613111496,0.974468931555748,0.9621336907148361,0.36849089711904526,0.37281300872564316,0.9919101297855377,0.9688481092453003,0.284542940557003,0.3337404876947403,0.9677448123693466,0.9916806071996689,0.9139714241027832,0.36671846359968185,0.23464929684996605,0.5441546440124512,0.9933871626853943,0.9679295718669891,0.9916806071996689,0.9139714241027832,0.9682922065258026,0.969405934214592,0.9588310420513153,0.8970230668783188,0.9886452704668045,0.9729028642177582,0.982663482427597,0.21117068454623222,0.3801238313317299,0.23464929684996605,0.5441546440124512,0.29545601457357407,0.24727397039532661,0.3809279799461365,0.4026394933462143,0.2435101866722107,0.44382305443286896,0.3527848944067955
,,,,9.0,0.962681919336319,0.43156299740076065,0.966137021780014,0.3779280036687851,0.9677589237689972,0.9456862360239029,0.3549802526831627,0.4509895443916321,0.9704017788171768,0.9749154597520828,0.34325962513685226,0.6995473876595497,0.9682565033435822,0.9561712294816971,0.3860933557152748,0.39675524830818176,0.9757205098867416,0.9725829064846039,0.3520205020904541,0.34493228048086166,0.961900144815445,0.9262678772211075,0.92213374376297,0.38396646082401276,0.4980846345424652,0.4707345813512802,0.9708325266838074,0.9805596768856049,0.9262678772211075,0.92213374376297,0.9764020144939423,0.8832071125507355,0.9230908751487732,0.9780561476945877,0.917386457324028,0.9791247993707657,0.9804628938436508,0.48944107443094254,0.30783768743276596,0.4980846345424652,0.4707345813512802,0.3415529429912567,0.6087416559457779,0.4106454402208328,0.39639102295041084,0.5892101228237152,0.2859339118003845,0.33885909616947174
,,,,10.0,0.965279147028923,0.4169508218765259,0.9737132638692856,0.37617409974336624,0.9798221439123154,0.9579355120658875,0.2905432730913162,0.393484391272068,0.97833651304245,0.9773382544517517,0.25956058874726295,0.39689023047685623,0.9696886837482452,0.9728786796331406,0.3464289531111717,0.3239770233631134,0.9539152532815933,0.9838911145925522,0.3017132543027401,0.27487147971987724,0.972708210349083,0.9686481058597565,0.9708754122257233,0.31323111802339554,0.3021901100873947,0.6819822639226913,0.9465488195419312,0.9650183469057083,0.9686481058597565,0.9708754122257233,0.9942136853933334,0.9863250553607941,0.9124173671007156,0.9883853495121002,0.9955300539731979,0.9777781218290329,0.9780068844556808,0.3296389542520046,0.354289673268795,0.3021901100873947,0.6819822639226913,0.23959265276789665,0.3231612667441368,0.36153046041727066,0.32106754928827286,0.19387929141521454,0.29559406638145447,0.32084977626800537
,,,,11.0,0.9680839031934738,0.38595711439847946,0.9710484445095062,0.41444239020347595,0.9796980023384094,0.9767480939626694,0.3198936656117439,0.39188387989997864,0.9720604568719864,0.9853752851486206,0.3565829172730446,0.3825054429471493,0.9809879213571548,0.9778606295585632,0.2863754481077194,0.36673640459775925,0.9700709283351898,0.9794542342424393,0.3102522976696491,0.36447958648204803,0.9766907691955566,0.992326945066452,0.9846406430006027,0.3524126335978508,0.2566584199666977,0.3972715362906456,0.9716904908418655,0.9770025163888931,0.992326945066452,0.9846406430006027,0.9814847707748413,0.9515609294176102,0.9805182665586472,0.9494405835866928,0.9741015583276749,0.9846499711275101,0.9875003099441528,0.5240630730986595,0.3870187997817993,0.2566584199666977,0.3972715362906456,0.3077346198260784,0.3203480541706085,0.40605228394269943,0.4605286568403244,0.5252898707985878,0.24963649362325668,0.29311276227235794
,,,,12.0,0.9704821705818176,0.3817802220582962,0.9865387380123138,0.4010326564311981,0.968703106045723,0.9692084342241287,0.3918933570384979,0.3853147253394127,0.9764861464500427,0.9676867872476578,0.5410768166184425,0.3025938421487808,0.970050036907196,0.968948245048523,0.37971460074186325,0.3937417343258858,0.9646996557712555,0.9801429957151413,0.49237800389528275,0.3169484883546829,0.9675127565860748,0.9807759076356888,0.9915584772825241,0.4056568592786789,0.40661056339740753,0.24149372428655624,0.9918758869171143,0.9751241952180862,0.9807759076356888,0.9915584772825241,0.9831005334854126,0.9646398425102234,0.9546818137168884,0.961210697889328,0.9824270308017731,0.9691901803016663,0.9547710120677948,0.35801686346530914,0.3499559238553047,0.40661056339740753,0.24149372428655624,0.3594152219593525,0.463712714612484,0.5461603030562401,0.4023648500442505,0.7210007160902023,0.37020325660705566,0.43546686321496964
,,,,13.0,0.9728451371192932,0.3831248879432678,0.9469086527824402,0.41193072497844696,0.9758270680904388,0.9893903434276581,0.3208584636449814,0.2665371485054493,0.9768999069929123,0.992166668176651,0.31952739506959915,0.24774623289704323,0.9729720950126648,0.9835958778858185,0.30702265352010727,0.2995512932538986,0.9752749800682068,0.9848050177097321,0.36359549313783646,0.31330210715532303,0.9799658358097076,0.9845669567584991,0.9965938776731491,0.30558764189481735,0.3501100465655327,0.19794015400111675,0.9934375733137131,0.9860366880893707,0.9845669567584991,0.9965938776731491,0.9684367924928665,0.9580478668212891,0.9891127645969391,0.9890109896659851,0.9010316133499146,0.9856059551239014,0.9674337655305862,0.22463339567184448,0.2918800264596939,0.3501100465655327,0.19794015400111675,0.3571544289588928,0.29544202983379364,0.28369321674108505,0.2599373422563076,0.30188605561852455,0.28299691528081894,0.3595946282148361
,,,,14.0,0.9751096814870834,0.36073196679353714,0.9843879640102386,0.3223007619380951,0.9695580303668976,0.9671257883310318,0.3755365237593651,0.3532024323940277,0.9784287363290787,0.9651620984077454,0.29006625711917877,0.4232725501060486,0.9489517211914062,0.9761117398738861,0.46198663115501404,0.3282259702682495,0.9670678228139877,0.9832780212163925,0.6010481789708138,0.2757985107600689,0.9676721692085266,0.9799882769584656,0.9715251475572586,0.3825821205973625,0.28571767359972,0.16606421768665314,0.9300741404294968,0.9814603328704834,0.9799882769584656,0.9715251475572586,0.9833153933286667,0.9953038543462753,0.9770796000957489,0.9746690988540649,0.9564661830663681,0.9815003573894501,0.9373212903738022,0.9396859407424927,0.41333018988370895,0.28571767359972,0.16606421768665314,0.31420888751745224,0.1978414710611105,0.2638994865119457,0.4722207114100456,0.3078499622642994,0.2747800126671791,0.523671492934227
,,,,15.0,0.9770519733428955,0.3407437428832054,0.9781496077775955,0.31760720908641815,0.9724684357643127,0.9817263334989548,0.3532976061105728,0.3096730560064316,0.9638664126396179,0.9872016161680222,0.3814376890659332,0.2681645154953003,0.9717073440551758,0.9764744639396667,0.3878067880868912,0.3276171535253525,0.9464912712574005,0.9775217771530151,0.5812447518110275,0.3123234957456589,0.9747392386198044,0.9907151758670807,0.9877667874097824,0.35199417918920517,0.20730267837643623,0.304609015583992,0.984172061085701,0.9814088046550751,0.9907151758670807,0.9877667874097824,0.9755440354347229,0.9886151254177094,0.9820736348628998,0.9812661111354828,0.8148730844259262,0.9891799837350845,0.9729736894369125,0.25491810217499733,0.29509134590625763,0.20730267837643623,0.304609015583992,0.3849390223622322,0.22879982739686966,0.3719482496380806,0.33607594668865204,0.4936100207269192,0.21593481674790382,0.49054504930973053
,,,,16.0,0.9788769483566284,0.34395842999219894,0.9856114834547043,0.23536260426044464,0.9824100881814957,0.9779543429613113,0.3056078106164932,0.35900646448135376,0.9862929880619049,0.9879425466060638,0.22224575281143188,0.3030066713690758,0.9813952744007111,0.9806660115718842,0.31791258603334427,0.33635807782411575,0.9942461252212524,0.9858975559473038,0.2155682072043419,0.281804408878088,0.981656402349472,0.9528063386678696,0.9916741102933884,0.3261043578386307,0.46539630740880966,0.28059667348861694,0.989439070224762,0.9769057780504227,0.9528063386678696,0.9916741102933884,0.989624410867691,0.9485286325216293,0.9775722026824951,0.9811826199293137,0.9970433712005615,0.9833070784807205,0.9828209429979324,0.5253130719065666,0.323906771838665,0.46539630740880966,0.28059667348861694,0.254938580095768,0.31925077736377716,0.3759393095970154,0.2886435091495514,0.265717089176178,0.3199440762400627,0.3313363194465637
,,,,17.0,0.9803356826305389,0.3208983466029167,0.970247283577919,0.4174314960837364,0.9721174389123917,0.9809841811656952,0.35346953570842743,0.2917363792657852,0.9764834344387054,0.9901120662689209,0.32338474690914154,0.27280212566256523,0.9761639386415482,0.975057378411293,0.3998478874564171,0.311275951564312,0.9908509254455566,0.9776742309331894,0.24572677537798882,0.33844825625419617,0.9760292917490005,0.9792718142271042,0.9753743559122086,0.32381273806095123,0.2832804173231125,0.42317914217710495,0.97004833817482,0.9658251255750656,0.9792718142271042,0.9753743559122086,0.9913027733564377,0.9694108366966248,0.9901538491249084,0.9916490316390991,0.9358166307210922,0.9699752628803253,0.983823373913765,0.26059626415371895,0.42831843346357346,0.2832804173231125,0.42317914217710495,0.24385151639580727,0.3995690122246742,0.22173527255654335,0.22007807716727257,0.43936416506767273,0.3817853778600693,0.2870875373482704
,,,,18.0,0.9815527051687241,0.3107808157801628,0.9553639143705368,0.4842391833662987,0.9617307335138321,0.9748835116624832,0.38361136615276337,0.3615958243608475,0.9823770374059677,0.9765200912952423,0.3146650716662407,0.39115621894598007,0.9734394699335098,0.9650357365608215,0.38311752676963806,0.37252841144800186,0.9903405755758286,0.978391095995903,0.21858133748173714,0.38180258125066757,0.9640948623418808,0.9914257824420929,0.9920419007539749,0.3931218534708023,0.3140482231974602,0.24112476035952568,0.9859402924776077,0.9310466051101685,0.9914257824420929,0.9920419007539749,0.9659786969423294,0.9120082855224609,0.9417278319597244,0.9915854185819626,0.9971856623888016,0.9892605245113373,0.966251015663147,0.30369292572140694,0.4753628522157669,0.3140482231974602,0.24112476035952568,0.42122211307287216,0.3648793399333954,0.5756468400359154,0.23698493838310242,0.2162030078470707,0.24174002930521965,0.4141532778739929
,,,,19.0,0.9823126941919327,0.310004360973835,0.9410351365804672,0.4021393433213234,0.9793364703655243,0.981292724609375,0.2651362158358097,0.2812228761613369,0.9841451495885849,0.9836164563894272,0.3083883188664913,0.3086368627846241,0.9884539991617203,0.9778997451066971,0.24070711806416512,0.28295323997735977,0.98847296833992,0.9791057258844376,0.3150022514164448,0.3304648585617542,0.9797052145004272,0.9715116769075394,0.990592896938324,0.2762726694345474,0.2845051474869251,0.1706394962966442,0.9870951473712921,0.985176220536232,0.9715116769075394,0.990592896938324,0.9808870404958725,0.9937391877174377,0.98422871530056,0.9724130630493164,0.9984886646270752,0.9623573422431946,0.9730453938245773,0.21609637513756752,0.2900460809469223,0.2845051474869251,0.1706394962966442,0.2436453178524971,0.20820282399654388,0.30374208837747574,0.3007904440164566,0.1299371002241969,0.3299773558974266,0.2495340071618557
,,,,20.0,0.9831110835075378,0.29669637978076935,0.9791096299886703,0.3086852505803108,0.9590008854866028,0.9627140909433365,0.41542231291532516,0.3997457027435303,0.9829197973012924,0.9658649265766144,0.32241664081811905,0.4501509442925453,0.9385391622781754,0.9687698930501938,0.4706339091062546,0.3951035365462303,0.9919247180223465,0.9621019214391708,0.3128630593419075,0.40766874700784683,0.9586106091737747,0.982804536819458,0.972091943025589,0.43236830085515976,0.2720656841993332,0.22377393580973148,0.9782484024763107,0.9766888171434402,0.982804536819458,0.972091943025589,0.8820210099220276,0.9930093884468079,0.9654872864484787,0.9385629147291183,0.9958142638206482,0.9881376624107361,0.971048578619957,0.4231822118163109,0.36388900876045227,0.2720656841993332,0.22377393580973148,0.5663912892341614,0.2278721071779728,0.4793373718857765,0.509497731924057,0.24624266661703587,0.31098904460668564,0.47476286441087723
,,,,21.0,0.9838633686304092,0.2920101508498192,0.9746089577674866,0.3478509560227394,0.979015126824379,0.9673158973455429,0.37210647016763687,0.31160449981689453,0.9903589338064194,0.9959984421730042,0.2649286426603794,0.13656235858798027,0.969104677438736,0.976871520280838,0.32375430315732956,0.3583855479955673,0.9977087527513504,0.9911564588546753,0.14642256125807762,0.2567182332277298,0.9756681323051453,0.9940312206745148,0.9796480983495712,0.367024265229702,0.1925336867570877,0.36116842180490494,0.9752610325813293,0.9866706132888794,0.9940312206745148,0.9796480983495712,0.9815724939107895,0.991527870297432,0.990270659327507,0.9398281127214432,0.9529374837875366,0.9681763052940369,0.9788008779287338,0.5324869453907013,0.24506280943751335,0.1925336867570877,0.36116842180490494,0.3134436383843422,0.3804188370704651,0.18354284390807152,0.536625474691391,0.49542269110679626,0.5126470625400543,0.4175923317670822
,,,,22.0,0.9846847653388977,0.28616534918546677,0.9718490391969681,0.35682421177625656,0.9791001230478287,0.9758144468069077,0.29711995273828506,0.3402857482433319,0.978601336479187,0.9899910390377045,0.2721882089972496,0.3125932030379772,0.9882782250642776,0.9752742201089859,0.30220140516757965,0.33006374537944794,0.9942475855350494,0.9767273962497711,0.24101339280605316,0.31773755699396133,0.9813748747110367,0.9408087283372879,0.9272025227546692,0.3090226501226425,0.5090236961841583,0.40525344014167786,0.993652731180191,0.9914990812540054,0.9408087283372879,0.9272025227546692,0.9740411341190338,0.9908385574817657,0.9898273795843124,0.9739424288272858,0.9945163130760193,0.9885766506195068,0.9590524435043335,0.2331198863685131,0.21586588397622108,0.5090236961841583,0.40525344014167786,0.3317863643169403,0.2927936390042305,0.26354337483644485,0.36101963371038437,0.28111952915787697,0.23841704800724983,0.38951805979013443
,,,,23.0,0.9853563606739044,0.27652209252119064,0.9706634134054184,0.24048644304275513,0.9751001745462418,0.9782715886831284,0.3028528541326523,0.30423402041196823,0.9459980428218842,0.9699895679950714,0.3268558755517006,0.38144518435001373,0.9648710787296295,0.9805088639259338,0.37504992634058,0.2817300148308277,0.9484757483005524,0.9654162526130676,0.6880291178822517,0.2890673987567425,0.9755393713712692,0.9718472510576248,0.9890779405832291,0.3049442619085312,0.3690546229481697,0.2896500788629055,0.9625752121210098,0.9874867498874664,0.9718472510576248,0.9890779405832291,0.9738185703754425,0.9898626208305359,0.9836539328098297,0.9943665862083435,0.975763812661171,0.9725776761770248,0.9651104658842087,0.5186726301908493,0.26033462956547737,0.3690546229481697,0.2896500788629055,0.3102394565939903,0.17389378510415554,0.26480988785624504,0.2065761312842369,0.28077448159456253,0.38755349069833755,0.3169793225824833
,,,,24.0,0.9859601259231567,0.2763768211007118,0.9703834652900696,0.43845365941524506,0.9822224080562592,0.9735681712627411,0.29036297649145126,0.368887297809124,0.9878576248884201,0.9776585251092911,0.2755888029932976,0.34985683113336563,0.9739118814468384,0.9808678478002548,0.3397982269525528,0.3124685063958168,0.9760731607675552,0.9853734970092773,0.2165430746972561,0.30165791884064674,0.9785059690475464,0.9664833843708038,0.9922513067722321,0.31871025264263153,0.486111618578434,0.2638901509344578,0.9604058265686035,0.9894809275865555,0.9664833843708038,0.9922513067722321,0.9840694218873978,0.9974639564752579,0.9712406545877457,0.9904693514108658,0.9852426499128342,0.9716371446847916,0.9797791540622711,0.344258613884449,0.22678322345018387,0.486111618578434,0.2638901509344578,0.37697047740221024,0.17019853740930557,0.3848886042833328,0.23714426532387733,0.2935679666697979,0.3779788240790367,0.3295721597969532
,,,,25.0,0.9862890839576721,0.27765631675720215,0.9651012122631073,0.3452832102775574,0.9644365161657333,0.9582215398550034,0.40695156902074814,0.44087500870227814,0.9820468872785568,0.9106975197792053,0.382454551756382,0.5882270038127899,0.9582909643650055,0.9627632349729538,0.4874645248055458,0.4010545685887337,0.9145733565092087,0.9695103168487549,0.5535140484571457,0.48955951631069183,0.9632315933704376,0.9058001339435577,0.988022044301033,0.40794315934181213,0.7502703666687012,0.33913758397102356,0.9609320908784866,0.9691341519355774,0.9058001339435577,0.988022044301033,0.9815507680177689,0.892323225736618,0.9720301479101181,0.9523859024047852,0.9755063205957413,0.9725485742092133,0.9542437046766281,0.5102106481790543,0.415445476770401,0.7502703666687012,0.33913758397102356,0.36043693870306015,0.5455975830554962,0.373479675501585,0.43404144048690796,0.3726603761315346,0.4064257889986038,0.4243463799357414
,,,,26.0,0.9865791946649551,0.2729065306484699,0.9489977657794952,0.3930775746703148,0.9689745604991913,0.9725162088871002,0.3352878838777542,0.3896786943078041,0.9883356541395187,0.9920506328344345,0.20720991864800453,0.20207572355866432,0.9716197103261948,0.9707966297864914,0.3731227293610573,0.3496764004230499,0.9908616691827774,0.9900781214237213,0.175501374527812,0.2113197110593319,0.9705899059772491,0.9846571087837219,0.9760980904102325,0.34806208312511444,0.3791908845305443,0.4651638865470886,0.984332799911499,0.9658765941858292,0.9846571087837219,0.9760980904102325,0.9514025747776031,0.9942347556352615,0.973767101764679,0.9697758853435516,0.9951622039079666,0.9623863399028778,0.984081044793129,0.19397244974970818,0.4371505230665207,0.3791908845305443,0.4651638865470886,0.34325024485588074,0.1744358018040657,0.3595035448670387,0.4603510871529579,0.19179128482937813,0.3548293933272362,0.2384195737540722
,,,,27.0,0.9869817048311234,0.2753291688859463,0.9737869948148727,0.34478025138378143,0.9767640829086304,0.9741288870573044,0.3393924683332443,0.3415490761399269,0.9816240966320038,0.987846627831459,0.4254099875688553,0.3347335755825043,0.9860998094081879,0.9721932709217072,0.27804041653871536,0.3590169847011566,0.9959392249584198,0.9790174663066864,0.1635785512626171,0.38695215433835983,0.9766122400760651,0.9756648540496826,0.9811122864484787,0.3419399634003639,0.2071663811802864,0.5071816369891167,0.9955606460571289,0.9821522086858749,0.9756648540496826,0.9811122864484787,0.9636097997426987,0.9679438173770905,0.9629470854997635,0.9858096241950989,0.9650439023971558,0.991806373000145,0.9824348986148834,0.18093005567789078,0.2542727217078209,0.2071663811802864,0.5071816369891167,0.5124428793787956,0.5306439995765686,0.32529937475919724,0.4801912158727646,0.38104890286922455,0.23584826290607452,0.3503187820315361
,,,,28.0,0.9873290359973907,0.2672357112169266,0.9711380302906036,0.3774135410785675,0.9807640463113785,0.9741869270801544,0.32872822135686874,0.38137978315353394,0.9838069379329681,0.9893364906311035,0.32791247218847275,0.4482887387275696,0.9819073528051376,0.9762902706861496,0.36122866719961166,0.34938129037618637,0.9866059869527817,0.9849471598863602,0.35155150294303894,0.3587726503610611,0.9796144068241119,0.9625739306211472,0.9599441438913345,0.33521313965320587,0.36495187133550644,0.5353187993168831,0.9967905431985855,0.9787324815988541,0.9625739306211472,0.9599441438913345,0.9795035272836685,0.9971901178359985,0.9731000810861588,0.9687316864728928,0.9960298836231232,0.9798284024000168,0.9787544757127762,0.18090571276843548,0.4085814207792282,0.36495187133550644,0.5353187993168831,0.2767067551612854,0.27772678434848785,0.36741848289966583,0.3263790011405945,0.18954788148403168,0.26715248823165894,0.33148784190416336
,,,,29.0,0.9877044260501862,0.27651748806238174,0.9743813276290894,0.3063674196600914,0.9715874195098877,0.9835749268531799,0.35139331221580505,0.30901677161455154,0.9874456524848938,0.9838432967662811,0.25269200652837753,0.43700985610485077,0.9667760133743286,0.978526383638382,0.45225051790475845,0.304282046854496,0.9728993028402328,0.9898319393396378,0.26937176287174225,0.3067358657717705,0.975585013628006,0.9938519895076752,0.9778412878513336,0.3463394120335579,0.22935517132282257,0.31834523379802704,0.9869499802589417,0.9545428603887558,0.9938519895076752,0.9778412878513336,0.9857087880373001,0.9922187030315399,0.9866291731595993,0.9867784976959229,0.9922354370355606,0.9618355333805084,0.9796277433633804,0.46769747510552406,0.4590834975242615,0.22935517132282257,0.31834523379802704,0.30860859900712967,0.20331647247076035,0.3639138638973236,0.2455950304865837,0.27043881453573704,0.38735557347536087,0.34403662383556366
,,,,30.0,0.9879972785711288,0.26860836520791054,0.985718235373497,0.242035910487175,0.9708079248666763,0.9870038628578186,0.35989465564489365,0.2545781843364239,0.9581032693386078,0.9892362058162689,0.4401491805911064,0.25306643918156624,0.9721796810626984,0.9790899902582169,0.37634991854429245,0.3024005964398384,0.9334520995616913,0.9772760272026062,0.862270399928093,0.30354607105255127,0.9758750349283218,0.9861302822828293,0.9885377287864685,0.32155702263116837,0.30786406248807907,0.33868351578712463,0.9909851849079132,0.9790213406085968,0.9861302822828293,0.9885377287864685,0.9740561693906784,0.9772287607192993,0.9880307763814926,0.9920798391103745,0.9732284396886826,0.9716193974018097,0.9592766463756561,0.20382366888225079,0.3554523438215256,0.30786406248807907,0.33868351578712463,0.3056112937629223,0.39779485762119293,0.23056717962026596,0.22031400725245476,0.3448766842484474,0.40580906718969345,0.3755519688129425
,,,,31.0,0.9883480370044708,0.26326580345630646,0.991141140460968,0.23873251676559448,0.9613708853721619,0.9746134877204895,0.38850873708724976,0.36191754043102264,0.9683862924575806,0.95562744140625,0.34696029126644135,0.6857059001922607,0.9528684914112091,0.9702562242746353,0.3933826610445976,0.3634311407804489,0.9586032778024673,0.9584046900272369,0.6203707307577133,0.46812085062265396,0.9623930007219315,0.9963486194610596,0.9925438016653061,0.3882467672228813,0.34011026471853256,0.28893497958779335,0.9750206768512726,0.9675303548574448,0.9963486194610596,0.9925438016653061,0.9539482146501541,0.9782197326421738,0.9497655779123306,0.9943196773529053,0.9398458153009415,0.9844083189964294,0.965640127658844,0.26276689767837524,0.3759726323187351,0.34011026471853256,0.28893497958779335,0.3696805462241173,0.4323277324438095,0.5002375021576881,0.23276878893375397,0.6148770079016685,0.2790452353656292,0.36852406710386276
,,,,32.0,0.988706111907959,0.25825443118810654,0.9857260882854462,0.2944740206003189,0.9755607098340988,0.9436847865581512,0.3295307233929634,0.428225040435791,0.982451006770134,0.8070542812347412,0.27516621723771095,1.7687784731388092,0.963517814874649,0.9648904353380203,0.33785202354192734,0.373504638671875,0.9344763308763504,0.950000524520874,0.30824457481503487,1.0054331421852112,0.9612671434879303,0.9895814806222916,0.994778573513031,0.3801720663905144,0.28109210729599,0.20854967832565308,0.8802758455276489,0.9524002075195312,0.9895814806222916,0.994778573513031,0.979590579867363,0.9775262027978897,0.9816411435604095,0.8857819437980652,0.9972157180309296,0.9884829819202423,0.983186274766922,0.6885701566934586,0.3960520699620247,0.28109210729599,0.20854967832565308,0.3217541128396988,0.2969398982822895,0.31081777065992355,0.6515388190746307,0.2813165634870529,0.317739337682724,0.3281610980629921
,,,,33.0,0.9888823181390762,0.2605382017791271,0.9894168525934219,0.26240120455622673,0.9773277789354324,0.976330503821373,0.3416062667965889,0.3805694133043289,0.9754008054733276,0.9498934596776962,0.3860548213124275,0.5666627585887909,0.987767368555069,0.9737252593040466,0.2753187045454979,0.3834904357790947,0.986813098192215,0.9627551287412643,0.21669473126530647,0.5327260941267014,0.977683961391449,0.9470063596963882,0.9962926059961319,0.3568885251879692,0.516913153231144,0.17642633616924286,0.9889525324106216,0.9769976884126663,0.9470063596963882,0.9962926059961319,0.9889176189899445,0.9846064448356628,0.980648547410965,0.9654040485620499,0.9848605394363403,0.9816505759954453,0.9736379384994507,0.24712617695331573,0.35441335290670395,0.516913153231144,0.17642633616924286,0.24980468302965164,0.38592479377985,0.3187466114759445,0.5313668698072433,0.6111946552991867,0.40405039489269257,0.3077368810772896
,,,,34.0,0.9891078621149063,0.25983117520809174,0.9820279628038406,0.362216018140316,0.9763262718915939,0.9753126800060272,0.3712950721383095,0.32490382343530655,0.9766574203968048,0.9571990221738815,0.4368051737546921,0.3455657809972763,0.9780578166246414,0.9750494509935379,0.35862671583890915,0.35075148195028305,0.9651359170675278,0.9728975147008896,0.5622430369257927,0.36583028733730316,0.9739381074905396,0.9888553768396378,0.9717932045459747,0.37023354321718216,0.2255951575934887,0.16065322794020176,0.9440652281045914,0.9804347604513168,0.9888553768396378,0.9717932045459747,0.9808475077152252,0.9157709628343582,0.97983218729496,0.9704613089561462,0.9638741612434387,0.9828481376171112,0.9747561663389206,0.22105379030108452,0.4073966145515442,0.2255951575934887,0.16065322794020176,0.333758145570755,0.544680044054985,0.37100423872470856,0.37945257872343063,0.44024569541215897,0.3140520788729191,0.35770419985055923
,,,,35.0,0.98936927318573,0.2533453479409218,0.9728372544050217,0.3019590936601162,0.9812657833099365,0.9725098162889481,0.34060151129961014,0.365827351808548,0.9887107014656067,0.9483963400125504,0.2788047567009926,0.42300543934106827,0.9776803702116013,0.9783928692340851,0.3204808309674263,0.3619919717311859,0.9899818003177643,0.9781530201435089,0.27883000299334526,0.34709981828927994,0.9776774644851685,0.9872916340827942,0.9885577410459518,0.3618304654955864,0.3298160210251808,0.2600165493786335,0.9900599420070648,0.98531574010849,0.9872916340827942,0.9885577410459518,0.9708469063043594,0.9850082397460938,0.9788966476917267,0.9375786483287811,0.9841467589139938,0.984827309846878,0.9827892035245895,0.16255605593323708,0.362719401717186,0.3298160210251808,0.2600165493786335,0.3132142201066017,0.33466866984963417,0.28268687799572945,0.610515370965004,0.400034137070179,0.304163359105587,0.348741352558136
,,,,36.0,0.9896673560142517,0.2581778056919575,0.9443380236625671,0.5078103765845299,0.9793615639209747,0.9836941659450531,0.3138435333967209,0.2959110215306282,0.9846142679452896,0.9906369298696518,0.30971555411815643,0.2134258672595024,0.9883922040462494,0.978115051984787,0.2537565566599369,0.32310601323843,0.9832904785871506,0.9890120774507523,0.27109892666339874,0.23899880796670914,0.9809004366397858,0.9823538661003113,0.9924180209636688,0.3089124336838722,0.3864520266652107,0.3332264572381973,0.9931466430425644,0.9779109209775925,0.9823538661003113,0.9924180209636688,0.9755198657512665,0.9883597493171692,0.9859385788440704,0.9791846424341202,0.9846655577421188,0.9891979396343231,0.978931725025177,0.1895894557237625,0.36185985803604126,0.3864520266652107,0.3332264572381973,0.3283228874206543,0.36873845756053925,0.26461049914360046,0.29557299613952637,0.34738824144005775,0.27222687751054764,0.2911858782172203
,,,,37.0,0.9898980259895325,0.2519163712859154,0.9721485078334808,0.4153323471546173,0.9651679545640945,0.9723706096410751,0.36097099632024765,0.35697217285633087,0.9253902286291122,0.9725858271121979,0.49013228714466095,0.4191845655441284,0.9534103870391846,0.9753334373235703,0.3938427269458771,0.34803615510463715,0.9170429855585098,0.9687019735574722,0.6491324454545975,0.4277746304869652,0.9653592854738235,0.9940922111272812,0.9931363463401794,0.37323855608701706,0.19254656694829464,0.2762131951749325,0.9820697009563446,0.9296188801527023,0.9940922111272812,0.9931363463401794,0.9620347321033478,0.9819038361310959,0.9809529334306717,0.9691685885190964,0.9897409081459045,0.9921680241823196,0.9831113964319229,0.24572430178523064,0.4329676404595375,0.19254656694829464,0.2762131951749325,0.3836337998509407,0.32041533663868904,0.298081923276186,0.6329879313707352,0.35074346885085106,0.2700333073735237,0.32908710092306137
,,,,38.0,0.9900767058134079,0.25072379410266876,0.9692269563674927,0.33446238934993744,0.9702577739953995,0.9739591330289841,0.3155409172177315,0.34561309963464737,0.9860885739326477,0.9727442413568497,0.2784949019551277,0.2746671810746193,0.9834999889135361,0.9703211784362793,0.3231598883867264,0.33684005588293076,0.9938044100999832,0.9785536676645279,0.1251981584355235,0.372117355465889,0.9710838347673416,0.9600764065980911,0.9946173578500748,0.32801803946495056,0.4450032562017441,0.20660852268338203,0.9767249822616577,0.9436893314123154,0.9600764065980911,0.9946173578500748,0.983596920967102,0.9849956184625626,0.9660253822803497,0.9822136461734772,0.985769048333168,0.9821609705686569,0.9818276464939117,0.4602803811430931,0.37935392558574677,0.4450032562017441,0.20660852268338203,0.3136072978377342,0.3200376182794571,0.3391762971878052,0.3402005806565285,0.30029409378767014,0.2896871641278267,0.31460852548480034
,,,,39.0,0.990198090672493,0.24882512167096138,0.9789528399705887,0.38547711819410324,0.9747617244720459,0.9725456535816193,0.32201331853866577,0.3647811710834503,0.9832396358251572,0.9890631884336472,0.27570081502199173,0.24906567484140396,0.9834667295217514,0.9704090356826782,0.29475734382867813,0.3559428080916405,0.9811627864837646,0.9866442680358887,0.32967425137758255,0.26334119960665703,0.9739752411842346,0.9861627072095871,0.9697563499212265,0.3354024216532707,0.369129903614521,0.3841099664568901,0.991469219326973,0.9773454517126083,0.9861627072095871,0.9697563499212265,0.980194553732872,0.9502539336681366,0.964871883392334,0.9708894491195679,0.9833329021930695,0.975677564740181,0.9772557467222214,0.20360442996025085,0.3520258665084839,0.369129903614521,0.3841099664568901,0.31654520332813263,0.38231462240219116,0.4153660461306572,0.32553091645240784,0.40213170275092125,0.2738456353545189,0.31348858028650284
,,,,40.0,0.9902224540710449,0.2541554644703865,0.9750003814697266,0.49530670046806335,0.9728182107210159,0.9577956944704056,0.3405190110206604,0.4151683449745178,0.9766768962144852,0.9845347553491592,0.28320855647325516,0.3441770263016224,0.9690943956375122,0.9652158915996552,0.42742035537958145,0.3525814637541771,0.9854139536619186,0.9769406467676163,0.3814734071493149,0.2388513870537281,0.9684251546859741,0.9536346942186356,0.9253987371921539,0.3513370528817177,0.48705413937568665,0.6104885339736938,0.9459086209535599,0.9712140262126923,0.9536346942186356,0.9253987371921539,0.9509059935808182,0.9742477685213089,0.9747511297464371,0.9677446484565735,0.9912484437227249,0.970126748085022,0.9871012717485428,0.3704793229699135,0.41870614886283875,0.48705413937568665,0.6104885339736938,0.2899869568645954,0.3073834925889969,0.30351895093917847,0.3923782780766487,0.28338174149394035,0.40935317426919937,0.26755423098802567
,,,,41.0,0.9902134984731674,0.2520606331527233,0.9741453528404236,0.2912293076515198,0.9694048762321472,0.9823368042707443,0.37787526845932007,0.33799728751182556,0.965207114815712,0.9892229586839676,0.38686494529247284,0.28565605357289314,0.96892149746418,0.9765303134918213,0.3652408868074417,0.3640565648674965,0.8927669078111649,0.9874444454908371,0.6168147176504135,0.2779278866946697,0.9725722819566727,0.9935349673032761,0.9713757634162903,0.3789728358387947,0.28354474157094955,0.21384751051664352,0.9901255816221237,0.9800898134708405,0.9935349673032761,0.9713757634162903,0.9636797308921814,0.9740694910287857,0.9738991111516953,0.9854552000761032,0.9986484795808792,0.9517732858657837,0.9667430520057678,0.30865900963544846,0.34230198711156845,0.28354474157094955,0.21384751051664352,0.39663703739643097,0.3708464130759239,0.38877663761377335,0.31444403901696205,0.2149010207504034,0.40308573096990585,0.4071994125843048
,,,,42.0,0.9903467148542404,0.24408100172877312,0.9415198117494583,0.47814421355724335,0.9672773480415344,0.9817535430192947,0.355603963136673,0.2855519503355026,0.9736171960830688,0.9753069579601288,0.27743422985076904,0.3766724169254303,0.9667516797780991,0.9739633649587631,0.4968588650226593,0.2988611161708832,0.9820935279130936,0.9748844802379608,0.2915550172328949,0.3246924504637718,0.969702422618866,0.9849359542131424,0.9974008649587631,0.3395596444606781,0.278774231672287,0.19341691955924034,0.9906435906887054,0.9731456935405731,0.9849359542131424,0.9974008649587631,0.9677203446626663,0.9946315139532089,0.9708383083343506,0.981126144528389,0.616507463157177,0.9770487397909164,0.9746034294366837,0.19986409321427345,0.3562987595796585,0.278774231672287,0.19341691955924034,0.527012787759304,0.27067575976252556,0.36173271387815475,0.2680559456348419,0.8123215734958649,0.3298078067600727,0.26270342245697975
,,,,43.0,0.9903562217950821,0.25060559064149857,0.9732422381639481,0.36393893510103226,0.9778571873903275,0.9783279597759247,0.36835484951734543,0.36309637129306793,0.9639377593994141,0.9875074476003647,0.2693220525979996,0.33122920989990234,0.9778043627738953,0.9786682575941086,0.3552265465259552,0.37168797105550766,0.9940502494573593,0.9805267453193665,0.11254328489303589,0.38375224173069,0.9775146991014481,0.9750911742448807,0.9944462776184082,0.3717399910092354,0.4644567370414734,0.19860060885548592,0.98223015666008,0.971087858080864,0.9750911742448807,0.9944462776184082,0.989078089594841,0.9862605631351471,0.981109008193016,0.9739889055490494,0.8805471062660217,0.9805940985679626,0.9735519737005234,0.37306419014930725,0.4028993025422096,0.4644567370414734,0.19860060885548592,0.2939278669655323,0.356993380934,0.4766494631767273,0.27779992297291756,0.2046661414206028,0.366759292781353,0.34158528596162796
,,,,44.0,0.9902844280004501,0.24822650477290154,0.98250512778759,0.3048372268676758,0.9822495877742767,0.9715210944414139,0.30688776820898056,0.3231084942817688,0.9940866529941559,0.9609357565641403,0.23135213181376457,0.48131655156612396,0.9851150065660477,0.9766044467687607,0.23096467554569244,0.3339385986328125,0.9870098680257797,0.9893090277910233,0.3188231512904167,0.2947028577327728,0.9798369705677032,0.9862106144428253,0.9550334066152573,0.3049282878637314,0.23615175858139992,0.5783542692661285,0.9707338958978653,0.9780372232198715,0.9862106144428253,0.9550334066152573,0.980067178606987,0.9892218261957169,0.9634023755788803,0.9896322339773178,0.988410234451294,0.9824700951576233,0.9891396164894104,0.2147470898926258,0.33619367331266403,0.23615175858139992,0.5783542692661285,0.25921420007944107,0.2697250060737133,0.3141791895031929,0.29271625727415085,0.3762235939502716,0.3234453648328781,0.27405279129743576
,,,,45.0,0.9902844280004501,0.24484223499894142,0.9769653230905533,0.3665669932961464,0.9621470421552658,0.9649487882852554,0.4055282101035118,0.38507066667079926,0.9754656106233597,0.987635999917984,0.40403924137353897,0.28817911818623543,0.9560621827840805,0.9657567888498306,0.39994363486766815,0.3943251222372055,0.9903245866298676,0.9763625711202621,0.2007225565612316,0.419986791908741,0.9619014859199524,0.9779992401599884,0.9877241402864456,0.40246789902448654,0.3754885345697403,0.31028539687395096,0.8835412710905075,0.9648215472698212,0.9779992401599884,0.9877241402864456,0.9520018994808197,0.992722287774086,0.981314092874527,0.9886378347873688,0.9882198721170425,0.955481767654419,0.9573171585798264,1.2263376712799072,0.43720410764217377,0.3754885345697403,0.31028539687395096,0.38104085624217987,0.24883674457669258,0.32064708322286606,0.27835072204470634,0.3823249042034149,0.45252707600593567,0.3934640809893608
,,,,46.0,0.9901011139154434,0.25620193406939507,0.980618491768837,0.3221298009157181,0.9818736165761948,0.9847193956375122,0.29927974194288254,0.2866288721561432,0.9783635288476944,0.9932602345943451,0.21400298550724983,0.20276108384132385,0.9802590012550354,0.9844994395971298,0.36630140990018845,0.27762018889188766,0.9837594032287598,0.9876222014427185,0.3401760719716549,0.23039957880973816,0.9840032160282135,0.9493554085493088,0.9782054275274277,0.2856645882129669,0.33579785749316216,0.33284958451986313,0.9856440424919128,0.9697415232658386,0.9493554085493088,0.9782054275274277,0.9903170168399811,0.9870300889015198,0.9915025979280472,0.9942856281995773,0.996329203248024,0.9855787307024002,0.9806706011295319,0.6175769120454788,0.32732531428337097,0.33579785749316216,0.33284958451986313,0.24684221670031548,0.29239488020539284,0.2123262882232666,0.2602532058954239,0.21118436753749847,0.2903944104909897,0.3065074533224106
,,,,47.0,0.9899351000785828,0.2515953294932842,0.9621085822582245,0.4415961652994156,0.9724995791912079,0.9830048531293869,0.3403266966342926,0.2922864817082882,0.9864321947097778,0.9924024045467377,0.24933859705924988,0.20081323385238647,0.9787064492702484,0.9759310930967331,0.3116789013147354,0.3292583078145981,0.9801514595746994,0.9908028692007065,0.32749105244874954,0.2123682126402855,0.9761557132005692,0.9757381826639175,0.9932503253221512,0.32655808329582214,0.38838794082403183,0.22890540398657322,0.9854429662227631,0.9878992885351181,0.9757381826639175,0.9932503253221512,0.9694494903087616,0.9330283999443054,0.9866051226854324,0.9818867594003677,0.8714298158884048,0.9689911901950836,0.9668125063180923,0.25677547976374626,0.287021029740572,0.38838794082403183,0.22890540398657322,0.32635609805583954,0.6281016916036606,0.26735173538327217,0.29743944481015205,0.13543848879635334,0.29605529457330704,0.4195495545864105
,,,,48.0,0.9896460920572281,0.25833407789468765,0.985679104924202,0.3133537173271179,0.9790655821561813,0.9800700545310974,0.3505646660923958,0.3247855007648468,0.9559184163808823,0.9883309900760651,0.27723222598433495,0.26075585186481476,0.9796514213085175,0.9793636351823807,0.338369645178318,0.3371354639530182,0.9444424211978912,0.979604035615921,0.37103161960840225,0.24726103246212006,0.9796271324157715,0.9870892465114594,0.9773059189319611,0.3353935778141022,0.3641643300652504,0.3151116147637367,0.9758024215698242,0.9788950234651566,0.9870892465114594,0.9773059189319611,0.9590464681386948,0.9891772121191025,0.986666664481163,0.9714943468570709,0.9980804175138474,0.9880445897579193,0.9832895994186401,0.29368455335497856,0.3871719613671303,0.3641643300652504,0.3151116147637367,0.4597254544496536,0.34022749215364456,0.2781302332878113,0.3570319563150406,0.1829983089119196,0.23431962728500366,0.318386260420084
,,,,49.0,0.9891427308320999,0.27052147686481476,0.9815461933612823,0.3127289265394211,0.9686396270990372,0.9844856113195419,0.388514406979084,0.31668659299612045,0.9887979179620743,0.9907454550266266,0.5688449740409851,0.2220219448208809,0.9866198301315308,0.9728812724351883,0.23013897612690926,0.38888268917798996,0.9988379329442978,0.9857616275548935,0.1270395778119564,0.3171154782176018,0.9739683121442795,0.9869261085987091,0.9819137006998062,0.37020834535360336,0.3512358069419861,0.19633379951119423,0.9960450381040573,0.9869312644004822,0.9869261085987091,0.9819137006998062,0.9781977236270905,0.9709681421518326,0.9802384972572327,0.9791446924209595,0.9701177328824997,0.9527527689933777,0.9529022425413132,0.2059984691441059,0.29902802035212517,0.3512358069419861,0.19633379951119423,0.3557131960988045,0.41817693412303925,0.3261631429195404,0.3966412842273712,0.4916155934333801,0.3880198001861572,0.4478602036833763
,,,,50.0,0.988399401307106,0.2886311933398247,0.9925552606582642,0.20599905401468277,0.9711574614048004,0.9766308665275574,0.35926710069179535,0.3261973336338997,0.9661053568124771,0.9773518890142441,0.40713173896074295,0.34950004518032074,0.9747971445322037,0.9710177630186081,0.35731806606054306,0.3518064469099045,0.9877947866916656,0.9662273824214935,0.3265750929713249,0.3338567838072777,0.9709547907114029,0.9843637645244598,0.9932622164487839,0.3633483648300171,0.3377533107995987,0.22854505479335785,0.9795638620853424,0.9785252958536148,0.9843637645244598,0.9932622164487839,0.9665447473526001,0.9881819933652878,0.9627467691898346,0.9887999445199966,0.9858172237873077,0.9627666026353836,0.9701512157917023,0.5836566388607025,0.33046119660139084,0.3377533107995987,0.22854505479335785,0.37200770527124405,0.30222049728035927,0.4430600553750992,0.213761355727911,0.38217948377132416,0.45024649053812027,0.3634405732154846
,,,,,0.9873632788658142,0.2916027680039406,0.9488193690776825,0.4874712973833084,0.9866608381271362,0.9727234244346619,0.2748156413435936,0.3808548226952553,0.9919375628232956,0.981660783290863,0.2708851881325245,0.2856219932436943,0.9678316563367844,0.9832387566566467,0.3509499728679657,0.3236007019877434,0.9839767664670944,0.9846272170543671,0.2344249151647091,0.28516583517193794,0.9805552512407303,0.9945399761199951,0.9907748401165009,0.31460240483283997,0.321897953748703,0.3083929121494293,0.9516669511795044,0.9862184375524521,0.9945399761199951,0.9907748401165009,0.990693986415863,0.9792378842830658,0.9769991189241409,0.9838877022266388,0.9898777455091476,0.9913283437490463,0.9844342321157455,0.765197679400444,0.2571198269724846,0.321897953748703,0.3083929121494293,0.20947473496198654,0.2800571583211422,0.4110352620482445,0.27910714223980904,0.2917790897190571,0.2701920084655285,0.32461418956518173
