SC: R,SC: MAE,SC Test: R,SC Test: MAE,Time SC: 0;: R,Time SC: 1: R,Time SC: 0 : MAE,Time SC: 1 : MAE,Time SC: 0; Test R,Time SC: 1; Test R,Time SC: 0; Test MAE,Time SC: 1; Test MAE,Time,Time:  R,Time:  MAE,Time: Test R,Time: Test MAE,Increasing:  R,Increasing:  MAE,Increasing: Test R,Increasing: Test MAE,Time Increasing: 0 : R,Time Increasing: 1 : R,Time Increasing: 0 : MAE,Time Increasing: 1 : MAE,Time Increasing: 0; Test R,Time Increasing: 1; Test R,Time Increasing: 0; Test MAE,Time Increasing: 1; Test MAE,"Use 1, Time: R","Use 2, Time: R","Use 3, Time: R","Use 1, Time: MAE","Use 2, Time: MAE","Use 3, Time: MAE",A:  R,B:  R,C:  R,A:  MAE,B:  MAE,C:  MAE,   Days Elapsed 1.0: Spin Coating 0; R,   Days Elapsed 1.0: Spin Coating 1; R,   Days Elapsed 2.0: Spin Coating 0; R,   Days Elapsed 3.0: Spin Coating 0; R,   Days Elapsed 4.0: Spin Coating 0; R,   Days Elapsed 6.0: Spin Coating 0; R,   Days Elapsed 11.0: Spin Coating 0; R,   Days Elapsed 15.0: Spin Coating 0; R,   Days Elapsed 31.0: Spin Coating 0; R,   Days Elapsed 34.0: Spin Coating 0; R, Days Elapsed 1.0: Spin Coating 0; MAE, Days Elapsed 1.0: Spin Coating 1; MAE, Days Elapsed 2.0: Spin Coating 0; MAE, Days Elapsed 3.0: Spin Coating 0; MAE, Days Elapsed 4.0: Spin Coating 0; MAE, Days Elapsed 6.0: Spin Coating 0; MAE, Days Elapsed 11.0: Spin Coating 0; MAE, Days Elapsed 15.0: Spin Coating 0; MAE, Days Elapsed 31.0: Spin Coating 0; MAE, Days Elapsed 34.0: Spin Coating 0; MAE
0.9902730286121368,0.2215951728123357,0.9945016950368881,0.15729973404962558,0.9949983656406403,0.9932542443275452,0.14607480863178218,0.17513210111856456,0.9967677146196365,0.9865533709526062,0.1444506441831588,0.23432965397834776,0,0.9907891750335693,0.21343201672093254,0.9968870729207993,0.13716070435263894,0.9962862432003021,0.1299406680257563,0.9938801676034927,0.16252231986906335,0.9963533282279968,0.9935996681451797,0.13724713184616782,0.16415263274712347,0.9893132448196411,0.992654949426651,0.1683195852381842,0.18608894683219285,0.9940198212862015,0.9960271418094635,0.9973978400230408,0.1568531771712005,0.2395823325713476,0.08695315016640554,0.9968924671411514,0.9941876232624054,0.9904859215021133,0.10733969081252973,0.15597105434993186,0.21596073948926908,0.9944934546947479,0.9964144080877304,0.9960271418094635,0.9973978400230408,0.9913222789764404,0.9799587577581406,0.9929077923297882,0.991490051150322,0.9904285073280334,0.9970819503068924,0.13763680219650268,0.13085813302418278,0.2395823325713476,0.08695315016640554,0.1683051543132118,0.1306827615946531,0.19219922619561355,0.19100037623196836,0.16176687437295914,0.13676330885716848
0.9984215646982193,0.07214587698981208,0.9940755516290665,0.1584914973680232,0.9927534013986588,0.9938059896230698,0.18509279325604439,0.15979724786111282,0.9904205352067947,0.9951181411743164,0.25777242126918976,0.16380097608817248,1,0.9924714267253876,0.1906892780591263,0.9941213428974152,0.1572852729707956,0.9933794289827347,0.17362015406268885,0.9944493323564529,0.15629327501187196,0.9956080764532089,0.9923533052206039,0.14588878696615043,0.18475165855528702,0.9918472617864609,0.9923063963651657,0.15758411238590878,0.22293927920215267,0.993260532617569,0.9973460733890533,0.9906206578016281,0.17403884590417146,0.15040151476860042,0.21955558862951058,0.9901172667741776,0.9916289746761322,0.9983567893505096,0.21707330277263465,0.2114093427915199,0.07264980650079159,0.9972713142633438,0.9931414574384689,0.9973460733890533,0.9906206578016281,0.9959345310926437,0.994603842496872,0.9937743991613388,0.9959667474031448,0.9950901418924332,0.9875880628824234,0.12926261002818737,0.1871361490775799,0.15040151476860042,0.21955558862951058,0.1560336112457773,0.10589096695184705,0.16777300621072452,0.142405647970736,0.10862428891658782,0.28409596426146366
,,,,0.9955040216445923,0.9940416365861893,0.15176870961984,0.1527051106606211,0.9970229417085648,0.9981179386377335,0.11794347535480154,0.10962881825864318,2,0.9931883811950684,0.1779847006265367,0.9964481294155121,0.1329818777347866,,,,,0.9966781437397003,0.9944735914468765,0.1262632095813751,0.16063281932428702,0.9961497038602829,0.997852012515068,0.128418683886528,0.10945108884147237,0.9954580664634705,0.9953228831291199,0.983879879117012,0.149573027882725,0.13595850606759396,0.21389641245206192,,,,,,,0.9983522146940231,0.9961809664964676,0.9953228831291199,0.983879879117012,0.997078463435173,0.9977562725543976,0.9903787821531296,0.99860680103302,0.9948140531778336,0.9936386793851852,0.11341623569528247,0.1422819932781417,0.13595850606759396,0.21389641245206192,0.13202341787193134,0.11925938457250591,0.1890417436013619,0.10266664642840627,0.17951056480407715,0.16728632997189252
,,,,0.9948905259370804,0.9938205182552338,0.15225991993038743,0.1647369706545557,0.996609702706337,0.9978935420513153,0.13369048311312992,0.11528704638992038,3,0.9935902208089828,0.17071091087179238,0.987096756696701,0.19666705586693503,,,,,0.9927136451005936,0.9948803782463074,0.1589243381402709,0.15658947104838356,0.9942619353532791,0.9973455667495728,0.16043018023173014,0.11945317310946327,0.9939108341932297,0.9976634532213211,0.9995918422937393,0.16482272965088487,0.10386408739619778,0.07436065243350132,,,,,,,0.9784815907478333,0.99676813185215,0.9976634532213211,0.9995918422937393,0.9932517409324646,0.997159406542778,0.9944808036088943,0.9945663213729858,0.9931421279907227,0.9951594322919846,0.2223237966994445,0.13668163484540474,0.10386408739619778,0.07436065243350132,0.18511170967765478,0.12700558044016358,0.1860845062385003,0.17460314720869063,0.1375294806957245,0.159146444691079
,,,,0.9939112067222595,0.9937027096748352,0.1592543623182509,0.1694326007919652,0.9979488551616669,0.9967140555381775,0.1280291945683329,0.13212521356344226,4,0.9937324225902557,0.16803211006388236,0.9954448193311691,0.141908353353158,,,,,0.9951460957527161,0.9930317252874374,0.1308352126519788,0.17390301442857997,0.9996791929006577,0.9955688267946243,0.08101866215467458,0.1428035507471331,0.9938438832759857,0.995415985584259,0.9948430508375168,0.15825417259335517,0.17436798950036364,0.24108595454030576,,,,,,,0.997569665312767,0.9959183931350708,0.995415985584259,0.9948430508375168,0.9930155575275421,0.9959535896778107,0.993044376373291,0.9928158521652222,0.9901075959205627,0.995607003569603,0.11504555145899455,0.13129234692146036,0.17436798950036364,0.24108595454030576,0.1852627512164738,0.15574607685208325,0.16921571103235086,0.16746698122471565,0.2104126380085945,0.1313117084120001
,,,,0.9965772181749344,0.9930313378572464,0.12764584475093418,0.16001892474293705,0.9930854737758636,0.9981218725442886,0.1768481448818655,0.10671285847822817,5,0.9938226789236069,0.16584031432029903,0.9939369708299637,0.18901774283113149,,,,,0.9958927631378174,0.9946469813585281,0.16325357943773272,0.13286506498705095,0.9973535984754562,0.9933466017246246,0.14672898211262433,0.1484974207811885,0.9964269548654556,0.9852786958217621,0.9903245568275452,0.12635589023120702,0.2935551396343443,0.23645967695448136,,,,,,,0.9989053457975388,0.9985164701938629,0.9852786958217621,0.9903245568275452,0.9948934018611908,0.9994946420192719,0.9950953722000122,0.9954071193933487,0.9931326508522034,0.996849849820137,0.0867881650477647,0.10144109230616997,0.2935551396343443,0.23645967695448136,0.13191837655461358,0.07486363492906092,0.1481113831202189,0.11469124898314471,0.1555034507513046,0.1464592146873474
,,,,0.9947049468755722,0.9955415576696396,0.15907598408284013,0.1379905955536025,0.9954595863819122,0.9961210191249847,0.1815294684063304,0.13829582615332173,6,0.9938659071922302,0.16486812017941743,0.9931963682174683,0.19008246459744196,,,,,0.9944987446069717,0.9950789958238602,0.16013211361386565,0.1477144381893215,0.9950790703296661,0.9963683933019638,0.21184136125776498,0.15034709046284356,0.9943872392177582,0.9990042597055435,0.9988161027431488,0.15737174871191384,0.079500311811765,0.10495169116391084,,,,,,,0.9985959082841873,0.9913634359836578,0.9990042597055435,0.9988161027431488,0.9953286647796631,0.993947833776474,0.99158576130867,0.9950728416442871,0.9956763982772827,0.9975078850984573,0.1131971414387226,0.18833141111094376,0.079500311811765,0.10495169116391084,0.1712534545038058,0.21228973418474198,0.17925180740654473,0.14617904972285026,0.11413502860069275,0.13566951061998095
,,,,0.9927247166633606,0.9963406622409821,0.18270187149445216,0.137782408629145,0.9926769137382507,0.9963058233261108,0.14837761889804488,0.13286100998520856,7,0.9938880056142807,0.16416399587741057,0.9940657168626785,0.1755695336706498,,,,,0.9969701170921326,0.9931823164224625,0.13752371147274972,0.1740711001540298,0.9975613057613373,0.9932599514722824,0.11984167717397207,0.14999639398776565,0.9940312802791595,0.9970448166131973,0.995297446846962,0.1665839669145644,0.1738020884990693,0.12876855876710683,,,,,,,0.998355820775032,0.9918048828840256,0.9970448166131973,0.995297446846962,0.9947422444820404,0.9940876513719559,0.9957219362258911,0.9966031908988953,0.989261731505394,0.9923896342515945,0.11756948808828992,0.15158149180741146,0.1738020884990693,0.12876855876710683,0.15053489703199138,0.19991118170320982,0.1419757837305467,0.13146124862134456,0.22420022052526473,0.20679788938590457
,,,,0.9947015047073364,0.9919969737529755,0.15442740797444626,0.1674841860107013,0.9973925352096558,0.9996308237314224,0.12226929279890932,0.061306546827157284,8,0.9939022213220596,0.1636049845814705,0.9958378225564957,0.15285048188907763,,,,,0.9953045547008514,0.9934886246919632,0.14043050356886608,0.1658441087114277,0.9997401982545853,0.9970933347940445,0.06965720914304267,0.12502533227205273,0.9940973818302155,0.99293252825737,0.9955540150403976,0.15788986349105835,0.20354419920179584,0.14530851377381226,,,,,,,0.9972665309906006,0.9937022477388382,0.99293252825737,0.9955540150403976,0.9950360208749771,0.9961902350187302,0.9924484193325043,0.9925937652587891,0.995881050825119,0.9948876947164536,0.1351232203841209,0.16401721282251955,0.20354419920179584,0.14530851377381226,0.15749932131041655,0.1429262924939394,0.1837552952518066,0.15953830737620586,0.15709892085194585,0.1433494792027133
,,,,0.9942491054534912,0.9957161545753479,0.15906815893672127,0.15852191787958142,0.9970119446516037,0.9926571995019913,0.14618339558442428,0.20575411001841235,9,0.9939157515764236,0.16322014611758542,0.9927057325839996,0.14136042840969867,,,,,0.9928455352783203,0.9956105649471283,0.18041873486204582,0.15177217148133176,0.9982911497354507,0.9932316541671753,0.11943752570585778,0.20136868527957372,0.9950099289417267,0.9931060373783112,0.9933581352233887,0.15989329452067613,0.10883995089266035,0.1903787980477015,,,,,,,0.9976398646831512,0.9919482320547104,0.9931060373783112,0.9933581352233887,0.9955683201551437,0.9957478046417236,0.9969533979892731,0.9934953898191452,0.9934490621089935,0.9968751221895218,0.13587616254885998,0.18346074297510342,0.10883995089266035,0.1903787980477015,0.1602463363823683,0.1865017319470644,0.1564612943679094,0.1886238238215447,0.16532829332351687,0.12052694173795833
,,,,0.9951115846633911,0.9952564984560013,0.16025146983839847,0.1582081538438797,0.9924376755952835,0.99637870490551,0.20248964382254558,0.16211627771457043,10,0.9939226508140564,0.16289762532108285,0.9966349303722382,0.138964652964047,,,,,0.9970874041318893,0.9946022778749466,0.1285647694631057,0.1695886502515024,0.9998020827770233,0.9919218868017197,0.06012673944234857,0.22672750422248128,0.9950138926506042,0.998296707868576,0.9956461042165756,0.1608781980536878,0.11999793516265027,0.17347057110733455,,,,,,,0.9982683062553406,0.9951218962669373,0.998296707868576,0.9956461042165756,0.996209979057312,0.9910231530666351,0.9915635287761688,0.9953881502151489,0.9936267733573914,0.9977844208478928,0.13657990381121643,0.15526671452768914,0.11999793516265027,0.17347057110733455,0.11031937731348951,0.2787343184649944,0.17521883430580296,0.16182141054421662,0.22092141956090924,0.12924200106944356
,,,,0.9941882938146591,0.9946337640285492,0.14665829311918327,0.1746989367519106,0.9984102696180344,0.994864210486412,0.1065300659443203,0.18060093684629963,11,0.9939416497945786,0.16269011384650564,0.9943723231554031,0.1631208718840669,,,,,0.9896343052387238,0.9952757209539413,0.17988388369029212,0.15039649901995017,0.9854285269975662,0.9969574809074402,0.1896510726213455,0.13576011572823382,0.9940750598907471,0.995500847697258,0.9952714443206787,0.15635059619322417,0.19830319013860484,0.14079973876476293,,,,,,,0.996278315782547,0.9894800335168839,0.995500847697258,0.9952714443206787,0.9982119649648666,0.9959006458520889,0.9956859648227692,0.9907598942518234,0.998791515827179,0.9937138557434082,0.1307462349534034,0.20054718527300602,0.19830319013860484,0.14079973876476293,0.09325102515842602,0.151292612105608,0.15232914209365844,0.24700904466211795,0.09271129646897319,0.1719245681166649
,,,,0.9946708381175995,0.9911641329526901,0.1735881510045793,0.19827696640150888,0.9955667704343796,0.9885517805814743,0.1678654529154301,0.21046745674477682,12,0.9939883202314377,0.16243317968055104,0.9964157193899155,0.12689572589962106,,,,,0.9956876635551453,0.9927950203418732,0.17206199610775166,0.1869864159733502,0.9953059703111649,0.9928197860717773,0.1743401551743348,0.19437080197609394,0.9941007047891617,0.9824681282043457,0.9856380671262741,0.17508424453437332,0.29267168217235145,0.21993156764242383,,,,,,,0.9907566457986832,0.9927343130111694,0.9824681282043457,0.9856380671262741,0.9962638020515442,0.9872701168060303,0.9965178668498993,0.9871880263090134,0.9977750480175018,0.9955977499485016,0.2221764679749807,0.1909614798734928,0.29267168217235145,0.21993156764242383,0.16443383076916568,0.2332634995132685,0.12216597663859528,0.22924113061279056,0.13298878961801533,0.17506335788539482
,,,,0.9944683909416199,0.991466611623764,0.15905397624329287,0.18412714757238113,0.9956265836954117,0.9940966069698334,0.19359152458962942,0.16361466596523921,13,0.9940059781074524,0.16244994770275073,0.9958035498857498,0.16314641123468226,,,,,0.9933333098888397,0.9934128820896149,0.1748101204227317,0.16697824183684679,0.9915075749158859,0.9957888424396515,0.3131348585089047,0.15370331969526083,0.9936118572950363,0.9903421998023987,0.9924391210079193,0.1688176031149924,0.2039083507325913,0.13563765380117626,,,,,,,0.9944545030593872,0.989352211356163,0.9903421998023987,0.9924391210079193,0.9963988661766052,0.9972045570611954,0.9889516085386276,0.9906223267316818,0.996795728802681,0.9954385310411453,0.16124517614642778,0.2050423214353364,0.2039083507325913,0.13563765380117626,0.14235228510006614,0.09850584767758847,0.18530815176665785,0.21566556312143803,0.14147943580150604,0.15499512257320544
,,,,0.9937451034784317,0.9945964962244034,0.1492660233599168,0.1407133698293141,0.9962772130966187,0.9769698083400726,0.15649696499109272,0.17465895944833754,14,0.9940119683742523,0.16251450553703845,0.9939282089471817,0.16117581777274606,,,,,0.9908890873193741,0.9950435310602188,0.17739648934115063,0.13556134684761956,0.992079421877861,0.9942323863506317,0.3038441239595413,0.14266378936944188,0.9939953684806824,0.995117574930191,0.9955099076032639,0.1463710522800684,0.1304882111814287,0.15298924684524534,,,,,,,0.9955450594425201,0.9953729212284088,0.995117574930191,0.9955099076032639,0.9879112094640732,0.9965618550777435,0.9948188215494156,0.9950927644968033,0.9946196377277374,0.9953217804431915,0.10811067521572117,0.13892036331110985,0.1304882111814287,0.15298924684524534,0.19644938468933099,0.06557885110378267,0.12911973685026168,0.18140220221132042,0.160739127278328,0.1369389533996582
,,,,0.9946061074733734,0.9952968209981918,0.14674397605436817,0.14773540572609223,0.9968318790197372,0.9990294426679611,0.109690038246267,0.09176398208508131,15,0.9940116852521896,0.16262353944979357,0.9955854266881943,0.1723930944800377,,,,,0.9948580712080002,0.9950076341629028,0.14974634284322913,0.14627603640752052,0.9993156045675278,0.9973206073045731,0.08217666498252321,0.10793155877486524,0.9950503557920456,0.9907806664705276,0.9963367283344269,0.1418917009085417,0.22809111820326927,0.1593709042999479,,,,,,,0.9939244091510773,0.9956482648849487,0.9907806664705276,0.9963367283344269,0.997298926115036,0.9977013766765594,0.9971712380647659,0.996820330619812,0.9951881021261215,0.9932565838098526,0.14809355303645136,0.1329297957543669,0.22809111820326927,0.1593709042999479,0.10714273203974181,0.12332705646753314,0.11943205801149209,0.13817691519856456,0.1948910713791847,0.165880883038044
,,,,0.9956399947404861,0.9910365641117096,0.14295636795185232,0.19890280789136888,0.9967273771762848,0.9954437613487244,0.16675803545643303,0.12732808332694207,16,0.9940464198589325,0.1623501177081901,0.9952852874994278,0.17076374484433063,,,,,0.9973239749670029,0.9924319386482239,0.10228506658564913,0.1855368856173843,0.9984121918678284,0.9964041411876678,0.07971507452428336,0.16487140593784197,0.9931625723838806,0.9995944947004318,0.9958682507276535,0.17158169524744155,0.06677082849873439,0.145386167301072,,,,,,,0.9959048926830292,0.9954716563224792,0.9995944947004318,0.9958682507276535,0.9962195456027985,0.9982359856367111,0.9849258959293365,0.9919629096984863,0.9975376725196838,0.9944608807563782,0.17132727091511096,0.150982914772527,0.06677082849873439,0.145386167301072,0.124387875251148,0.19459180466830736,0.2542304788778226,0.24102023769170047,0.13508569976687437,0.14076480343937872
,,,,0.9928328394889832,0.9944011270999908,0.18752406047450174,0.15564453265496658,0.9923905730247498,0.9950913935899734,0.19283088165780776,0.14922420693071264,17,0.994054839015007,0.16222803218980852,0.988358348608017,0.212911640675295,,,,,0.9911562353372574,0.9940737187862396,0.1833373565429991,0.17224531650988023,0.9966055005788803,0.9926501363515854,0.12476736334237186,0.19025586566617414,0.9932135492563248,0.9975793063640594,0.994276374578476,0.17932226007804275,0.09995217204093933,0.17295395500130123,,,,,,,0.9914483428001404,0.9915033578872681,0.9975793063640594,0.994276374578476,0.9946075826883316,0.9930761158466339,0.9959752708673477,0.9943879395723343,0.9932558983564377,0.9913797080516815,0.21391790365179386,0.1817492234912412,0.09995217204093933,0.17295395500130123,0.1599132133307664,0.155620933175087,0.1556835524737835,0.13347134765237564,0.2012470402419566,0.2154984747724874
,,,,0.9953184276819229,0.9961352944374084,0.1433494314054648,0.14487861646073202,0.9963824450969696,0.995004341006279,0.1524030565080188,0.1759340436641986,18,0.9940521717071533,0.16219762420721268,0.9929739236831665,0.15327608271556742,,,,,0.9951050728559494,0.9955840110778809,0.12702372652563182,0.1495089380776704,0.9968080371618271,0.9965582340955734,0.21903735260168708,0.1490493905970028,0.9956968277692795,0.9923590421676636,0.9967925548553467,0.14218081092834473,0.1794991580645243,0.1398688993851343,,,,,,,0.9953321367502213,0.9964178949594498,0.9923590421676636,0.9967925548553467,0.9949293434619904,0.9975031316280365,0.9971273839473724,0.9970469623804092,0.9963099807500839,0.9933268427848816,0.14271316722035407,0.10057077424279572,0.1794991580645243,0.1398688993851343,0.14709596506927325,0.11181273296475402,0.14036047068734964,0.13662382952868932,0.12488711521029469,0.20677618978278978
,,,,0.9929300248622894,0.9916308373212814,0.18401607438370032,0.19249923225811552,0.9958066791296005,0.9876171201467514,0.15130033439711524,0.232186900443501,19,0.9940721392631531,0.1618648735191045,0.9941035956144333,0.17434026623094404,,,,,0.9954898804426193,0.9915338456630707,0.14156767730008468,0.20238584973474044,0.998228445649147,0.9870354533195496,0.10409638216098151,0.23219655127525335,0.9923672527074814,0.9966603219509125,0.9795654863119125,0.18972724821791054,0.12941752917236748,0.2030626875824399,,,,,,,0.9980642348527908,0.9954870492219925,0.9966603219509125,0.9795654863119125,0.9925815463066101,0.9973895698785782,0.9945178925991058,0.9840699285268784,0.9937590658664703,0.9879040867090225,0.10287014653285352,0.15508632207738945,0.12941752917236748,0.2030626875824399,0.17755099185135048,0.1332007069140673,0.16474500320851806,0.33089388865977526,0.15461441135406495,0.25480951483760567
,,,,0.9920504689216614,0.9920708686113358,0.19853710951628514,0.19797327543582235,0.9880646467208862,0.9923067986965179,0.2154350353280703,0.18561469354232146,20,0.994103416800499,0.16130312066734506,0.9933916181325912,0.19460149245384406,,,,,0.9866627007722855,0.9934703260660172,0.25643952264027164,0.1792298343221643,0.9845428615808487,0.9903774708509445,0.17524302974343298,0.21137796960530741,0.9919145554304123,0.9954332560300827,0.9914574176073074,0.19813619383051995,0.12515637146102063,0.27466011799044093,,,,,,,0.9854484051465988,0.9933287501335144,0.9954332560300827,0.9914574176073074,0.995726689696312,0.9828821569681168,0.994120180606842,0.9923946410417557,0.9927234947681427,0.9905538111925125,0.28382076402505235,0.1691810649016808,0.12515637146102063,0.27466011799044093,0.14177918491156205,0.3842931289225817,0.16779058026770752,0.17668499633669854,0.20915240484476091,0.21490867844649722
,,,,0.9919860512018204,0.9952958226203918,0.18680031278619058,0.1406310639636857,0.9899293184280396,0.9971571415662766,0.22421485202180014,0.10887221112847326,21,0.9941608756780624,0.16033613749099582,0.9960663467645645,0.1415301905309453,,,,,0.9908317029476166,0.9940136820077896,0.1928581369735977,0.1606929119531788,0.9878509789705276,0.9952886551618576,0.2751733762025833,0.14738508350082802,0.9930206835269928,0.9944057911634445,0.9967914521694183,0.17021245464682577,0.16423816495471522,0.14516364170445328,,,,,,,0.9950812458992004,0.9926315993070602,0.9944057911634445,0.9967914521694183,0.9887870997190475,0.9940063506364822,0.9961591511964798,0.9922153651714325,0.9949899613857269,0.9916501641273499,0.1511118639012177,0.18811514494747944,0.16423816495471522,0.14516364170445328,0.20414151878460596,0.1610185202211142,0.1292625808467468,0.13399465758353474,0.18205682951211927,0.1819484635548932
,,,,0.9961759001016617,0.9956334382295609,0.1287015277726783,0.15409237499747958,0.9979778677225113,0.9950379133224487,0.12961655888118245,0.17035796669813305,22,0.9941962957382202,0.15965587231215467,0.9961794763803482,0.11406260604038834,,,,,0.9958833307027817,0.9959802180528641,0.11395976792682304,0.14680598104845233,0.999432697892189,0.9957499951124191,0.07971519720554351,0.15847386354649512,0.995994970202446,0.9970432668924332,0.9954066872596741,0.13566200747899715,0.14590291539828,0.18524259633488127,,,,,,,0.9948078244924545,0.9956860840320587,0.9970432668924332,0.9954066872596741,0.997374415397644,0.9961528182029724,0.9951103627681732,0.9954556226730347,0.9953219145536423,0.9972763508558273,0.08761552676558497,0.13903595208094038,0.14590291539828,0.18524259633488127,0.09114904110846311,0.09181176029145717,0.18824585740764935,0.139804305061698,0.15262008866667748,0.14229990273714072
,,,,0.9931923151016235,0.9946867376565933,0.16020697870740183,0.15961040914910177,0.9921183884143829,0.9960466772317886,0.17175055202684902,0.1457659842286792,23,0.9942353516817093,0.15894708488764386,0.9966475516557693,0.1131761102034495,,,,,0.9944983869791031,0.9935148805379868,0.15292383772405715,0.16228681913507514,0.9921667277812958,0.9945569187402725,0.22066917419433602,0.14798031896352767,0.9936956763267517,0.9938516616821289,0.9938622117042542,0.15452597578242416,0.20611180524031325,0.2106580358743667,,,,,,,0.9943927079439163,0.9981111884117126,0.9938516616821289,0.9938622117042542,0.9958211332559586,0.996267631649971,0.995542049407959,0.9949228167533875,0.9854026734828949,0.9907920807600021,0.14943376903732614,0.0973694178975861,0.20611180524031325,0.2106580358743667,0.14152122158071267,0.18007345840334896,0.1282696367055177,0.15938286691904063,0.22653240492939947,0.18758631778614865
,,,,0.9934632182121277,0.9945293813943863,0.1639803112546603,0.17958509354080476,0.9957423955202103,0.9905885010957718,0.1760273300806681,0.21624319538474082,24,0.9942654669284821,0.15836207740762262,0.9853365272283554,0.26552150083912746,,,,,0.9907275289297104,0.9944989681243896,0.1573674821311777,0.1743034461496481,0.9863633066415787,0.9935795962810516,0.1562523535490036,0.20245757216756993,0.9938089549541473,0.9958030581474304,0.9933785945177078,0.16846038540080188,0.20110426055060487,0.1685813170009189,,,,,,,0.9963465631008148,0.9879142045974731,0.9958030581474304,0.9933785945177078,0.9972990304231644,0.9948932975530624,0.9923428297042847,0.9963544607162476,0.9948934018611908,0.99595046043396,0.13267312859495478,0.23403966315861408,0.20110426055060487,0.1685813170009189,0.11071277867192802,0.18579327575862414,0.2228668904056152,0.14393152348697189,0.1648527367413044,0.1283188314948763
,,,,0.9925201535224915,0.9844384640455246,0.16791787290462742,0.20649005531413211,0.9959357976913452,0.9745888262987137,0.15910479044914244,0.2689208315049901,25,0.9942886084318161,0.15778305398279363,0.9955460727214813,0.13342215405928123,,,,,0.9892553836107254,0.9893488138914108,0.13608181614767423,0.198521152343323,0.9989791363477707,0.9834097027778625,0.07309824060310016,0.26729497414368847,0.9900386333465576,0.9951274991035461,0.9831416606903076,0.18047200972959399,0.1416199080811606,0.27103702803452817,,,,,,,0.9959423989057541,0.9912179857492447,0.9951274991035461,0.9831416606903076,0.9927840679883957,0.9877575635910034,0.9808978289365768,0.9847322106361389,0.9917419850826263,0.9951025098562241,0.09892474040389064,0.13281253286476793,0.1416199080811606,0.27103702803452817,0.15929889785206836,0.25170818649232396,0.272962800214688,0.18763666231185197,0.22238589924573898,0.1485110343354089
,,,,0.9942092895507812,0.9956962913274765,0.14917557194828987,0.12661989167758397,0.9947842061519623,0.9972079247236252,0.17031788508097326,0.11095560419559476,26,0.994303748011589,0.15748468597283524,0.9958163797855377,0.1478794847215925,,,,,0.9954215437173843,0.9947594702243805,0.12912931836464187,0.1439751069314444,0.9968731254339218,0.9951475709676743,0.11681840562820431,0.159210410695523,0.9945255666971207,0.9988238513469696,0.999288946390152,0.14980891414359213,0.05068643934196897,0.06097221732139588,,,,,,,0.9969905912876129,0.9958231449127197,0.9988238513469696,0.999288946390152,0.9913052171468735,0.9905670434236526,0.9941289722919464,0.996731162071228,0.9957379847764969,0.9957391172647476,0.13750916297237073,0.11971365799163947,0.05068643934196897,0.06097221732139588,0.1742658649061037,0.29565103434026246,0.1624041208873193,0.14441591575741766,0.1435275896787644,0.12126394816807337
,,,,0.9944819509983063,0.9915241450071335,0.15715441957116127,0.18763929998874665,0.994004413485527,0.9961117953062057,0.14192472923369637,0.150204893708229,27,0.9943066388368607,0.15736538181813914,0.993039682507515,0.1754314851926433,,,,,0.9923205375671387,0.9936751574277878,0.17723099337382744,0.16648705006535375,0.9908759593963623,0.9949705749750137,0.13024988609552382,0.15119206976432067,0.9933710843324661,0.9976796209812164,0.9938062727451324,0.17059885798394678,0.1335640730460485,0.17883722265561416,,,,,,,0.9895747750997543,0.9942364990711212,0.9976796209812164,0.9938062727451324,0.992958590388298,0.9995395392179489,0.9918873459100723,0.9894638210535049,0.9955077916383743,0.9938321560621262,0.20898280034462605,0.16736959329966838,0.1335640730460485,0.17883722265561416,0.14507195397563602,0.07884599328041078,0.18594355431695778,0.20954385232180356,0.14302840957045557,0.18896318167448045
,,,,0.9919570982456207,0.9958274513483047,0.19886476849516233,0.16039114664282117,0.9965433180332184,0.9969150424003601,0.13299684110614984,0.16592719737972533,28,0.9943283349275589,0.1570562063174301,0.9971966296434402,0.11788659214973446,,,,,0.9955307096242905,0.9928968697786331,0.15570920115167444,0.1929370901789238,0.9944571107625961,0.9976243376731873,0.20856589933236439,0.13328954306932597,0.9936545193195343,0.9975079447031021,0.9916288703680038,0.18333855241909622,0.2185456152757008,0.15596621010038583,,,,,,,0.9966676384210587,0.9926733076572418,0.9975079447031021,0.9916288703680038,0.9897583276033401,0.99151311814785,0.9967266172170639,0.9968235492706299,0.9942130446434021,0.9903849065303802,0.13871685003240902,0.19356426413716937,0.2185456152757008,0.15596621010038583,0.19429633835087648,0.1527458553761244,0.15587983312706152,0.1531909403204918,0.18037703612446787,0.23448955084596362
,,,,0.9946925044059753,0.9956459403038025,0.1577886408512239,0.15457260463067463,0.9963130056858063,0.999237447977066,0.12490403385389418,0.08671803033351896,29,0.9943332076072693,0.15703342574700882,0.9966393113136292,0.15617552930308926,,,,,0.9929819852113724,0.995974987745285,0.19625775043259966,0.14347697178374477,0.9986371248960495,0.9971701949834824,0.11152200721204275,0.11295598457688868,0.995104119181633,0.9970845133066177,0.9939797222614288,0.15578661524504422,0.1257604389058219,0.20039486030737558,,,,,,,0.9947097599506378,0.992516353726387,0.9970845133066177,0.9939797222614288,0.9973079413175583,0.9925738722085953,0.9983367174863815,0.9947675168514252,0.9986291378736496,0.9931903630495071,0.16964826067288716,0.1779606702204408,0.1257604389058219,0.20039486030737558,0.12489569816900337,0.20251049809157845,0.09123186906178792,0.22870889466255917,0.11273348450660707,0.18332003340125083
,,,,0.9928784221410751,0.9928135275840759,0.17395091192589865,0.16852119688476833,0.9937068819999695,0.993328407406807,0.2012479545040564,0.22956537310893727,30,0.9943374842405319,0.15716524702109647,0.9956269711256027,0.12651605483463835,,,,,0.9891703128814697,0.9938291907310486,0.20631286749785596,0.16048818485505545,0.9927843660116196,0.9944294095039368,0.20494557398557656,0.2144940102815628,0.9924856424331665,0.9968159347772598,0.9986079186201096,0.1754113276824355,0.18351504564285281,0.09619263165526913,,,,,,,0.9891967475414276,0.9908687025308609,0.9968159347772598,0.9986079186201096,0.9942801892757416,0.9987835139036179,0.9936655610799789,0.991652175784111,0.9908014386892319,0.9955392926931381,0.23475007310509682,0.2151256548125168,0.18351504564285281,0.09619263165526913,0.18573160456574478,0.07818036511540412,0.1321000824371974,0.20573185622692108,0.19337224787473675,0.13511927713240895
,,,,0.9890316128730774,0.9970954954624176,0.18997596804742456,0.12184672040598732,0.9880509823560715,0.9967746883630753,0.22249723828974222,0.13634722703695293,31,0.9943359792232513,0.157214563632949,0.9971171766519547,0.12612796781524535,,,,,0.9867537915706635,0.9938906133174896,0.18834289549426594,0.15492229411851113,0.9928423762321472,0.9920689910650253,0.2102233925461769,0.18731811185677838,0.9920187741518021,0.998782679438591,0.9937438368797302,0.16799822410196064,0.07804781927002796,0.16272545946968928,,,,,,,0.9956366270780563,0.9856886118650436,0.998782679438591,0.9937438368797302,0.9896389693021774,0.9963438659906387,0.9969919323921204,0.9980094283819199,0.9964526742696762,0.9895105957984924,0.10816008056203527,0.18008879279268195,0.07804781927002796,0.16272545946968928,0.19680688458940254,0.2545431195944548,0.1311073805143436,0.11986333947628736,0.13956436088681218,0.21216565066150253
,,,,0.9942699670791626,0.9934965074062347,0.16012537093626128,0.18967267460482465,0.9922163188457489,0.9939984381198883,0.2410003109354722,0.1683256714542706,32,0.9943371415138245,0.15723930821325002,0.9906561374664307,0.1868402208243647,,,,,0.9919654130935669,0.9947090148925781,0.21023442436348314,0.15910681264613996,0.983565166592598,0.9943462610244751,0.3476557083129883,0.18694755985186648,0.9942807853221893,0.9815253466367722,0.9975760579109192,0.1631294099129737,0.3173775462971793,0.17928057571252187,,,,,,,0.9930936545133591,0.9939431101083755,0.9815253466367722,0.9975760579109192,0.995790034532547,0.9958209991455078,0.9943581074476242,0.9965903609991074,0.9969914108514786,0.992499828338623,0.22392211740215623,0.17991469146876493,0.3173775462971793,0.17928057571252187,0.1283610219281653,0.13095135755836965,0.1916836809615295,0.0949807032197714,0.11815918642282493,0.20403273094977653
,,,,0.9932039380073547,0.9947970658540726,0.18669790660893473,0.16161924355370658,0.9910688698291779,0.9888312220573425,0.2545095632757459,0.23705465263128278,33,0.9943443536758423,0.15729279396909007,0.9921033382415771,0.17988936210672063,,,,,0.9956161379814148,0.9931923151016235,0.1552310295944864,0.1839295211879175,0.9909432232379913,0.9893704950809479,0.37304668724536877,0.22207468315958978,0.9935172349214554,0.9971972107887268,0.9970981031656265,0.18287146873027085,0.13887771732277338,0.1074874446127149,,,,,,,0.9951585382223129,0.9953670352697372,0.9971972107887268,0.9970981031656265,0.9946167171001434,0.997286781668663,0.9953674077987671,0.9940148890018463,0.9898781180381775,0.9929231703281403,0.1855099161962668,0.1355544326634242,0.13887771732277338,0.1074874446127149,0.20469094084656758,0.11463805466890334,0.16958636651436493,0.1749918019026518,0.23158272206783292,0.21341590074556213
,,,,0.9932584017515182,0.9938586503267288,0.17787437068091497,0.18642680986438476,0.9941935837268829,0.9987381547689438,0.19961763349672154,0.10409554389806895,34,0.9943452030420303,0.1574192322874337,0.9909498393535614,0.1751897712494876,,,,,0.9918627440929413,0.9944508075714111,0.23826828119429677,0.1625112253916797,0.9929472208023071,0.9967420101165771,0.22201749373566018,0.14237976544178446,0.9928216487169266,0.9996606260538101,0.9987990260124207,0.19266622204706071,0.06424788720077933,0.09505347311496731,,,,,,,0.9937230348587036,0.9968916326761246,0.9996606260538101,0.9987990260124207,0.9917477667331696,0.992415726184845,0.9937465935945511,0.9918050616979599,0.996466726064682,0.9892333596944809,0.29244243592023855,0.14826186585015264,0.06424788720077933,0.09505347311496731,0.202875282427539,0.12362137973308565,0.19044519521296027,0.22101062096655366,0.13993968644738194,0.2306050598621368
,,,,0.9958375245332718,0.9958269447088242,0.1497409738545065,0.13802461131129945,0.9958512187004089,0.9983521550893784,0.1763136428323659,0.09337200151040005,35,0.9943448901176453,0.15764194494552825,0.995465025305748,0.13337432375124525,,,,,0.9965552240610123,0.9958544224500656,0.13433661859143864,0.14867863857924046,0.9929757565259933,0.9976937025785446,0.19757910807927465,0.12748167838041596,0.9959354251623154,0.9987704455852509,0.9847651273012161,0.1487473195567727,0.107117992705769,0.11890166600545249,,,,,,,0.9990253746509552,0.9953275322914124,0.9987704455852509,0.9847651273012161,0.9966301470994949,0.999545618891716,0.9961173683404922,0.9941734671592712,0.9933554083108902,0.996562048792839,0.07181730265418688,0.1614846107055401,0.107117992705769,0.11890166600545249,0.12791793426741724,0.08597877874970447,0.18349421595533685,0.14761722519993783,0.18595647934079176,0.1478535914846829
,,,,0.9934434443712234,0.9938831776380539,0.16143935720677727,0.1660930475762912,0.9870299845933914,0.99211286008358,0.22395392626523974,0.15777909667595574,36,0.9943421930074692,0.15781179063775566,0.9960315972566605,0.15241607312972727,,,,,0.9954349845647812,0.9931132793426514,0.13618124589324002,0.1721640943457831,0.9926024526357651,0.9909194558858871,0.1689085465127772,0.19122100647006712,0.993569478392601,0.9950165748596191,0.9978834241628647,0.16377654629945756,0.14914988398551937,0.16837421304649774,,,,,,,0.994294211268425,0.9959880858659744,0.9950165748596191,0.9978834241628647,0.9967448264360428,0.9945412129163742,0.9934071004390717,0.9946195334196091,0.984980970621109,0.9941539317369461,0.1741644957661629,0.11202996280686607,0.14914988398551937,0.16837421304649774,0.13441300703131637,0.1596205294132232,0.1794408439348141,0.1482652172073722,0.27071913629770283,0.1572762254306248
,,,,0.9953694641590118,0.9911865293979645,0.1556708767568624,0.18985775488615036,0.9970635324716568,0.9900123476982117,0.14486762457034172,0.10902721854773435,37,0.9943361133337021,0.15810479098491453,0.9941460490226746,0.14754544517823628,,,,,0.9954063594341278,0.993449792265892,0.1628215846690265,0.1711816993800562,0.995434507727623,0.997925654053688,0.19158329740166666,0.1064690844416619,0.9940572828054428,0.9903132319450378,0.9942143112421036,0.16649309842288496,0.24931337568495013,0.13553132494290668,,,,,,,0.9899773001670837,0.9959543496370316,0.9903132319450378,0.9942143112421036,0.9938425719738007,0.9972969591617584,0.9907487332820892,0.9927792698144913,0.9944098889827728,0.9967279583215714,0.20888105536500615,0.1867423066805149,0.24931337568495013,0.13553132494290668,0.10568240103514297,0.17194754548370844,0.16989342478414377,0.20265169050544501,0.15528862160444268,0.16017425111361916
,,,,0.993327721953392,0.995416596531868,0.15553595558912667,0.1633375494224685,0.9938866496086121,0.9987139403820038,0.18456405331259193,0.08752626623426164,38,0.9943324625492096,0.1583110150460447,0.996895432472229,0.1310734006166458,,,,,0.9936739504337311,0.9944758415222168,0.16031217086044228,0.1580431093431231,0.9987293034791946,0.9921282976865768,0.0965410968330172,0.18994223004295713,0.9940000176429749,0.9991796612739563,0.9892574399709702,0.15855051998421554,0.0860490766498777,0.23210969143443638,,,,,,,0.9954221397638321,0.9960254728794098,0.9991796612739563,0.9892574399709702,0.9872081428766251,0.9965256601572037,0.9958183020353317,0.9960969984531403,0.9950145781040192,0.9936055690050125,0.15656020204226173,0.12390099112329817,0.0860490766498777,0.23210969143443638,0.19001253503820176,0.15485318712890148,0.16747135077913608,0.16701026976108552,0.1396976464986801,0.17148884370923043
,,,,0.9938822388648987,0.9945654720067978,0.16117269805184117,0.1554178054205009,0.9941641986370087,0.9976286590099335,0.18194800514241918,0.1371295410096645,39,0.9943226873874664,0.15868495949868405,0.9950331300497055,0.135224281892632,,,,,0.9940047860145569,0.9941556453704834,0.1600235087492249,0.15854375214941463,0.9984262883663177,0.9938415437936783,0.13924929908343714,0.17620599481921928,0.9940562844276428,0.9911649227142334,0.9991853833198547,0.1585917785968631,0.22352397647168906,0.0999442058139377,,,,,,,0.9978803247213364,0.9966681897640228,0.9911649227142334,0.9991853833198547,0.9924777001142502,0.988928347826004,0.997855544090271,0.9877103865146637,0.9938637167215347,0.9937855303287506,0.14449055001139638,0.11318223638781183,0.22352397647168906,0.0999442058139377,0.17372619133928538,0.21546201713383192,0.10328429648031792,0.2347077541425824,0.1554940875172615,0.1891101496347359
,,,,0.9958628416061401,0.9908584207296371,0.13412481037554916,0.18944429510831837,0.9971502125263214,0.9934220910072327,0.1227934746389036,0.21698760744184256,40,0.9943073093891144,0.15899139282743582,0.9945967644453049,0.1388648775982302,,,,,0.9972843825817108,0.9929830133914948,0.11423850337212735,0.16955288504486654,0.9971673041582108,0.9948460906744003,0.13683021043737725,0.16597626166958965,0.993912935256958,0.9948260188102722,0.9960158318281174,0.15793694084882737,0.14086017025841607,0.13432549125618404,,,,,,,0.9979113191366196,0.9967852383852005,0.9948260188102722,0.9960158318281174,0.9973758906126022,0.9926133453845978,0.9930909126996994,0.9830896556377411,0.9941687136888504,0.9968594908714294,0.1072456502914428,0.1381098491981112,0.14086017025841607,0.13432549125618404,0.11697101743324945,0.17059995874762535,0.22178616856535277,0.26091344974935055,0.15966847488284114,0.11542113685182168
,,,,0.9925297349691391,0.9929466545581818,0.2006770351805069,0.18363296331678114,0.9852860867977142,0.9927234649658203,0.24914859741926193,0.1822867245475451,41,0.9943053126335144,0.15925514262378884,0.9949531704187393,0.18774713804324467,,,,,0.9905825555324554,0.9934437572956085,0.23890934425321492,0.17921952301886543,0.9873345643281937,0.9900374561548233,0.23016573369503018,0.21016072598787455,0.992146834731102,0.9961773157119751,0.9974797517061234,0.20111044031381606,0.1730158264107175,0.08806822068161431,,,,,,,0.990533635020256,0.9907544404268265,0.9961773157119751,0.9974797517061234,0.9918888658285141,0.9994984269142151,0.9965021312236786,0.9849221259355545,0.9937935918569565,0.9919394999742508,0.24491461987296737,0.25315583017365695,0.1730158264107175,0.08806822068161431,0.22048489539519595,0.07422300390899178,0.14806594061354791,0.25074954170733693,0.17065987545251846,0.1876238259460245
,,,,0.9949193596839905,0.9943568557500839,0.13832047592710567,0.1533820311043944,0.9947750121355057,0.9929393827915192,0.13413159808208203,0.18944068847099943,42,0.994286522269249,0.15966295267758743,0.9896603375673294,0.2203985825045542,,,,,0.9974118024110794,0.994022011756897,0.11126022949814794,0.15507390545152905,0.997544676065445,0.991822212934494,0.10126244737551764,0.17467788078131213,0.9946396052837372,0.9951756149530411,0.9957056641578674,0.14162341952137647,0.1901565874947443,0.14491073171297708,,,,,,,0.9956120550632477,0.9964193254709244,0.9951756149530411,0.9957056641578674,0.9935880452394485,0.9945871382951736,0.9936877191066742,0.9957128763198853,0.9960637092590332,0.9930489808320999,0.13649971897403396,0.12272745707939411,0.1901565874947443,0.14491073171297708,0.18931992846986517,0.15749911218881613,0.15758663424601163,0.14381625887006524,0.13151986175775526,0.11195598717246735
,,,,0.9961265176534653,0.9951304197311401,0.1343452458138819,0.16260538315773007,0.9966552704572678,0.994167372584343,0.10322194555710099,0.2786298869053523,43,0.9942786991596222,0.16001536206248101,0.9957721382379532,0.13021867129363512,,,,,0.9960148930549622,0.9956217259168625,0.15423078692772169,0.1425784336942345,0.9986108094453812,0.9955466538667679,0.18290149033069603,0.1345964210430781,0.9960542321205139,0.9881210178136826,0.9966306984424591,0.143028557613492,0.17915303289890286,0.1549689086278279,,,,,,,0.9963182210922241,0.9959199875593185,0.9881210178136826,0.9966306984424591,0.9953533113002777,0.9988665580749512,0.9957164525985718,0.995743915438652,0.9991480112075806,0.995462954044342,0.1685484864314397,0.1430035289197132,0.17915303289890286,0.1549689086278279,0.15019868868848554,0.1456147072464227,0.1839944942543904,0.121051937751472,0.07619761282205581,0.15066951666559497
,,,,0.9942608773708344,0.9959169775247574,0.16144923163784872,0.1464913956948689,0.9951471537351608,0.9978525191545486,0.16049012967518397,0.13714240440300535,44,0.9942632168531418,0.1606621048524139,0.9967904686927795,0.13517421053137094,,,,,0.9936636984348297,0.9953187853097916,0.16199183978817683,0.15345727134996384,0.9996771812438965,0.9962782859802246,0.11235461960236241,0.15917787171643352,0.9950135350227356,0.9996023029088974,0.9950150549411774,0.15449615354463458,0.15042431579695809,0.17974569737911225,,,,,,,0.9993409812450409,0.9920018762350082,0.9996023029088974,0.9950150549411774,0.9969157725572586,0.9975073039531708,0.9958649575710297,0.9965754300355911,0.9943681508302689,0.9920949041843414,0.06409860635797185,0.19163555151429673,0.15042431579695809,0.17974569737911225,0.1514515083250792,0.14252414137125025,0.17150868780910972,0.14984219629317516,0.14282302457094187,0.15710883823888644
,,,,0.9933202415704727,0.995318815112114,0.14232480654837912,0.14995756909676955,0.9963948279619217,0.9943475723266602,0.10779858822822572,0.1736506836281882,45,0.9942378103733063,0.16138133481312333,0.9967244863510132,0.12325279747330863,,,,,0.9943429827690125,0.9941046237945557,0.1416804220730608,0.14652365593990282,0.9978499859571457,0.9948994517326355,0.0803672556443648,0.1542699124664068,0.9936067759990692,0.9978425055742264,0.9983984082937241,0.1483090850543231,0.12470974432097535,0.11291853189468386,,,,,,,0.9958887994289398,0.9886299818754196,0.9978425055742264,0.9983984082937241,0.9947965145111084,0.991783931851387,0.9924217015504837,0.9956510812044144,0.994985356926918,0.9941905438899994,0.14071107844511663,0.16730276124230747,0.12470974432097535,0.11291853189468386,0.16236384855664301,0.18160793580114848,0.16644262289007505,0.16720117434859275,0.07656781141459941,0.13573962245668686
,,,,0.9943079054355621,0.9954753220081329,0.1487400420506795,0.16374325557265962,0.9969100952148438,0.9965084493160248,0.10568971821895015,0.14344401743263002,46,0.9942201673984528,0.16187618086847025,0.9931420236825943,0.19566714184624806,,,,,0.9971067309379578,0.9940589070320129,0.130072885453701,0.16270705409014402,0.998223602771759,0.9962699562311172,0.09212060178319612,0.13125299004713695,0.9949037730693817,0.9990818798542023,0.992544025182724,0.15403403504565358,0.07994940155082278,0.24010688079728018,,,,,,,0.9955351203680038,0.9967706203460693,0.9990818798542023,0.992544025182724,0.9975572675466537,0.992001086473465,0.9961119145154953,0.9963856488466263,0.9867190718650818,0.995376855134964,0.14823545843362818,0.12433471252178321,0.07994940155082278,0.24010688079728018,0.10035709362962969,0.19382848590612414,0.174601066087683,0.16326693233102563,0.20739807012677197,0.15897910671574728
,,,,0.9955424070358276,0.9949136972427368,0.14896211397868617,0.18322305442605702,0.9954406321048737,0.9955691397190094,0.13511553687077982,0.13553048431873324,47,0.9941978454589844,0.16247234580222142,0.9952367097139359,0.1272606000304222,,,,,0.9965939521789551,0.9949330538511276,0.1369364365258,0.17080835565257432,0.9973355084657669,0.9942636936903,0.11846546166472965,0.13959852472373419,0.9951336979866028,0.9992619901895523,0.99334716796875,0.16364020556584002,0.1015815915664037,0.2018728019793829,,,,,,,0.9967635124921799,0.9975939691066742,0.9992619901895523,0.99334716796875,0.9951346665620804,0.9966989010572433,0.9922466725111008,0.9968420118093491,0.9930820465087891,0.9965381026268005,0.14894031291206672,0.11695629752915482,0.1015815915664037,0.2018728019793829,0.1550898965804473,0.11967270500957969,0.2339157865941525,0.1683287916332483,0.23069843783974653,0.12706279018095565
,,,,0.9934098571538925,0.9944989830255508,0.1590771997361271,0.16259587131227765,0.9915183782577515,0.9981132447719574,0.1745520048439503,0.13987356401979933,48,0.9941776692867279,0.16298163033603283,0.9929140955209732,0.18857227515961447,,,,,0.9949658811092377,0.9938426911830902,0.15694646782495758,0.16161495840371543,0.9679372161626816,0.9943821579217911,0.18979089438915248,0.1604527195791404,0.9935300350189209,0.9933662414550781,0.9971945136785507,0.15945186939463019,0.19570700433519148,0.14315391268995073,,,,,,,0.9957984387874603,0.9936966300010681,0.9933662414550781,0.9971945136785507,0.9897747486829758,0.9961772561073303,0.9939616173505783,0.9946725517511368,0.9962112903594971,0.993961289525032,0.14594996020197873,0.1896829171838431,0.19570700433519148,0.14315391268995073,0.163995984222578,0.12095048300921923,0.15352446794509886,0.18099838361144063,0.13135811731219288,0.15403070434927935
,,,,0.9934233725070953,0.9897403866052628,0.1635563830644996,0.21079309104170116,0.9961152225732803,0.9964217394590378,0.14984110871950782,0.12234307078938733,49,0.9941533654928207,0.16356593464867453,0.9955926537513733,0.1335625288132075,,,,,0.9903108328580856,0.99269600212574,0.18268674351952294,0.1819506632836897,0.9964222759008408,0.9962311536073685,0.12054431546818123,0.14214118125346986,0.991729736328125,0.9951722621917725,0.9943971633911133,0.17890109362080692,0.2154311890734567,0.20628337840239208,,,,,,,0.9917158782482147,0.9858154803514481,0.9951722621917725,0.9943971633911133,0.9961412847042084,0.9974304437637329,0.9891839176416397,0.9730581045150757,0.9983787834644318,0.9950030744075775,0.18758364200592037,0.23213159030881422,0.2154311890734567,0.20628337840239208,0.10537566288657813,0.1164545972645283,0.2107197464257478,0.2282380161434412,0.12374879020452498,0.18221501991152766
,,,,0.9933957606554031,0.9945275038480759,0.16991183363729054,0.14985663600478855,0.9965403079986572,0.9955217987298965,0.13115800367749253,0.14076256311602062,50,0.9941341727972031,0.1640986578551571,0.9949482977390289,0.16735353453857146,,,,,0.9959131628274918,0.9933580756187439,0.12770412231033496,0.17329449436113017,0.998710885643959,0.9947385191917419,0.10033793050050728,0.14667681094138854,0.9934866577386856,0.9990532398223877,0.9946047961711884,0.16473243769630788,0.08532150169213612,0.19059567034244537,,,,,,,0.9939364343881607,0.9958939403295517,0.9990532398223877,0.9946047961711884,0.9955545216798782,0.9984017163515091,0.9963155686855316,0.9914673566818237,0.9933910667896271,0.9869510531425476,0.1329914624492327,0.13730023912314707,0.08532150169213612,0.19059567034244537,0.18268574668013537,0.16545125775039193,0.12079284134010476,0.21948653861880305,0.17634463676810266,0.18987488350697926
