Time,Current,Spin Coating,Increasing PPM,Temperature,Repeat Sensor Use,Days Elapsed,Concentration
20,-0.249,1,1,15.5,1,11,0.95
6,-7.29,0,1,22,1,1,6.47
17,-2.66,1,0,22,1,1,5.1
8,-3.91,0,0,22,1,4,4.01
12,-0.499,0,0,22,1,4,0.6
10,-0.199,1,1,20,1,15,0.95
46,-0.187,1,1,44.9,1,11,0.95
10,-9.27,1,1,22,1,5,8.02
3,-0.531,1,1,39.9,1,11,0.95
7,-3.82,1,0,22,1,9,3.64
41,-1.78,1,0,22,3,3,6.5
34,-0.827,1,0,22,2,2,2.62
40,-1.68,0,1,22,1,1,6.06
11,-0.566,1,0,22,1,9,0.7
14,-0.243,1,1,35.2,1,11,0.95
47,-3.13,0,1,30,1,18,0.67
30,-1.01,0,1,22,1,31,4.38
50,-1.23,0,0,22,1,4,6.48
18,-3.67,1,0,22,1,1,5
42,-1.45,1,0,22,1,1,3.2
33,-1.19,0,0,22,1,4,4.75
10,-0.75,1,1,20.3,1,11,0.95
24,-0.271,0,1,25,1,31,1.05
44,-0.322,0,0,22,1,4,0.68
48,-1.51,0,1,22,1,1,6.47
2,-1.91,1,1,22,1,5,0.93
13,-0.293,0,1,22,1,1,0.7
11,-5,1,1,22,1,9,7.1
32,-2.64,1,0,22,1,1,5
33,-2.41,1,1,22,1,1,7.1
49,-3.06,0,1,30,1,18,0.67
29,-2.96,0,1,25,1,18,0.64
21,-0.342,0,0,22,1,1,0.7
30,-0.255,1,1,24.9,1,11,0.95
15,-0.228,0,1,22,1,1,0.6
6,-0.672,0,1,25.1,1,31,0.84
2,-3.09,0,1,22,1,4,0.73
42,-0.162,0,1,20.4,1,31,0.84
16,-0.428,0,0,22,1,4,0.6
6,-1.03,0,0,22,1,1,0.7
19,-0.0501,1,1,22,1,5,0.93
48,-1.1,0,1,22,1,4,4.36
26,-1.1,0,1,22,1,31,4.32
14,-2.17,0,1,22,1,1,4.02
22,-4.82,0,1,26,1,18,0.69
31,-1.4,1,1,22,3,3,4.35
17,-0.206,1,0,22,1,1,0.82
26,-4.52,0,1,20,1,18,0.59
41,-0.182,0,1,22,1,1,0.56
34,-0.904,1,1,22,1,1,3.12
50,-0.0749,0,1,22,1,4,0.77
38,-0.0646,1,1,10.2,1,15,0.95
11,-1.78,0,0,22,1,4,3.04
10,-4.63,0,1,22,1,4,7.62
0,-4.78,0,0,22,1,1,0.7
44,-0.14,1,1,35,1,15,0.95
34,-0.158,0,1,20.4,1,31,0.84
18,-0.292,1,1,20.5,1,11,0.95
17,-0.334,0,1,30,1,31,0.87
1,-3.53,0,1,22,1,31,4.32
26,-0.31,0,0,22,1,1,0.7
27,-0.0994,1,1,20,1,15,0.95
50,-0.172,0,1,25.1,1,31,0.84
48,-0.771,0,1,22,1,31,4.51
41,-0.921,1,0,22,1,5,2.93
38,-0.203,1,1,15.5,1,11,0.95
14,-0.887,1,1,22,1,9,1.88
39,-1.72,1,1,22,2,2,5.9
14,-2.79,0,0,22,1,4,6.64
9,-0.822,1,1,15.3,1,11,0.95
9,-4.32,1,0,22,1,1,5.1
34,-1.09,1,0,22,1,9,3.62
42,-2.43,1,1,22,3,3,8.39
35,-1.54,0,0,22,1,4,6.64
39,-0.168,1,1,11,1,11,0.95
27,-1.75,0,1,22,1,4,5.73
33,-0.27,1,1,20.3,1,11,0.95
34,-0.881,0,0,22,1,1,3.6
7,-4.97,0,1,22,1,1,3.75
37,-0.239,1,1,22,1,1,0.9
39,-0.0847,0,1,22,1,4,0.77
11,-0.288,1,1,11,1,11,0.95
28,-0.979,0,0,22,1,1,3.6
15,-1.21,0,1,22,1,31,4.52
42,-2.53,0,1,25,1,18,0.64
24,-1.06,0,0,22,1,1,3.6
13,-2.5,0,1,22,1,4,4.88
23,-0.074,1,1,10.2,1,15,0.95
3,-0.781,1,1,40.5,1,11,0.95
18,-3.07,0,1,22,1,1,6.06
22,-1.24,1,0,22,1,9,3.64
32,-0.192,0,1,22,1,1,0.56
28,-0.201,1,1,22,2,2,0.76
39,-0.951,1,0,22,1,5,2.93
31,-0.809,0,1,22,1,1,2.79
10,-1.54,0,1,22,1,1,2.79
22,-0.333,1,1,20.3,1,11,0.95
0,-54,1,0,22,1,9,5.1
7,-0.728,0,0,22,1,4,0.68
18,-0.217,0,1,25,1,31,0.73
36,-1.78,1,1,22,1,9,6.47
15,-2.89,1,0,22,1,1,5.1
13,-0.297,1,1,22,1,9,0.56
29,-2.56,1,1,22,1,1,7.1
18,-3.12,1,1,22,1,1,4.8
40,-0.173,0,1,22,1,1,0.7
39,-0.922,0,1,22,1,31,4.38
40,-1.44,0,0,22,1,4,6.64
5,-0.00937,1,0,22,1,1,8.6
38,-3.63,0,1,20,1,18,0.59
46,-0.236,1,1,22,3,3,0.88
23,-0.578,0,1,22,1,1,1.63
34,-5.43,1,0,22,1,1,8.6
21,-5.3,1,0,22,1,1,8
42,-0.15,0,1,20.2,1,31,0.86
43,-0.46,0,1,22,1,1,1.63
5,-1.12,0,1,30.2,1,31,0.81
18,-6.22,1,1,22,1,1,9.7
27,-0.153,1,1,22,1,9,0.6
21,-2.67,0,1,22,1,1,6.06
14,-0.402,1,1,22,1,1,0.9
7,-3.82,0,0,22,1,1,3.64
17,-1.94,0,1,22,1,4,4.88
21,-1.2,0,1,22,1,31,4.32
17,-0.745,0,1,22,1,1,1.88
24,-1.13,1,1,22,1,9,3.12
21,-2.46,0,1,22,1,1,6.47
16,-0.787,0,1,22,1,4,2.72
39,-0.331,0,0,22,1,4,0.6
13,-0.228,1,1,34.8,1,11,0.95
42,-2.23,0,1,22,1,4,9.45
42,-0.162,0,1,20.4,1,31,0.84
34,-0.488,0,1,22,1,4,2.72
50,-0.155,0,1,20.4,1,31,0.84
43,-1.54,1,1,22,1,9,5.27
35,-1.99,1,1,22,3,3,6.26
38,-0.834,0,0,22,1,1,3.6
36,-1.71,1,0,22,1,9,5.1
21,-3.14,0,1,19.8,1,18,0.69
3,-19,1,1,22,1,9,6.06
32,-1.55,0,0,22,1,4,6.48
0,-2.84,0,1,20.2,1,31,0.86
5,-11.7,1,1,22,1,9,6.15
12,-2.52,0,1,22,1,1,4.02
40,-0.778,1,0,22,2,2,2.62
13,-0.892,0,1,22,1,4,2.16
6,-9.71,1,1,22,1,9,6.15
11,-3.05,0,0,22,1,1,4.1
22,-2.39,1,1,22,1,9,6.47
48,-1.48,1,1,22,1,9,5.27
34,-0.239,1,1,20.3,1,11,0.95
31,-3.44,1,1,22,1,1,6.8
47,-0.158,1,1,45,1,15,0.95
34,-0.748,0,0,22,1,4,3.04
2,-0.469,1,1,20,1,15,0.95
14,-1.32,1,0,22,2,2,2.62
46,-0.807,1,1,22,1,5,3.18
6,-6.85,1,0,22,1,1,8.6
4,-1.97,1,0,22,2,2,0.86
39,-2.55,1,1,22,1,5,6.1
19,-3.03,1,1,22,1,1,4.8
14,-0.227,1,1,40.5,1,11,0.95
28,-0.345,0,1,22,1,4,1.42
1,-2.91,0,1,22,1,31,4.38
13,-0.125,1,1,24.8,1,15,0.95
33,-0.2,1,1,44.9,1,11,0.95
24,-1.06,0,0,22,1,1,3.6
27,-0.183,1,1,44.9,1,11,0.95
45,-1.3,0,0,22,1,4,6.48
47,-0.405,0,1,22,1,1,1.49
12,-0.228,0,1,20.7,1,31,0.93
36,-3.6,1,0,22,1,1,6.6
39,-0.114,1,1,40.2,1,15,0.95
34,-2.02,0,0,22,1,4,7.62
50,-0.189,1,1,40.5,1,11,0.95
17,-3.15,0,0,22,1,4,7.62
39,-0.471,1,1,22,1,9,1.63
36,-0.481,0,1,22,1,1,1.63
23,-5.15,1,1,22,1,1,8.4
3,-8.91,0,1,22,1,4,4.36
27,-4.67,1,0,22,1,1,8
37,-0.14,0,1,22,1,1,0.6
36,-4.63,1,1,22,1,1,9.7
37,-0.087,0,1,22,1,4,0.77
24,-0.12,1,1,24.8,1,15,0.95
41,-3.8,1,1,22,1,5,8.02
37,-3.68,0,1,20,1,18,0.59
27,-2.1,1,1,22,1,9,6.47
26,-0.525,1,1,22,1,9,1.49
36,-1.65,1,1,22,1,9,6.15
49,-1.35,1,0,22,1,1,3.2
1,-2.84,0,1,30.2,1,31,0.81
38,-0.224,1,1,22,1,1,1.04
30,-1.39,0,1,22,1,4,4.36
29,-0.221,0,1,30.2,1,31,0.81
43,-0.15,0,1,20.7,1,31,0.93
49,-0.157,0,1,20.4,1,31,0.84
49,-3.65,1,0,22,1,1,8
37,-0.336,0,0,22,1,4,0.68
7,-0.516,0,1,22,1,1,0.6
30,-0.239,1,1,24.9,1,11,0.95
1,-20.5,1,1,22,1,1,5.27
37,-0.312,0,1,22,1,4,1.42
46,-2.26,0,1,19.8,1,18,0.69
20,-0.178,1,1,45,1,15,0.95
45,-0.248,0,1,30.2,1,31,0.81
13,-2.44,1,1,22,1,1,2.8
23,-2.76,1,1,22,1,1,4.8
20,-0.608,0,1,22,1,1,1.49
30,-0.168,0,1,20.2,1,31,0.86
1,-14.1,0,1,30,1,18,0.67
22,-0.271,1,1,20.5,1,11,0.95
2,-39.8,1,1,22,1,5,8.02
0,-1.84,0,1,20.7,1,31,0.93
7,-3.23,1,1,22,3,3,4.35
19,-1.75,1,1,22,3,3,4.35
48,-1.49,0,1,22,1,1,6.06
0,-40,1,1,22,1,1,4.8
1,-22.3,0,1,22,1,1,6.47
6,-2.59,0,0,22,1,4,1.93
41,-3.46,0,1,20,1,18,0.59
12,-0.499,1,1,10.4,1,11,0.95
26,-0.177,1,0,22,1,1,0.82
47,-1.22,0,1,22,1,4,5.73
44,-0.247,0,1,30,1,31,0.87
0,-21.3,0,0,22,1,4,6.48
27,-1.79,0,1,22,1,4,7.62
11,-2.72,0,1,22,1,1,4.02
38,-0.156,0,1,20.2,1,31,0.86
19,-2.15,0,0,22,1,4,6.48
19,-1.25,0,1,22,1,31,4.31
21,-0.19,1,1,45.3,1,11,0.95
26,-0.869,0,1,22,1,1,2.79
1,-26,0,1,22,1,4,9.45
4,-2.03,1,1,22,1,1,0.9
17,-2.35,0,0,22,1,4,6.48
20,-2.79,0,1,22,1,1,6.06
21,-2.85,0,1,22,1,4,9.45
29,-0.339,0,0,22,1,4,0.8
20,-0.198,1,0,22,1,9,0.82
24,-0.58,0,1,22,1,4,2.72
29,-0.339,0,0,22,1,4,0.8
36,-0.944,0,1,22,1,31,4.38
31,-1.07,0,1,22,1,4,3.95
44,-0.112,1,1,30,1,15,0.95
38,-1.42,0,0,22,1,4,6.48
46,-0.448,1,1,22,1,9,1.88
49,-0.836,0,1,22,1,31,4.32
46,-0.195,0,1,25,1,31,1.05
7,-8.19,1,1,22,1,9,6.15
33,-0.188,1,1,29.9,1,11,0.95
29,-0.258,1,1,24.9,1,11,0.95
4,-8.84,0,0,22,1,4,6.64
31,-0.859,1,0,22,2,2,2.62
35,-1.25,1,0,22,3,3,4.2
21,-0.277,0,1,30.1,1,31,0.94
47,-0.859,0,1,22,1,4,3.95
21,-0.278,1,1,22,1,1,1.04
26,-1.01,0,1,22,1,31,4.51
2,-2.71,0,0,22,1,1,0.85
6,-0.972,1,1,22,1,9,1.04
2,-18.3,0,1,22,1,4,7.62
2,-0.969,1,1,24.9,1,11,0.95
9,-0.534,0,1,30.1,1,31,0.94
13,-0.372,1,1,22,1,9,1.04
3,-0.594,1,1,24.8,1,15,0.95
16,-1.89,0,1,22,1,1,3.75
5,-0.428,1,1,45.2,1,15,0.95
9,-0.416,0,1,22,1,1,0.56
28,-0.223,1,1,15.5,1,11,0.95
44,-3.86,1,1,22,1,1,8.4
2,-2.34,0,1,25,1,31,1.05
1,-1.22,1,1,24.9,1,11,0.95
8,-0.228,1,1,20,1,15,0.95
15,-1.01,0,0,22,1,4,1.93
23,-4.55,0,1,30,1,18,0.75
9,-3.69,0,1,22,1,4,4.88
21,-0.199,0,1,20.4,1,31,0.84
30,-2.7,0,1,19.8,1,18,0.69
29,-0.469,1,1,22,2,2,1.1
13,-0.572,0,1,22,1,4,1.42
21,-0.608,0,1,22,1,1,1.63
22,-1.16,1,1,22,1,1,3.12
37,-0.478,1,1,22,1,9,1.63
28,-2.24,0,0,22,1,4,7.62
27,-0.0735,1,1,15,1,15,0.95
49,-1.36,0,1,22,1,1,6.15
19,-2.48,1,0,22,1,9,5.1
39,-0.069,1,1,15,1,15,0.95
6,-3.65,0,0,22,1,1,3.6
44,-3.13,0,1,26,1,18,0.69
27,-2.16,1,0,22,2,2,5.98
50,-0.211,1,1,22,1,9,1.04
22,-1.18,0,1,22,1,31,4.32
23,-0.149,0,1,20.7,1,31,0.93
46,-0.243,0,1,30,1,31,0.87
21,-1.48,0,1,22,1,4,4.85
24,-0.177,1,1,35,1,15,0.95
28,-1.19,0,1,22,1,1,3.75
45,-0.99,0,0,22,1,4,4.75
11,-0.317,0,1,22,1,1,0.6
13,-0.249,1,1,29.9,1,11,0.95
42,-0.0223,1,1,22,1,5,0.93
1,-61,1,1,22,1,9,7.1
36,-0.191,1,1,15.4,1,11,0.95
6,-0.947,1,1,35.6,1,11,0.95
47,-3,0,1,26,1,18,0.69
12,-0.588,0,0,22,1,4,0.8
47,-1.85,1,0,22,3,3,6.5
40,-1.35,0,1,22,1,4,5.73
4,-14.3,0,1,22,1,1,6.15
46,-0.191,0,1,22,1,4,0.73
20,-0.18,0,1,22,1,1,0.6
29,-0.959,0,0,22,1,1,3.6
37,-5.2,1,0,22,1,1,8.6
15,-5.75,0,1,30,1,18,0.75
42,-3.88,1,0,22,1,1,8
44,-2.13,1,1,22,1,1,7.1
8,-0.647,0,0,22,1,4,0.6
14,-0.148,1,1,29.5,1,15,0.95
37,-3.69,1,1,22,1,5,7.89
17,-0.214,1,1,10.9,1,11,0.95
43,-0.92,0,0,22,1,4,4.01
37,-1.62,0,1,22,1,1,6.15
28,-0.539,1,1,22,1,9,1.88
19,-0.102,1,1,20,1,15,0.95
7,-0.416,0,1,20.7,1,31,0.93
2,-0.781,1,1,29.5,1,15,0.95
19,-2.2,0,0,22,1,4,6.64
42,-0.861,1,1,22,1,5,3.18
5,-1.02,0,0,22,1,4,0.68
49,-1.15,1,1,22,3,3,4.35
37,-1.93,0,0,22,1,4,7.62
2,-28.1,1,0,22,1,9,5.1
48,-0.315,0,0,22,1,4,0.6
17,-1.27,0,1,22,1,31,4.42
10,-0.374,0,1,22,1,1,0.56
27,-2.54,0,1,22,1,4,9.45
21,-2.11,0,1,22,1,4,5.73
46,-0.139,0,1,22,1,1,0.6
24,-0.565,0,1,22,1,1,1.63
30,-0.214,1,1,10.4,1,11,0.95
19,-0.222,1,1,39.9,1,11,0.95
47,-1.38,1,0,22,1,1,3.2
42,-0.797,0,1,22,1,1,3.37
28,-0.994,0,1,22,1,31,4.4
43,-0.708,1,0,22,1,1,1.3
39,-1.85,1,1,22,1,5,4.7
2,-2.78,0,1,22,1,31,4.51
0,-51.9,1,0,22,1,5,4.68
47,-0.478,0,0,22,1,4,1.93
43,-0.137,1,1,22,1,9,0.6
23,-1.43,0,1,22,1,1,4.02
47,-0.194,1,1,34.8,1,11,0.95
49,-1.29,0,1,22,1,4,7.62
3,-0.844,1,1,29.9,1,11,0.95
50,-0.175,0,1,22,1,1,0.56
49,-1.69,0,0,22,1,4,7.62
1,-17,1,0,22,1,1,3.62
45,-0.161,0,1,20.4,1,31,0.84
38,-1.84,1,0,22,2,2,5.98
46,-2.03,1,1,22,1,1,4.8
35,-2.75,1,0,22,1,5,6.12
49,-2.28,1,1,22,1,5,6.1
1,-2.72,1,1,20.3,1,11,0.95
1,-2.84,0,1,22,1,31,4.36
3,-1.91,0,0,22,1,4,0.8
34,-0.218,0,1,22,1,4,0.73
49,-1.31,0,0,22,1,4,6.64
13,-0.298,0,1,25,1,31,0.73
37,-0.198,1,1,34.8,1,11,0.95
1,-1.78,1,1,24.9,1,11,0.95
9,-3.03,0,1,22,1,1,3.37
42,-0.0874,1,1,20,1,15,0.95
33,-0.144,0,1,20.7,1,31,0.93
14,-1.2,0,1,22,1,1,2.79
49,-2.9,0,1,30,1,18,0.75
24,-1.9,0,1,22,1,4,5.73
45,-1.53,1,0,22,1,9,5.1
44,-1.39,0,1,22,1,4,6.47
10,-3.28,0,1,22,1,4,4.88
27,-1.97,1,1,22,1,9,5.27
5,-2.09,0,1,22,1,31,4.32
34,-1.83,1,1,22,1,9,6.47
13,-4.62,1,1,22,2,2,7.39
24,-1.58,0,1,22,1,4,4.36
38,-0.287,1,0,22,3,3,0.97
9,-2.22,1,1,22,1,1,3.12
20,-0.252,0,1,30.2,1,31,0.81
18,-1.28,0,1,22,1,31,4.31
48,-1.33,0,1,22,1,4,6.47
11,-0.663,0,1,22,1,4,1.42
12,-6.43,0,1,30,1,18,0.75
40,-0.166,1,1,45,1,15,0.95
15,-1.37,0,1,22,1,31,4.32
25,-4.48,1,1,22,1,5,7.89
0,-23,0,1,30,1,18,0.67
50,-0.16,1,1,11,1,11,0.95
22,-1.06,0,1,22,1,31,4.4
31,-0.143,0,1,20.7,1,31,0.93
28,-3.06,1,1,22,1,5,6.1
46,-0.0843,1,1,20,1,15,0.95
36,-0.752,0,1,22,1,1,2.79
8,-1.92,1,0,22,3,3,2.71
31,-0.518,1,1,22,1,9,1.88
45,-1.13,0,1,22,1,4,4.36
41,-0.204,1,1,39.9,1,11,0.95
2,-1.78,0,1,20.4,1,31,0.84
24,-1.52,1,1,22,1,1,2.8
47,-0.246,0,1,30.2,1,31,0.81
41,-0.268,0,0,22,1,1,0.7
6,-14.8,1,0,22,1,1,6.6
15,-0.79,0,1,22,1,4,2.16
16,-2.63,0,1,22,1,4,5.73
45,-0.878,0,1,22,1,1,3.75
29,-5.02,1,1,22,1,1,9.7
9,-3.61,1,1,22,1,1,5.27
45,-1.5,1,1,22,1,1,5.27
50,-0.441,0,1,22,1,1,1.63
37,-0.877,0,1,22,1,31,4.36
3,-20.5,1,0,22,1,9,5.1
35,-0.448,0,1,22,1,4,2.16
38,-0.731,0,1,22,1,1,2.79
23,-0.185,1,0,22,1,1,0.82
6,-4.8,0,0,22,1,4,4.75
47,-0.316,0,0,22,1,4,0.68
27,-0.225,1,1,10.4,1,11,0.95
34,-0.942,0,1,22,1,31,4.4
14,-2.28,1,1,22,2,2,5.9
8,-5.47,0,1,22,1,4,6.47
22,-1.17,0,1,22,1,31,4.31
16,-0.317,1,1,22,2,2,0.76
31,-2.89,1,1,22,1,5,6.1
40,-3.96,1,0,22,1,1,8
45,-0.147,1,0,22,1,1,0.82
47,-0.216,0,1,30.1,1,31,0.94
14,-3.27,1,1,22,1,9,6.47
41,-0.238,1,1,24.9,1,11,0.95
49,-0.145,1,0,22,1,9,0.82
9,-0.241,1,1,40.5,1,11,0.95
8,-5.47,0,1,22,1,4,6.47
27,-0.13,1,1,40.2,1,15,0.95
42,-0.326,0,0,22,1,4,0.6
43,-0.388,1,1,22,2,2,1.1
38,-0.231,1,1,20.3,1,11,0.95
34,-2.86,1,1,22,2,2,7.89
27,-4.42,0,1,20,1,18,0.59
27,-0.549,0,1,22,1,1,1.88
2,-37.3,1,0,22,1,1,6.6
24,-0.241,1,1,35.6,1,11,0.95
21,-0.384,0,0,22,1,4,0.8
23,-3.92,1,1,22,1,1,6.8
16,-0.283,0,1,20.2,1,31,0.86
12,-2.61,1,0,22,1,5,2.93
11,-3.36,1,1,22,1,9,5.27
8,-10.9,1,1,22,1,1,8.4
47,-0.98,0,1,22,1,4,4.88
45,-0.99,0,0,22,1,4,4.75
5,-8.67,1,1,22,1,9,6.47
27,-0.532,0,1,22,1,1,1.63
22,-0.599,0,1,22,1,4,2.16
29,-1.93,1,0,22,1,9,5.1
47,-0.189,0,1,22,1,4,0.73
50,-0.431,0,1,22,1,1,1.88
36,-0.139,1,1,45.2,1,15,0.95
39,-0.307,0,1,22,1,4,1.42
29,-1.04,0,1,22,1,31,4.31
40,-0.698,0,0,22,1,4,3.04
6,-9.21,0,1,20,1,18,0.59
30,-0.163,1,1,40,1,15,0.95
39,-1.71,0,1,22,1,1,6.06
41,-2.56,0,1,25,1,18,0.64
48,-0.267,0,0,22,1,1,0.85
20,-1.54,0,1,22,1,1,3.75
22,-0.315,1,1,30.1,1,11,0.95
6,-1.12,0,1,22,1,4,1.42
42,-0.0946,1,1,24.8,1,15,0.95
26,-4.25,0,1,30,1,18,0.75
16,-1.61,0,0,22,1,1,3.64
47,-0.239,1,1,24.9,1,11,0.95
32,-0.259,1,1,46.3,1,11,0.95
36,-0.0884,0,1,22,1,4,0.77
45,-0.867,0,1,22,1,31,4.32
44,-0.91,0,0,22,1,4,4.01
20,-0.142,1,1,40.2,1,15,0.95
21,-0.905,1,0,22,1,1,1.3
17,-0.121,1,1,20,1,15,0.95
29,-0.164,0,1,20.4,1,31,0.84
43,-0.149,0,1,20.2,1,31,0.86
16,-6.27,1,1,22,1,1,8.4
36,-1.55,1,0,22,1,1,3.2
1,-0.844,1,1,39.9,1,11,0.95
28,-1.17,0,0,22,1,4,4.01
30,-0.917,0,1,22,1,31,4.52
41,-0.0879,1,1,20,1,15,0.95
10,-0.21,1,1,45.2,1,15,0.95
7,-0.734,1,1,35.6,1,11,0.95
49,-0.217,1,1,30.1,1,11,0.95
11,-1.28,0,1,22,1,31,4.4
45,-0.179,1,1,22,1,9,0.56
14,-1.26,1,0,22,3,3,2.71
30,-0.243,1,1,15.3,1,11,0.95
27,-0.297,1,1,20.3,1,11,0.95
29,-0.143,0,1,20.7,1,31,0.93
36,-1.71,1,0,22,1,1,5.1
43,-0.232,1,1,22,1,1,0.9
49,-2.58,1,1,22,3,3,8.71
19,-0.288,1,1,10.4,1,11,0.95
33,-2.05,1,1,22,3,3,6.26
45,-0.203,1,1,29.8,1,11,0.95
26,-2.26,1,1,22,1,9,6.06
3,-2.84,1,1,22,1,1,0.9
46,-0.386,0,1,22,1,4,2.16
29,-0.178,1,1,11,1,11,0.95
38,-1.91,0,0,22,1,4,7.62
41,-0.0941,1,1,24.8,1,15,0.95
25,-1.33,1,0,22,1,5,2.93
44,-0.272,0,0,22,1,1,0.85
38,-1.74,0,1,22,1,1,6.06
28,-1.44,0,1,22,1,4,4.36
35,-0.885,0,1,22,1,31,4.43
37,-1.12,0,1,22,1,4,4.88
1,-14.5,1,0,22,2,2,2.62
11,-3.75,0,1,22,1,4,5.73
34,-0.218,0,1,22,1,4,0.73
21,-0.175,0,1,22,1,1,0.6
8,-1.83,0,1,22,1,31,4.31
36,-2.78,1,1,22,2,2,7.89
48,-2.06,1,1,22,1,1,7.1
39,-0.139,1,1,22,1,9,0.6
46,-0.138,1,1,45.2,1,15,0.95
20,-1.16,0,1,22,1,31,4.38
47,-0.448,1,1,22,1,9,1.63
24,-3.01,0,1,19.8,1,18,0.69
40,-1.35,0,1,22,1,4,5.73
21,-0.341,0,0,22,1,1,0.85
8,-0.222,1,1,45,1,15,0.95
4,-0.219,1,1,39.9,1,11,0.95
23,-1.94,0,0,22,1,4,6.64
41,-0.879,1,1,22,1,5,3.18
21,-0.0817,1,1,9.9,1,15,0.95
46,-0.868,0,1,22,1,1,3.75
18,-0.419,0,0,22,1,4,0.8
13,-1.27,0,1,22,1,31,4.36
14,-0.345,0,1,30.2,1,31,0.81
6,-0.409,1,1,20,1,15,0.95
30,-0.0832,1,1,15.2,1,15,0.95
13,-7.53,1,1,22,1,1,9.7
20,-3.08,1,1,22,3,3,8.71
34,-1.93,1,0,22,2,2,5.98
18,-2.77,1,1,22,3,3,6.26
14,-1.27,0,1,22,1,31,4.51
2,-1.91,0,0,22,1,4,0.68
38,-3.16,1,1,22,1,1,6.8
24,-1.23,0,1,22,1,4,3.95
31,-3.87,1,0,22,1,1,6.6
18,-2.4,1,0,22,3,3,6.5
3,-15,0,0,22,1,4,7.62
41,-0.43,0,1,22,1,1,1.49
27,-2.02,1,1,22,1,9,6.15
20,-1.75,1,1,22,1,5,3.18
30,-0.195,1,1,22,1,9,0.56
30,-0.488,0,1,22,1,4,2.16
19,-6.05,1,1,22,1,1,9.7
40,-0.516,0,0,22,1,4,1.93
29,-0.241,1,1,24.9,1,11,0.95
43,-2.52,1,1,22,3,3,8.71
41,-0.927,1,1,22,1,9,3.75
0,-49.2,0,1,22,1,1,6.15
1,-27.6,1,1,22,1,1,4.8
36,-0.876,1,1,22,1,1,3.12
34,-0.247,1,1,24.9,1,11,0.95
28,-0.128,1,1,40.2,1,15,0.95
0,-3.84,0,0,22,1,4,0.6
5,-17.7,1,0,22,1,1,6.6
18,-1.41,1,0,22,1,9,3.62
11,-3.68,1,1,22,3,3,6.26
48,-0.773,1,1,22,1,9,3.12
20,-1.25,0,1,22,1,31,4.39
12,-4.47,0,1,25,1,18,0.64
12,-0.207,1,1,30,1,15,0.95
28,-0.303,0,0,22,1,1,0.85
39,-0.236,1,1,30.1,1,11,0.95
3,-7.91,0,0,22,1,1,3.64
34,-2.56,1,0,22,1,1,5
23,-0.285,0,1,30,1,31,0.87
3,-0.906,1,0,22,3,3,0.97
33,-0.201,1,1,39.9,1,11,0.95
1,-16.9,1,1,22,1,5,3.18
20,-0.208,0,1,20.4,1,31,0.84
21,-1.08,0,1,22,1,31,4.43
0,-14.4,1,1,22,3,3,0.88
42,-2.34,0,1,19.8,1,18,0.69
42,-0.184,1,1,15.4,1,11,0.95
36,-0.0902,1,1,20,1,15,0.95
15,-2.64,0,0,22,1,4,6.64
2,-15,0,1,30,1,18,0.75
36,-0.239,0,1,30.2,1,31,0.81
42,-0.139,1,1,40,1,15,0.95
29,-0.999,1,1,22,1,9,3.37
32,-0.274,1,1,20.3,1,11,0.95
10,-2.2,1,0,22,1,9,3.62
32,-2.39,1,1,22,1,1,4.8
44,-1.78,0,0,22,1,4,7.62
29,-0.254,1,1,22,1,1,0.9
48,-0.195,1,1,44.9,1,11,0.95
19,-0.68,1,1,22,1,9,1.88
29,-0.53,0,1,22,1,1,1.88
9,-4.82,0,1,22,1,4,6.47
37,-0.159,0,1,20.4,1,31,0.84
42,-0.152,1,0,22,1,9,0.82
16,-0.178,0,1,20.7,1,31,0.93
49,-1.7,1,1,22,3,3,6.26
45,-0.32,0,0,22,1,4,0.6
12,-4.04,0,1,22,1,4,9.45
29,-0.831,0,1,22,1,1,2.79
42,-1.31,0,1,22,1,4,5.73
48,-1.47,1,1,22,1,1,5.27
24,-0.548,1,1,22,1,9,1.49
39,-0.955,0,1,22,1,1,3.75
40,-0.472,0,1,22,1,1,1.88
37,-0.988,0,1,22,1,1,3.75
15,-0.374,1,1,22,1,1,0.9
37,-0.15,1,1,35,1,15,0.95
8,-4.28,1,0,22,1,1,3.2
36,-3.51,0,1,30,1,18,0.75
31,-2.42,1,1,22,1,1,4.8
41,-0.219,0,1,30.1,1,31,0.94
50,-0.186,0,1,25,1,31,1.05
18,-0.195,1,1,22,1,9,0.6
1,-2.84,0,1,25,1,31,1.05
10,-0.385,0,1,25,1,31,0.73
49,-0.648,0,1,22,1,1,2.79
8,-5.62,1,1,22,3,3,8.39
39,-1.64,1,0,22,1,1,5.1
43,-0.8,0,1,22,1,31,4.51
40,-0.253,1,1,22,3,3,0.88
7,-4.32,1,1,22,1,1,5.27
42,-0.18,1,1,29.9,1,11,0.95
5,-1.71,0,1,22,1,4,0.73
37,-2.66,0,1,25,1,18,0.64
1,-1.91,0,1,20.4,1,31,0.84
23,-0.136,1,1,45.2,1,15,0.95
27,-2.85,0,1,19.8,1,18,0.69
9,-0.616,0,0,22,1,4,0.68
49,-1.19,0,1,22,1,4,5.73
2,-0.844,1,1,24.8,1,15,0.95
19,-0.628,1,1,22,1,9,1.49
32,-0.449,1,1,22,2,2,1.1
32,-2.73,1,1,22,3,3,8.39
44,-0.441,0,1,22,1,4,2.72
21,-0.199,0,1,20.4,1,31,0.84
32,-1.9,0,1,22,1,1,6.47
0,-30.2,0,1,22,1,4,4.88
22,-0.206,1,1,34.8,1,11,0.95
17,-2.86,1,1,22,3,3,6.26
50,-0.15,0,1,20.7,1,31,0.93
42,-0.87,0,0,22,1,1,4.1
9,-0.397,0,1,22,1,1,0.6
25,-1.04,0,0,22,1,1,3.6
34,-3.85,0,1,30,1,18,0.67
40,-0.0645,1,1,10.2,1,15,0.95
32,-1.19,0,1,22,1,4,4.85
8,-7.68,0,1,30,1,18,0.75
33,-0.176,1,1,45,1,15,0.95
10,-3.28,0,1,22,1,4,4.88
17,-2.62,0,1,22,1,4,7.62
17,-3.36,1,1,22,1,5,4.7
24,-0.263,1,1,20.5,1,11,0.95
50,-1.44,1,0,22,1,9,5.1
25,-4.62,0,1,20,1,18,0.59
40,-0.468,0,1,22,1,1,1.63
49,-0.174,0,1,25.1,1,31,0.84
20,-0.194,1,0,22,1,1,0.82
37,-0.203,1,1,39.9,1,11,0.95
46,-0.979,0,0,22,1,4,4.75
37,-0.312,0,1,22,1,4,1.42
37,-0.16,1,1,10.9,1,11,0.95
2,-18,1,1,22,1,1,2.8
13,-4.3,0,1,22,1,1,6.06
17,-0.212,1,0,22,1,9,0.82
4,-10.9,0,1,22,1,4,6.47
43,-0.307,0,0,22,1,4,0.8
2,-2.59,0,0,22,1,1,0.7
19,-0.326,0,1,25,1,31,1.05
29,-0.249,1,1,20.5,1,11,0.95
6,-3.37,1,0,22,1,1,3.62
26,-0.172,1,1,35,1,15,0.95
31,-0.14,0,1,25,1,31,0.73
42,-0.184,0,1,25.1,1,31,0.84
1,-2.91,0,1,22,1,31,4.43
32,-2.48,1,1,22,1,9,7.1
49,-0.313,0,0,22,1,4,0.68
43,-0.445,0,1,22,1,4,2.72
28,-0.533,0,1,22,1,4,2.72
7,-4.97,0,1,22,1,1,3.75
20,-0.219,0,1,25.1,1,31,0.84
40,-0.154,1,0,22,1,9,0.82
41,-0.927,0,1,22,1,1,3.75
50,-0.287,0,1,22,1,4,1.42
1,-16.5,0,1,22,1,1,3.37
22,-0.0759,1,1,10.2,1,15,0.95
11,-8.09,1,0,22,1,1,8
47,-2.98,0,1,30,1,18,0.75
16,-0.382,1,0,22,3,3,0.97
44,-0.194,0,1,22,1,4,0.73
35,-0.173,1,1,22,2,2,0.76
33,-0.236,1,1,40.8,1,11,0.95
24,-0.587,0,1,22,1,1,1.88
39,-2.34,1,1,22,3,3,7.44
50,-0.0663,1,1,15,1,15,0.95
7,-2.82,1,0,22,1,1,3.62
49,-0.648,0,1,22,1,1,2.79
3,-24.3,1,0,22,1,1,5
25,-1.89,0,1,22,1,4,7.62
34,-0.758,1,0,22,1,1,1.3
29,-1.31,0,1,22,1,4,4.88
33,-0.472,0,1,22,1,1,1.49
40,-1.25,1,1,22,3,3,4.35
10,-4.39,0,1,22,1,1,6.47
26,-0.179,1,0,22,1,9,0.82
20,-0.891,1,1,22,3,3,2.12
45,-0.453,0,1,22,1,1,1.88
8,-3.3,1,0,22,1,9,3.64
28,-0.311,1,0,22,2,2,0.86
4,-1.84,1,1,35.6,1,11,0.95
41,-0.224,1,1,24.9,1,11,0.95
32,-3.83,0,1,26,1,18,0.69
24,-0.161,0,1,22,1,1,0.6
22,-0.573,0,1,22,1,1,1.49
48,-0.149,0,1,20.2,1,31,0.86
22,-0.975,1,0,22,3,3,2.71
29,-1.07,0,1,22,1,31,4.42
42,-0.2,0,1,25,1,31,1.05
35,-0.157,0,1,20.4,1,31,0.84
18,-1.23,0,1,22,1,31,4.5
12,-0.969,1,1,22,1,9,1.63
36,-0.172,1,1,45,1,15,0.95
30,-0.148,0,1,22,1,1,0.6
39,-0.85,1,1,22,1,9,3.12
25,-6.53,1,0,22,1,1,8.6
12,-5.44,1,0,22,1,5,6.12
12,-4.42,1,1,22,3,3,8.39
26,-0.534,0,1,22,1,4,2.16
48,-1.87,1,0,22,3,3,6.5
12,-2.52,0,1,22,1,1,4.02
19,-0.367,1,1,20.3,1,11,0.95
33,-0.973,0,1,22,1,31,4.31
28,-0.145,0,1,25,1,31,0.73
30,-0.252,1,1,46.3,1,11,0.95
35,-1.48,0,0,22,1,4,6.48
29,-0.34,0,1,22,1,4,1.42
46,-2.16,0,1,22,1,4,9.45
15,-0.78,0,1,22,1,1,1.63
14,-0.238,1,1,11,1,11,0.95
29,-0.132,1,1,30,1,15,0.95
32,-1.64,1,0,22,1,1,3.2
40,-0.714,0,1,22,1,1,2.79
37,-1.23,1,0,22,3,3,4.2
34,-0.658,1,1,22,3,3,2.12
48,-0.4,0,1,22,1,1,1.49
50,-0.779,0,0,22,1,1,3.64
46,-1.09,1,1,22,1,1,2.8
16,-2.01,1,1,22,1,1,2.8
48,-0.177,0,1,25.1,1,31,0.84
41,-0.187,1,1,10.4,1,11,0.95
41,-0.919,0,1,22,1,4,3.95
31,-0.478,0,1,22,1,4,2.16
30,-0.508,1,1,22,1,9,1.63
35,-0.233,1,1,40.8,1,11,0.95
1,-40.8,1,1,22,1,1,6.8
40,-0.162,0,1,20.4,1,31,0.84
7,-10.2,1,1,22,1,5,6.1
49,-2.21,1,0,22,1,1,5
2,-2.97,0,1,22,1,31,4.31
32,-0.469,0,1,22,1,4,2.16
48,-0.216,1,1,20.5,1,11,0.95
4,-6.78,0,1,19.8,1,18,0.69
50,-3.05,0,1,20,1,18,0.59
18,-4.42,1,1,22,1,1,6.8
33,-0.0264,1,1,22,1,5,0.93
27,-2.1,0,1,22,1,1,6.47
48,-3.09,0,1,30,1,18,0.67
20,-0.188,1,1,35,1,15,0.95
43,-2.32,0,1,19.8,1,18,0.69
13,-0.49,0,1,25,1,31,1.05
10,-4.88,0,1,25,1,18,0.64
19,-3.51,1,1,22,3,3,8.39
17,-1.94,0,1,22,1,4,4.36
35,-0.189,0,1,22,1,1,0.56
6,-4.87,1,1,22,1,9,3.37
17,-3.21,1,1,22,1,1,4.8
3,-13.3,1,1,22,1,9,5.27
17,-6.02,1,1,22,1,5,8.02
14,-0.105,1,1,10.2,1,15,0.95
6,-0.459,0,1,22,1,4,0.77
30,-2.51,1,1,22,1,1,7.1
41,-0.277,1,0,22,1,5,1.1
8,-1.38,0,1,22,1,31,4.4
38,-1.2,1,1,22,1,1,2.8
26,-0.27,1,1,24.9,1,11,0.95
8,-0.322,0,1,22,1,4,0.77
10,-0.517,0,1,30.2,1,31,0.81
30,-0.223,0,1,30.2,1,31,0.81
34,-0.236,0,1,30.2,1,31,0.81
5,-1.82,0,1,22,1,31,4.52
12,-3.22,0,0,22,1,4,6.48
6,-9.71,0,1,22,1,1,6.15
43,-0.461,1,1,22,1,9,1.88
25,-3.16,0,1,25,1,18,0.64
25,-0.209,1,1,22,1,9,0.56
33,-3.92,0,1,30,1,18,0.67
42,-1.23,1,1,22,3,3,4.35
14,-2.79,0,0,22,1,4,6.64
26,-2.35,0,0,22,1,4,7.62
35,-0.28,1,0,22,1,9,0.7
43,-1.8,1,1,22,3,3,6.26
5,-5.37,0,0,22,1,1,3.64
23,-3.92,1,1,22,1,1,6.8
23,-0.285,0,1,22,1,4,0.73
44,-0.15,0,1,20.7,1,31,0.93
3,-0.844,0,1,22,1,4,0.77
42,-0.71,1,0,22,1,1,1.3
26,-0.0996,0,1,22,1,4,0.77
16,-3.33,1,1,22,1,1,4.8
29,-0.298,0,0,22,1,1,0.7
0,-13.8,1,0,22,1,5,2.93
23,-0.11,0,1,22,1,4,0.77
2,-1.91,0,0,22,1,4,0.68
44,-0.212,1,1,40.8,1,11,0.95
22,-0.334,1,0,22,1,9,0.7
5,-0.616,1,1,24.9,1,11,0.95
13,-0.317,1,1,24.9,1,11,0.95
49,-3.68,1,1,22,1,1,8.4
28,-0.175,1,0,22,1,9,0.82
5,-1.62,1,0,22,2,2,0.86
46,-1.29,0,0,22,1,4,6.48
11,-0.178,1,1,40.2,1,15,0.95
19,-2.62,0,1,22,1,1,6.47
18,-2.57,1,0,22,1,1,5.1
7,-1.77,0,1,22,1,1,1.63
31,-0.0831,1,1,15.2,1,15,0.95
43,-0.307,0,0,22,1,4,0.8
1,-10.5,0,0,22,1,4,3.04
33,-1.52,0,0,22,1,4,6.48
19,-0.314,1,1,22,1,1,0.9
48,-0.223,1,1,22,1,1,0.9
6,-7.65,0,1,30,1,18,0.67
18,-0.358,0,1,22,1,4,0.73
9,-1.32,0,1,22,1,31,4.4
5,-9.4,1,1,22,1,1,4.8
2,-1.78,0,1,25.1,1,31,0.84
1,-33.3,0,1,22,1,1,6.15
4,-1.91,0,1,22,1,4,0.73
29,-0.143,0,1,25,1,31,0.73
22,-1.62,1,1,22,3,3,4.35
18,-0.082,1,1,15,1,15,0.95
25,-4.83,1,0,22,1,1,8
12,-0.422,1,0,22,3,3,0.97
47,-2.28,1,1,22,2,2,7.39
20,-1.5,1,1,22,2,2,3.2
39,-1.56,0,1,22,1,1,6.15
7,-0.491,1,1,35,1,15,0.95
6,-1.12,0,0,22,1,1,0.85
35,-0.817,1,0,22,2,2,2.62
46,-0.246,1,1,45.3,1,11,0.95
24,-0.518,1,1,22,2,2,1.1
43,-2.51,0,1,25,1,18,0.64
17,-0.323,0,1,30.1,1,31,0.94
50,-0.218,1,1,22,1,1,0.9
25,-3.28,1,1,22,1,5,6.1
10,-3.61,1,1,22,1,9,5.27
21,-0.342,0,0,22,1,1,0.7
35,-0.272,1,1,22,3,3,0.88
5,-1.39,0,1,25,1,31,1.05
32,-1.61,0,0,22,1,4,6.64
12,-2.62,1,1,22,1,1,2.8
15,-0.319,0,1,30.2,1,31,0.81
44,-1.33,0,1,22,1,4,7.62
45,-0.867,0,1,22,1,31,4.39
21,-1.69,0,1,22,1,4,4.36
18,-1.44,0,1,22,1,1,3.37
41,-0.234,1,1,24.9,1,11,0.95
33,-2.04,1,1,22,1,5,4.7
11,-0.353,0,1,22,1,1,0.7
26,-0.177,1,1,10.9,1,11,0.95
47,-0.193,0,1,25,1,31,1.05
47,-1.08,1,1,22,1,1,2.8
45,-1.72,1,1,22,1,5,4.7
22,-0.196,0,1,22,1,1,0.7
42,-1.58,1,0,22,1,9,5.1
47,-0.657,0,0,22,1,4,3.04
36,-0.188,0,1,22,1,1,0.56
4,-0.844,1,0,22,3,3,0.97
41,-0.234,1,1,22,1,1,0.9
16,-0.323,1,1,24.9,1,11,0.95
6,-0.516,1,1,24.9,1,11,0.95
37,-0.22,0,1,30.1,1,31,0.94
22,-0.615,0,1,22,1,4,2.72
36,-0.99,0,1,22,1,31,4.42
3,-12.8,0,1,26,1,18,0.69
20,-2.26,0,1,22,1,4,7.62
46,-0.0619,1,1,10.2,1,15,0.95
37,-0.169,1,1,11,1,11,0.95
22,-0.242,1,1,22,2,2,0.76
21,-1.64,0,1,22,1,4,4.88
35,-2.51,1,1,22,3,3,8.71
37,-0.0703,1,1,15,1,15,0.95
17,-0.142,1,1,29.5,1,15,0.95
34,-1.5,0,1,22,1,4,5.73
41,-1.04,1,0,22,1,1,3.62
19,-2.2,0,0,22,1,4,6.64
45,-0.488,0,0,22,1,4,1.93
14,-1.6,0,1,22,1,4,3.95
14,-3.94,0,1,22,1,1,6.06
25,-0.252,1,1,24.9,1,11,0.95
3,-0.844,1,1,24.9,1,11,0.95
32,-1.21,0,0,22,1,4,4.75
3,-0.969,0,1,22,1,1,0.6
25,-0.188,0,1,20.2,1,31,0.86
44,-0.779,0,1,22,1,1,3.37
40,-0.33,0,0,22,1,4,0.6
50,-2.4,1,0,22,1,1,7.94
12,-1.66,0,1,22,1,31,4.39
6,-5.45,0,1,19.8,1,18,0.69
38,-3.92,1,1,22,1,5,8.02
18,-1.83,1,1,22,1,1,2.8
13,-0.11,1,1,22,1,5,0.93
18,-1.69,1,1,22,1,9,3.75
45,-0.239,1,1,22,3,3,0.88
6,-11.9,1,1,22,1,5,6.1
39,-1.21,0,1,22,1,4,4.36
0,-32.7,0,1,22,1,4,5.73
0,-39.8,0,1,22,1,4,9.45
24,-0.901,0,1,22,1,1,2.79
24,-0.0965,1,1,20,1,15,0.95
29,-0.799,1,0,22,1,1,1.3
18,-5.22,0,1,30,1,18,0.75
29,-2.47,0,1,22,1,4,9.45
42,-1.04,0,1,22,1,4,4.85
21,-2.34,1,0,22,1,9,5.1
5,-3.52,0,1,22,1,4,3.95
43,-1.6,1,1,22,1,9,6.47
40,-0.855,0,0,22,1,1,4.1
9,-1.42,0,1,22,1,4,2.72
7,-0.416,0,1,20.7,1,31,0.93
45,-2.28,1,0,22,1,1,5
1,-7.41,0,1,22,1,1,2.79
45,-2.05,1,1,22,1,1,4.8
13,-0.572,0,1,22,1,4,1.42
4,-8.41,0,0,22,1,4,6.48
48,-3.72,1,1,22,1,1,8.4
30,-4.15,0,1,30,1,18,0.67
6,-3.9,1,1,22,2,2,3.2
50,-4.39,1,0,22,1,1,8.6
48,-0.235,1,1,46.3,1,11,0.95
49,-3.06,0,1,30,1,18,0.67
29,-2.18,1,1,22,3,3,6.26
33,-0.508,0,1,22,1,1,1.88
34,-0.468,0,1,22,1,1,1.49
3,-0.969,0,1,22,1,1,0.56
16,-1.94,0,0,22,1,4,4.75
0,-32.9,0,1,22,1,4,7.62
33,-2.59,0,1,19.8,1,18,0.69
37,-0.249,0,1,30,1,31,0.87
5,-1.93,1,1,15.3,1,11,0.95
30,-0.336,0,0,22,1,4,0.8
48,-0.179,1,1,15.4,1,11,0.95
8,-8.27,1,1,22,1,5,4.7
46,-0.66,0,0,22,1,4,3.04
9,-0.728,1,1,10.4,1,11,0.95
23,-0.559,1,1,22,1,9,1.49
15,-2.13,1,1,22,1,1,2.8
43,-1.34,0,1,22,1,4,7.62
0,-32.5,1,1,22,1,9,3.75
25,-0.181,1,1,45,1,15,0.95
10,-7.37,0,1,30,1,18,0.67
2,-1.84,0,1,30.1,1,31,0.94
18,-1.62,0,1,22,1,4,4.85
7,-0.616,1,1,22,1,1,1.04
18,-0.222,0,1,22,1,1,0.7
40,-0.203,0,1,22,1,4,0.73
20,-0.296,1,1,24.9,1,11,0.95
38,-0.237,1,1,30.1,1,11,0.95
38,-2.29,0,1,22,1,4,9.45
32,-1.23,0,1,22,1,4,4.88
32,-1.99,1,0,22,2,2,5.98
22,-0.204,0,1,20.2,1,31,0.86
22,-2.08,0,1,22,1,4,7.62
27,-1.25,1,0,22,1,5,2.93
40,-0.0235,1,1,22,1,5,0.93
46,-0.692,1,0,22,1,1,1.3
14,-0.177,0,1,22,1,4,0.77
44,-0.829,0,0,22,1,1,3.64
15,-0.305,0,1,20.2,1,31,0.86
7,-0.522,1,0,22,3,3,0.97
7,-0.222,1,1,10.2,1,15,0.95
34,-2.78,0,1,25,1,18,0.64
46,-0.178,0,1,22,1,1,0.56
49,-0.739,1,1,22,1,9,3.37
23,-5.15,1,1,22,1,1,8.4
27,-0.516,1,1,22,1,9,1.49
40,-0.228,1,1,20.3,1,11,0.95
43,-0.18,0,1,22,1,1,0.56
19,-3.15,1,1,22,3,3,8.71
49,-0.198,1,1,29.8,1,11,0.95
49,-0.126,1,1,34.5,1,15,0.95
41,-1.51,1,1,22,1,9,6.15
49,-1.06,1,1,22,1,1,2.8
7,-0.716,0,1,30,1,31,0.87
33,-0.201,1,1,34.8,1,11,0.95
41,-0.968,0,1,22,1,1,4.02
13,-2.33,0,1,22,1,1,4.02
8,-0.841,0,1,25,1,31,1.05
2,-3.97,1,1,22,1,1,0.9
1,-9.78,1,1,30.1,1,11,0.95
40,-0.162,0,1,20.4,1,31,0.84
25,-2.95,0,1,19.8,1,18,0.69
30,-0.98,0,1,22,1,31,4.4
48,-0.26,0,0,22,1,1,0.7
23,-2.49,0,1,22,1,1,6.06
7,-9.35,1,1,22,1,1,6.8
15,-0.132,1,1,20,1,15,0.95
23,-1.92,1,0,22,1,1,3.2
36,-0.481,0,1,22,1,1,1.63
2,-5.59,0,1,22,1,4,2.72
11,-0.407,1,1,40.8,1,11,0.95
11,-0.602,0,1,25,1,31,1.05
5,-0.709,0,1,25,1,31,0.73
32,-1.14,0,1,22,1,1,4.02
14,-3.2,0,1,22,1,4,7.62
14,-0.338,1,1,22,1,1,1.04
1,-20.2,0,1,22,1,4,4.88
25,-0.315,0,0,22,1,1,0.85
25,-0.291,1,1,30.1,1,11,0.95
4,-8.84,0,0,22,1,4,6.64
9,-1.73,0,1,22,1,31,4.31
43,-0.151,1,0,22,1,9,0.82
39,-1.48,0,1,22,1,4,6.47
13,-1.67,0,1,22,1,4,3.95
44,-0.68,0,1,22,1,1,2.79
40,-1.39,0,1,22,1,4,7.62
16,-0.435,1,0,22,2,2,0.86
39,-0.842,0,1,22,1,31,4.51
35,-1.02,0,1,22,1,1,3.75
31,-0.348,0,0,22,1,4,0.68
44,-1.37,0,0,22,1,4,6.64
1,-5.91,1,1,22,1,1,0.9
49,-1.36,1,1,22,1,9,6.15
36,-0.745,1,0,22,1,1,1.3
15,-2.08,0,0,22,1,1,4.1
33,-1.87,0,1,22,1,1,6.47
33,-0.472,1,1,22,1,9,1.49
40,-0.722,1,0,22,1,1,1.3
16,-0.244,0,1,25,1,31,0.73
17,-2.55,0,1,22,1,4,6.47
27,-1.79,0,1,22,1,4,7.62
47,-3.17,1,0,22,1,1,6.6
37,-0.451,1,1,22,1,9,1.49
28,-0.172,1,0,22,1,1,0.82
17,-3.79,0,1,25,1,18,0.64
14,-0.272,0,1,22,1,1,0.7
26,-4.55,0,1,30,1,18,0.67
1,-2.78,0,1,22,1,31,4.5
38,-0.479,0,1,22,1,1,1.88
43,-0.182,0,1,25.1,1,31,0.84
0,-0.906,1,1,20,1,15,0.95
38,-0.834,0,0,22,1,1,3.6
13,-0.476,0,0,22,1,4,0.6
26,-2.62,1,1,22,1,1,4.8
45,-0.675,0,1,22,1,1,2.79
43,-0.266,1,0,22,1,9,0.7
35,-1.08,1,0,22,1,9,3.62
14,-6.62,0,1,30,1,18,0.67
35,-0.999,0,1,22,1,4,3.95
5,-3.53,1,0,22,2,2,2.62
8,-8.35,0,1,26,1,18,0.69
30,-0.185,1,1,45.3,1,11,0.95
45,-1.77,1,1,22,3,3,6.26
28,-0.317,1,0,22,3,3,0.97
46,-0.247,0,1,30.2,1,31,0.81
25,-0.847,1,0,22,1,1,1.3
47,-0.86,0,0,22,1,1,4.1
15,-1.26,1,0,22,2,2,2.62
1,-22.3,1,1,22,1,9,6.47
22,-7.04,1,0,22,1,1,8.6
6,-0.822,0,1,20.4,1,31,0.84
42,-1.85,1,0,22,1,5,4.68
14,-0.177,1,1,45,1,15,0.95
27,-0.749,1,1,22,3,3,2.12
36,-1.54,0,1,22,1,4,6.47
40,-3.1,1,1,22,1,1,6.8
28,-0.508,0,1,22,1,1,1.49
21,-1.19,1,1,22,1,1,3.12
32,-0.163,0,1,20.2,1,31,0.86
49,-0.859,0,1,22,1,1,4.02
47,-0.883,0,0,22,1,4,4.01
24,-5.42,1,1,22,1,1,9.7
42,-1.03,0,0,22,1,4,4.75
48,-0.123,1,1,29.5,1,15,0.95
25,-0.12,1,1,24.8,1,15,0.95
29,-1.91,0,1,22,1,1,6.15
46,-0.0942,1,1,24.8,1,15,0.95
23,-0.87,1,0,22,1,1,1.3
12,-2.19,1,1,22,1,9,3.37
23,-2.44,1,1,22,3,3,6.26
16,-0.16,1,1,45.2,1,15,0.95
13,-2.98,0,0,22,1,4,6.64
14,-4.48,1,0,22,1,1,5
41,-3.27,0,1,26,1,18,0.69
4,-1.16,0,1,30.2,1,31,0.81
44,-0.881,1,0,22,1,5,2.93
0,-49.2,0,1,22,1,1,6.15
44,-0.322,0,0,22,1,4,0.6
44,-3.8,1,0,22,1,1,8
24,-0.234,1,1,15.5,1,11,0.95
4,-9.34,1,1,22,3,3,8.39
36,-5.28,1,0,22,1,1,8.6
9,-0.534,0,1,30,1,31,0.87
43,-2.43,1,1,22,1,5,6.1
35,-0.0903,0,1,22,1,4,0.77
5,-6.25,0,1,22,1,1,4.02
35,-0.869,0,0,22,1,1,3.6
6,-1.22,1,0,22,2,2,0.86
5,-1.87,0,1,22,1,31,4.43
10,-0.7,1,1,30.1,1,11,0.95
4,-0.781,0,1,20.7,1,31,0.93
33,-0.935,1,1,22,1,9,3.12
14,-0.272,0,1,22,1,1,0.7
14,-0.335,1,1,20.3,1,11,0.95
33,-1.53,0,1,22,1,4,5.73
48,-0.649,0,0,22,1,4,3.04
41,-3.38,1,0,22,1,1,6.6
8,-0.216,1,1,15.2,1,15,0.95
33,-0.285,0,0,22,1,1,0.7
19,-1.67,0,1,22,1,1,4.02
12,-0.32,0,1,25,1,31,0.73
41,-1.05,0,0,22,1,4,4.75
15,-2.08,0,0,22,1,1,4.1
48,-0.245,0,1,30.2,1,31,0.81
15,-1.84,0,1,22,1,4,4.85
30,-0.189,1,1,29.8,1,11,0.95
4,-1.06,1,1,20.3,1,11,0.95
3,-4.22,0,1,22,1,1,1.88
20,-0.643,0,1,22,1,4,2.16
48,-0.0758,0,1,22,1,4,0.77
22,-0.21,0,1,25.1,1,31,0.84
38,-0.113,1,1,40.2,1,15,0.95
38,-2.22,1,1,22,1,1,4.8
34,-0.321,0,1,22,1,4,1.42
23,-5.03,1,0,22,1,1,8
17,-0.732,0,1,22,1,4,2.16
32,-3.76,0,1,30,1,18,0.75
40,-0.813,0,0,22,1,1,3.6
41,-1.05,0,1,22,1,4,4.85
49,-0.971,0,1,22,1,4,4.85
9,-7.08,1,1,22,1,5,4.7
36,-1.96,1,1,22,3,3,6.26
33,-1.05,1,1,22,1,5,3.18
37,-0.258,1,1,20.3,1,11,0.95
22,-0.195,1,1,29.8,1,11,0.95
4,-2.84,1,1,22,1,9,1.49
30,-0.489,0,1,22,1,1,1.49
22,-0.151,0,1,20.7,1,31,0.93
29,-1.01,1,1,22,1,9,3.12
41,-0.942,0,0,22,1,4,4.01
2,-12,1,1,22,1,9,3.37
48,-1.71,0,0,22,1,4,7.62
13,-0.2,1,1,40,1,15,0.95
26,-0.132,1,1,29.5,1,15,0.95
0,-23.7,0,1,22,1,1,3.37
31,-0.955,0,1,22,1,1,3.37
42,-0.275,1,0,22,1,5,1.1
13,-0.3,1,1,46.3,1,11,0.95
8,-2.49,1,1,22,1,1,3.12
23,-2.6,1,1,22,1,5,4.7
49,-0.647,0,0,22,1,4,3.04
50,-0.98,1,0,22,1,1,3.62
49,-0.245,0,1,30.2,1,31,0.81
0,-4.91,0,0,22,1,1,0.85
32,-2.63,0,1,19.8,1,18,0.69
22,-3.56,1,1,22,1,5,6.1
48,-0.149,0,1,20.7,1,31,0.93
21,-5.77,1,1,22,1,1,9.7
37,-0.136,0,1,25,1,31,0.73
31,-0.331,0,1,22,1,4,1.42
31,-0.166,1,0,22,1,1,0.82
9,-0.416,0,1,22,1,1,0.56
27,-2,1,0,22,3,3,6.5
11,-3.5,0,0,22,1,4,6.48
15,-2.11,1,0,22,1,5,2.93
29,-2.09,0,1,22,1,1,6.06
41,-0.172,0,1,22,1,1,0.7
10,-3.92,1,1,22,3,3,6.26
4,-1.66,0,0,22,1,1,0.7
22,-0.187,1,0,22,1,1,0.82
18,-5.3,1,0,22,1,1,6.6
13,-7.2,1,1,22,1,1,8.4
6,-0.303,1,1,34.8,1,11,0.95
26,-1.18,0,0,22,1,1,4.1
46,-3.17,0,1,30,1,18,0.67
45,-2.32,1,1,22,2,2,7.39
26,-2.06,1,0,22,1,9,5.1
5,-0.747,1,1,22,1,9,0.6
14,-0.24,1,1,10.9,1,11,0.95
9,-0.684,1,0,22,1,9,0.7
22,-3.34,1,1,22,2,2,7.39
33,-1.09,1,0,22,1,1,3.62
15,-3.4,1,0,22,1,5,4.68
38,-0.334,0,0,22,1,4,0.6
9,-0.772,0,1,22,1,4,1.42
47,-1.08,1,1,22,1,1,2.8
29,-1.05,0,0,22,1,1,3.64
10,-1.39,0,1,22,1,31,4.36
23,-0.327,0,0,22,1,1,0.7
28,-2.67,1,1,22,3,3,8.71
47,-0.261,0,0,22,1,1,0.7
37,-0.209,1,1,45.3,1,11,0.95
28,-0.151,1,1,22,1,9,0.6
5,-0.816,1,1,22,1,5,0.93
37,-3.96,1,1,22,1,5,8.02
21,-0.265,1,1,10.4,1,11,0.95
30,-2.92,0,1,25,1,18,0.64
23,-0.238,1,1,15.5,1,11,0.95
20,-0.658,0,1,22,1,4,2.72
1,1.09,1,1,44.9,1,11,0.95
17,-3.53,1,1,22,3,3,7.44
49,-2.41,1,1,22,2,2,7.89
8,-0.316,1,1,35.2,1,11,0.95
32,-1,0,0,22,1,1,4.1
45,-0.858,0,1,22,1,31,4.31
50,-0.469,0,0,22,1,4,1.93
4,-1.84,0,0,22,1,4,0.8
9,-5.49,1,1,22,1,1,7.1
16,-0.266,0,1,20.4,1,31,0.84
21,-0.213,0,1,20.2,1,31,0.86
47,-0.122,1,1,29.5,1,15,0.95
34,-0.233,1,1,22,1,1,1.04
2,-5.28,0,1,22,1,1,2.79
23,-2,0,1,22,1,4,7.62
44,-0.138,0,1,22,1,1,0.6
37,-1.77,1,1,22,1,9,6.06
49,-0.396,0,1,22,1,1,1.49
46,-0.222,1,1,30.1,1,11,0.95
22,-0.285,1,1,24.9,1,11,0.95
12,-0.38,0,1,20.4,1,31,0.84
3,-3.91,0,1,22,1,1,2.79
39,-0.147,1,1,35,1,15,0.95
30,-2.44,0,1,22,1,4,9.45
9,-5.23,0,1,22,1,4,7.62
44,-0.799,0,1,22,1,31,4.43
2,-0.0469,1,1,45.3,1,11,0.95
41,-0.769,1,0,22,2,2,2.62
11,-1.49,1,0,22,3,3,2.71
2,-24,0,1,22,1,1,6.15
6,-3.02,0,1,22,1,4,3.95
17,-1.18,0,1,22,1,31,4.43
27,-0.199,1,1,29.9,1,11,0.95
12,-0.42,1,1,22,2,2,0.76
47,-0.191,1,1,44.9,1,11,0.95
4,-9.09,0,0,22,1,1,4.1
5,-4.2,1,0,22,1,1,3.62
13,-0.328,1,1,24.9,1,11,0.95
7,-2.22,0,0,22,1,4,1.93
35,-0.764,0,1,22,1,1,2.79
34,-0.243,1,1,22,1,1,0.9
25,-0.536,0,1,22,1,1,1.49
45,-3.2,0,1,30,1,18,0.67
27,-0.094,1,1,20,1,15,0.95
13,-0.546,0,0,22,1,4,0.8
13,-3.95,0,0,22,1,4,7.62
18,-0.709,0,1,22,1,1,1.88
22,-1.18,0,1,22,1,31,4.39
31,-3.91,0,1,26,1,18,0.69
30,-1.89,1,0,22,1,9,5.1
11,-7.15,0,1,26,1,18,0.69
15,-1.54,0,1,22,1,4,3.95
41,-3.98,1,1,22,1,1,8.4
4,-0.969,0,1,20.2,1,31,0.86
38,-1.47,0,0,22,1,4,6.64
45,-0.853,0,1,22,1,31,4.5
15,-2.61,1,0,22,3,3,6.5
18,-5.79,1,1,22,1,5,8.02
37,-0.178,0,1,22,1,1,0.7
31,-0.253,1,1,24.9,1,11,0.95
18,-0.198,1,1,44.9,1,11,0.95
28,-1.93,1,1,22,1,9,5.27
1,-2.16,0,1,30.1,1,31,0.94
18,-0.229,0,1,25.1,1,31,0.84
33,-0.217,0,1,25,1,31,1.05
43,-0.108,1,1,24.8,1,15,0.95
9,-4.2,0,0,22,1,4,6.64
23,-0.205,0,1,25.1,1,31,0.84
24,-0.193,0,1,20.2,1,31,0.86
34,-3.85,0,1,30,1,18,0.67
49,-1.32,0,1,22,1,4,6.47
50,-0.266,1,0,22,3,3,0.97
48,-0.246,1,1,45.3,1,11,0.95
39,-0.249,0,1,30,1,31,0.87
42,-0.247,1,1,22,3,3,0.88
23,-1.54,0,1,22,1,4,4.88
22,-2.08,0,1,22,1,4,6.47
44,-0.229,1,1,22,1,1,0.9
32,-0.346,0,0,22,1,4,0.68
15,-0.83,0,1,22,1,1,1.88
7,-2.07,0,1,22,1,1,2.79
45,-0.878,0,1,22,1,4,3.95
38,-2.29,1,1,22,1,9,7.1
29,-2.77,1,0,22,1,1,5
24,-1.17,0,0,22,1,1,3.64
11,-0.278,1,1,35,1,15,0.95
11,-10.7,1,0,22,1,1,8.6
21,-1.44,0,0,22,1,4,4.01
12,-2.59,1,1,22,1,9,3.75
1,-3.84,1,1,35,1,15,0.95
44,-1.7,1,1,22,2,2,5.9
9,-4.5,0,1,19.8,1,18,0.69
1,-8.16,1,0,22,2,2,0.86
16,-0.405,0,0,22,1,1,0.85
6,-3.02,0,1,22,1,4,3.95
32,-2.44,1,1,22,1,1,7.1
27,-4.16,1,0,22,1,1,6.6
43,-0.896,0,1,22,1,31,4.38
31,-2.67,0,1,19.8,1,18,0.69
15,-0.112,1,1,9.9,1,15,0.95
40,-0.33,0,0,22,1,4,0.68
12,-0.542,1,1,30.1,1,11,0.95
48,-1.71,0,0,22,1,4,7.62
25,-2.4,0,0,22,1,4,7.62
11,-0.34,0,1,22,1,1,0.56
49,-1.47,1,1,22,1,9,5.27
48,-0.979,0,1,22,1,4,4.85
29,-0.299,1,0,22,1,5,1.1
35,-1.51,0,1,22,1,4,7.62
25,-1.29,0,1,22,1,1,3.75
8,-0.134,1,1,20,1,15,0.95
5,-1.03,1,1,22,1,9,1.04
50,-0.737,0,1,22,1,1,3.37
49,-2.05,1,1,22,1,1,7.1
47,-0.968,0,0,22,1,4,4.75
46,-0.062,1,1,9.9,1,15,0.95
4,-0.844,1,1,9.9,1,15,0.95
6,-3.35,1,0,22,3,3,4.2
19,-1.09,0,1,22,1,31,4.52
31,-0.255,1,1,24.9,1,11,0.95
8,-1.82,0,1,22,1,1,2.79
29,-1.89,1,1,22,1,9,5.27
40,-0.457,0,1,22,1,4,2.72
39,-0.843,0,1,22,1,31,4.43
18,-1.69,0,0,22,1,1,4.1
2,-0.906,0,1,22,1,4,0.77
41,-0.138,1,1,22,1,9,0.6
37,-1.49,0,0,22,1,4,6.64
36,-0.0879,1,1,20,1,15,0.95
43,-0.162,0,1,20.4,1,31,0.84
27,-4.25,0,1,26,1,18,0.69
30,-0.941,0,1,22,1,31,4.51
8,-0.647,0,1,30.2,1,31,0.81
47,-1.73,1,1,22,3,3,6.26
30,-0.219,1,1,15.5,1,11,0.95
50,-0.161,0,1,22,1,1,0.7
5,-1.18,1,1,40.8,1,11,0.95
3,-3.84,0,1,22,1,1,1.63
36,-0.145,0,1,20.7,1,31,0.93
24,-0.28,0,1,30,1,31,0.87
5,-14.5,1,1,22,1,5,4.7
34,-0.892,0,1,22,1,31,4.43
26,-0.0726,1,1,9.9,1,15,0.95
9,-0.462,1,1,20.3,1,11,0.95
19,-1.54,1,1,22,2,2,3.2
36,-0.476,0,1,22,1,4,2.72
35,-5.36,1,0,22,1,1,8.6
48,-1.07,1,1,22,1,1,2.8
43,-0.194,1,1,35.2,1,11,0.95
0,-59.3,1,0,22,1,5,6.12
40,-0.151,0,1,20.7,1,31,0.93
22,-3.09,0,1,19.8,1,18,0.69
8,-0.634,0,1,20.2,1,31,0.86
38,-0.969,0,1,22,1,1,3.75
7,-1.64,0,1,22,1,31,4.51
50,-0.779,0,0,22,1,1,3.64
32,-0.0267,1,1,22,1,5,0.93
19,-0.235,0,1,22,1,1,0.56
45,-1.82,1,0,22,3,3,6.5
18,-0.379,1,1,20.3,1,11,0.95
10,-8.64,1,0,22,1,1,6.6
40,-0.861,0,1,22,1,31,4.36
30,-0.0688,1,1,9.9,1,15,0.95
5,-0.547,1,1,15.4,1,11,0.95
47,-0.194,1,1,35.2,1,11,0.95
5,-17.3,1,0,22,1,1,8
45,-2.18,0,1,22,1,4,9.45
11,-0.298,1,1,15.4,1,11,0.95
42,-2.12,1,1,22,1,1,4.8
35,-0.887,0,1,22,1,1,3.37
31,-0.186,0,1,22,1,1,0.7
34,-1.15,0,1,22,1,4,4.85
32,-0.22,0,1,25,1,31,1.05
44,-3.11,0,1,30,1,18,0.75
8,-4.77,0,0,22,1,4,6.48
20,-7.46,1,0,22,1,1,8.6
14,-0.895,0,1,22,1,4,2.72
13,-0.23,1,1,40.5,1,11,0.95
38,-0.479,0,1,22,1,1,1.88
45,-0.488,0,0,22,1,4,1.93
7,-5.42,0,0,22,1,4,6.48
35,-0.889,1,1,22,1,1,3.12
24,-4.8,0,1,30,1,18,0.67
21,-1.55,1,0,22,1,5,2.93
0,-5.91,1,1,10.4,1,11,0.95
16,-0.428,0,0,22,1,4,0.68
44,-0.67,0,0,22,1,4,3.04
10,-2.72,1,1,22,2,2,5.9
7,-0.503,1,0,22,1,9,0.82
45,-2.54,1,1,22,3,3,8.71
36,-0.808,1,0,22,2,2,2.62
48,-0.163,0,1,22,1,1,0.7
50,-0.952,0,1,22,1,4,4.88
17,-2.09,1,1,22,2,2,5.9
18,-0.859,0,0,22,1,4,1.93
5,-1,0,1,20.4,1,31,0.84
46,-0.434,0,1,22,1,4,2.72
9,-1.42,1,1,22,1,9,1.88
43,-1.7,1,1,22,2,2,5.9
20,-4.19,1,1,22,1,1,6.8
37,-1.12,0,1,22,1,4,4.88
9,-5.64,0,0,22,1,4,7.62
8,-0.616,1,1,35.6,1,11,0.95
15,-2.77,1,1,22,1,9,5.27
40,-0.402,1,1,22,2,2,1.1
40,-0.829,1,1,22,1,1,3.12
11,-7.12,0,1,20,1,18,0.59
35,-0.462,1,1,22,1,9,1.49
3,-3.41,0,1,22,1,1,1.49
46,-0.216,0,1,30.1,1,31,0.94
18,-5.73,0,1,30,1,18,0.67
13,-2.26,0,0,22,1,4,4.01
5,-13.8,1,0,22,1,5,6.12
34,-0.436,1,1,22,2,2,1.1
47,-0.753,0,1,22,1,1,3.37
35,-2.63,1,1,22,3,3,8.39
23,-2.02,0,1,22,1,4,6.47
32,-0.166,1,0,22,1,9,0.82
42,-2.39,1,1,22,2,2,7.39
6,-0.616,1,1,22,1,9,0.56
28,-0.829,0,0,22,1,4,3.04
19,-0.628,0,1,22,1,1,1.49
44,-0.194,0,1,22,1,4,0.73
14,-3.72,0,0,22,1,4,7.62
45,-0.0829,1,1,20,1,15,0.95
5,-0.416,1,1,45,1,15,0.95
31,-1.63,0,1,22,1,4,7.62
28,-0.204,1,1,15.4,1,11,0.95
42,-0.504,0,0,22,1,4,1.93
25,-1.45,0,1,22,1,4,4.88
26,-0.205,0,1,22,1,1,0.56
17,-0.358,1,1,15.3,1,11,0.95
16,-0.215,0,1,22,1,1,0.6
46,-0.191,0,1,22,1,4,0.73
37,-1.1,0,1,22,1,4,4.85
5,-2.82,0,1,22,1,1,2.79
48,-2.93,0,1,30,1,18,0.75
13,-3.43,0,1,22,1,4,7.62
15,-2.62,0,0,22,1,4,6.48
16,-6.17,1,0,22,1,1,8
4,0.156,1,0,22,1,1,8.6
7,-12.4,1,0,22,1,1,8
12,-2.2,0,1,22,1,4,4.85
2,-38.6,1,1,22,1,1,9.7
49,-0.131,0,1,25,1,31,0.73
50,-0.421,0,1,22,1,4,2.72
30,-1.67,0,0,22,1,4,6.64
25,-0.209,1,1,15.4,1,11,0.95
27,-2.32,1,1,22,1,5,4.7
28,-0.179,1,1,45,1,15,0.95
1,-5.22,0,1,22,1,4,2.16
12,-0.614,0,1,22,1,4,1.42
13,-0.18,1,1,45,1,15,0.95
14,-4.03,1,1,22,1,9,7.1
8,-1.4,1,1,22,1,9,1.49
46,-0.219,1,1,20.5,1,11,0.95
24,-3.19,1,1,22,2,2,7.39
11,-2.83,1,0,22,1,5,2.93
3,-0.969,1,1,22,1,9,0.56
50,-2.88,0,1,26,1,18,0.69
23,-1.18,0,1,22,1,1,3.37
1,-27.6,1,1,22,1,1,4.8
46,-0.0833,1,1,20,1,15,0.95
2,-16.8,0,1,22,1,1,6.47
35,-3.27,1,1,22,1,1,6.8
18,-0.232,0,1,20.4,1,31,0.84
18,-1.83,1,1,22,1,1,2.8
9,-1.65,0,1,22,1,1,2.79
20,-0.416,0,1,22,1,4,1.42
11,-0.458,0,1,30.2,1,31,0.81
12,-0.372,1,1,24.9,1,11,0.95
37,-1.69,1,0,22,1,1,5.1
14,-0.795,0,1,22,1,1,1.49
13,-4.31,1,1,22,1,9,7.1
50,-0.222,1,1,24.9,1,11,0.95
35,-0.198,1,1,29.8,1,11,0.95
21,-0.342,1,1,20.3,1,11,0.95
20,-1.7,0,1,22,1,4,4.88
42,-0.217,0,1,30.1,1,31,0.94
17,-6.42,1,1,22,1,1,9.7
41,-0.808,0,1,22,1,1,3.37
37,-0.184,1,1,29.9,1,11,0.95
28,-1.17,0,0,22,1,4,4.01
34,-0.25,0,1,30,1,31,0.87
2,-1.84,1,1,20.3,1,11,0.95
39,-1.56,0,1,22,1,1,6.15
27,-0.845,0,0,22,1,4,3.04
49,-1.45,1,0,22,1,9,5.1
6,-1.12,0,0,22,1,1,0.85
37,-1.64,1,1,22,1,1,5.27
39,-0.237,1,1,22,1,1,0.9
18,-0.324,1,1,22,1,1,0.9
7,-8.65,0,1,20,1,18,0.59
15,-0.231,1,1,11,1,11,0.95
21,-5.77,1,1,22,1,1,9.7
22,-0.291,0,1,30,1,31,0.87
26,-0.138,1,1,30,1,15,0.95
0,-32.5,0,1,22,1,1,3.75
3,-1.59,0,1,20.2,1,31,0.86
19,-1.38,1,1,22,1,9,3.37
28,-0.252,1,1,20.5,1,11,0.95
32,-0.242,1,1,20.5,1,11,0.95
26,-2.55,1,0,22,1,1,7.94
2,-10.3,0,1,19.8,1,18,0.69
42,-0.95,0,1,22,1,1,4.02
33,-0.324,0,1,22,1,4,1.42
32,-0.111,1,1,24.8,1,15,0.95
38,-1.23,0,1,22,1,4,4.36
26,-0.0996,0,1,22,1,4,0.77
39,-0.187,1,1,15.4,1,11,0.95
45,-3.37,1,1,22,1,5,7.89
4,-0.781,1,1,24.9,1,11,0.95
6,-0.459,0,1,22,1,4,0.77
20,-0.219,0,1,25.1,1,31,0.84
39,-1.08,0,0,22,1,4,4.75
50,-0.186,0,1,22,1,4,0.73
23,-0.599,0,1,22,1,1,1.88
31,-1.19,1,1,22,2,2,3.2
23,-2.34,1,0,22,2,2,5.98
5,-6.87,1,1,22,3,3,8.71
14,-0.177,0,1,22,1,4,0.77
15,-0.83,0,1,22,1,1,1.88
33,-3.73,0,1,26,1,18,0.69
27,-0.979,0,1,22,1,31,4.51
24,-0.567,0,1,22,1,4,2.16
24,-2.8,1,1,22,1,1,7.1
17,-1.94,0,1,22,1,4,4.36
0,-39.9,0,1,26,1,18,0.69
49,-0.444,0,1,22,1,1,1.63
32,-0.197,1,1,44.9,1,11,0.95
34,-0.867,0,1,22,1,31,4.52
17,-0.106,1,1,20,1,15,0.95
28,-3.01,0,1,25,1,18,0.64
16,-3.54,0,1,19.8,1,18,0.69
41,-0.859,0,0,22,1,1,3.64
14,-1.82,0,0,22,1,1,3.64
28,-1.08,0,1,22,1,31,4.42
39,-4.5,1,1,22,1,1,9.7
20,-0.229,1,1,22,1,9,0.56
39,-0.16,1,1,22,2,2,0.76
8,-0.778,0,0,22,1,1,0.7
17,-0.705,0,1,22,1,1,1.63
46,-0.809,0,0,22,1,1,3.64
9,-3.03,0,1,22,1,1,3.37
33,-1.36,1,1,22,3,3,4.35
8,-4.98,1,0,22,1,1,7.94
4,-0.844,0,1,25.1,1,31,0.84
16,-3.16,1,0,22,1,1,7.94
39,-5.02,1,0,22,1,1,8.6
50,-0.431,0,1,22,1,1,1.88
8,-0.509,1,1,20.3,1,11,0.95
36,-0.859,0,0,22,1,1,3.6
36,-1.69,1,1,22,1,9,5.27
8,-0.522,1,1,22,1,1,1.04
28,-3.59,1,1,22,1,1,6.8
20,-2.34,1,1,22,1,9,5.27
20,-0.351,0,0,22,1,1,0.7
22,-0.181,1,1,45,1,15,0.95
23,-0.709,0,0,22,1,4,1.93
19,-0.273,1,1,22,2,2,0.76
14,-2.24,0,1,22,1,4,4.36
35,-0.198,1,1,45.3,1,11,0.95
20,-2.91,1,1,22,1,5,4.7
11,-1.43,0,1,22,1,31,4.42
7,-0.334,1,1,40,1,15,0.95
33,-0.46,0,1,22,1,4,2.16
18,-0.198,1,1,35,1,15,0.95
28,-0.2,1,1,22,1,9,0.56
12,-0.917,1,1,22,1,9,1.49
50,-0.147,0,1,20.2,1,31,0.86
37,-1.08,1,1,22,2,2,3.2
31,-0.248,1,1,22,1,1,0.9
36,-0.16,1,1,10.9,1,11,0.95
38,-0.28,0,0,22,1,1,0.85
33,-0.568,0,0,22,1,4,1.93
27,-0.488,1,1,22,2,2,1.1
45,-0.228,1,1,22,1,1,0.9
37,-0.157,1,0,22,1,1,0.82
19,-0.219,1,1,29.9,1,11,0.95
23,-0.193,0,1,22,1,1,0.7
39,-3.52,0,1,30,1,18,0.67
36,-0.282,0,0,22,1,1,0.85
19,-0.362,0,0,22,1,1,0.85
1,-2.91,0,1,22,1,31,4.42
12,-4.27,0,0,22,1,4,7.62
18,-0.4,1,0,22,2,2,0.86
41,-1.04,1,0,22,1,9,3.62
26,-0.118,1,1,24.8,1,15,0.95
18,-0.222,0,1,22,1,1,0.7
20,-3.72,1,1,22,2,2,7.89
36,-0.169,1,1,22,2,2,0.76
34,-0.0662,1,1,10.2,1,15,0.95
38,-0.238,1,1,22,1,1,0.9
28,-2.54,1,1,22,1,1,4.8
12,-3.35,1,0,22,2,2,5.98
37,-2.48,0,1,19.8,1,18,0.69
46,-0.214,1,1,22,1,9,1.04
12,-3.19,1,1,22,1,9,5.27
3,-2.91,0,1,22,1,4,2.16
38,-0.273,1,0,22,1,9,0.7
15,-0.259,0,1,25.1,1,31,0.84
35,-0.18,0,1,22,1,1,0.7
47,-0.0847,1,1,20,1,15,0.95
31,-0.809,0,1,22,1,1,2.79
23,-1.55,1,1,22,1,1,2.8
41,-1.42,0,0,22,1,4,6.64
6,-5.94,1,1,22,3,3,8.71
3,-10.9,0,1,22,1,4,4.88
47,-1.39,0,1,22,1,1,6.15
1,-2.16,0,1,20.2,1,31,0.86
16,-0.104,1,1,9.9,1,15,0.95
1,-2.84,0,1,30.2,1,31,0.81
22,-1.37,0,0,22,1,1,4.1
5,-7.94,1,1,22,1,1,2.8
19,-0.235,0,1,22,1,1,0.56
21,-0.55,1,1,22,2,2,1.1
43,-0.0633,1,1,9.9,1,15,0.95
47,-2.18,1,1,22,3,3,7.44
30,-0.176,1,1,11,1,11,0.95
25,-4.33,0,1,30,1,18,0.75
44,-3.25,0,1,30,1,18,0.67
35,-0.236,1,1,20.5,1,11,0.95
40,-0.982,0,1,22,1,1,4.02
47,-0.149,0,1,20.2,1,31,0.86
42,-0.151,0,1,20.7,1,31,0.93
31,-1.11,1,0,22,1,9,3.62
18,-3.19,1,1,22,1,5,4.7
5,-7.25,0,0,22,1,4,6.48
5,-0.709,0,1,25,1,31,0.73
27,-1.47,0,1,22,1,4,4.36
1,-18,1,1,22,3,3,4.35
25,-0.204,1,1,34.8,1,11,0.95
27,-2.85,0,1,19.8,1,18,0.69
50,-1.46,0,1,22,1,1,6.06
1,-1.59,0,1,22,1,4,0.77
26,-2.9,0,1,19.8,1,18,0.69
12,-0.582,1,1,20.3,1,11,0.95
17,-1.17,0,1,22,1,31,4.51
11,-0.641,0,0,22,1,4,0.8
26,-6.41,1,0,22,1,1,8.6
19,-1.57,0,0,22,1,4,4.01
31,-3.44,1,1,22,1,1,6.8
23,-0.165,0,1,22,1,1,0.6
4,-22,1,0,22,1,1,6.6
47,-0.857,1,1,22,1,9,3.75
5,-1,0,1,20.4,1,31,0.84
19,-0.219,0,1,20.4,1,31,0.84
28,-0.183,1,1,44.9,1,11,0.95
9,-0.416,0,1,22,1,1,0.7
38,-2.65,0,1,25,1,18,0.64
12,-2.91,1,0,22,3,3,6.5
5,-2.3,0,1,22,1,1,1.49
6,-2.33,0,1,22,1,31,4.39
2,-14.7,0,1,22,1,4,4.88
32,-0.174,1,1,11,1,11,0.95
32,-1.9,0,1,22,1,1,6.47
50,-0.144,1,0,22,1,1,0.82
4,-0.844,1,1,22,1,9,0.6
45,-0.768,1,1,22,1,9,3.37
5,-8.02,0,1,30,1,18,0.67
27,-0.153,0,1,22,1,1,0.6
0,-3.91,0,1,22,1,31,4.36
18,-0.309,0,1,30.1,1,31,0.94
32,-0.144,0,1,20.7,1,31,0.93
40,-1.62,1,0,22,1,9,5.1
49,-0.769,1,1,22,1,5,3.18
29,-1.02,0,1,22,1,31,4.38
47,-1.34,0,1,22,1,4,6.47
32,-0.578,0,0,22,1,4,1.93
2,-11,0,0,22,1,4,4.75
48,-0.848,1,1,22,1,9,3.75
34,-0.488,0,1,22,1,1,1.63
41,-0.328,0,0,22,1,4,0.6
36,-4.13,1,0,22,1,1,8
1,-15.2,0,0,22,1,4,4.75
14,-0.324,1,1,20.5,1,11,0.95
32,-4.34,1,0,22,1,1,8
48,-0.138,0,1,22,1,1,0.6
28,-0.24,0,1,25,1,31,1.05
23,-2.93,1,1,22,1,9,7.1
21,-1.65,1,1,22,3,3,4.35
34,-1.71,1,1,22,1,1,5.27
6,-0.409,1,1,29.8,1,11,0.95
12,-4.37,0,1,22,1,1,6.15
37,-3.46,0,1,26,1,18,0.69
39,-0.223,1,1,40.8,1,11,0.95
7,-4.42,0,1,22,1,1,4.02
49,-0.0757,0,1,22,1,4,0.77
48,-0.97,0,1,22,1,4,4.88
12,-1.31,0,1,22,1,31,4.52
9,-0.416,0,1,25,1,31,0.73
50,-0.156,1,1,45,1,15,0.95
42,-0.23,1,1,30.1,1,11,0.95
7,-6.61,1,1,22,1,1,4.8
35,-0.482,0,1,22,1,1,1.63
31,-0.16,1,1,35,1,15,0.95
15,-2.13,0,1,22,1,4,4.36
28,-4.23,1,1,22,1,5,7.89
9,-5.15,0,1,25,1,18,0.64
41,-4.42,1,1,22,1,1,9.7
47,-0.381,0,1,22,1,4,2.16
28,-0.0951,0,1,22,1,4,0.77
39,-0.185,0,1,22,1,1,0.56
46,-1.5,1,1,22,1,9,5.27
0,-25.5,1,1,22,3,3,2.12
49,-0.259,0,0,22,1,1,0.7
14,-1.14,1,0,22,1,1,1.3
17,-0.204,0,1,22,1,1,0.6
31,-0.478,0,1,22,1,4,2.16
45,-2.21,1,1,22,3,3,7.44
8,-10.9,1,0,22,1,1,8
28,-1.78,1,1,22,2,2,5.9
32,-1.08,0,0,22,1,4,4.01
11,-0.467,1,1,22,2,2,0.76
28,-0.202,1,1,34.8,1,11,0.95
34,-1.18,0,1,22,1,4,4.88
28,-0.248,1,1,22,1,1,1.04
35,-3.77,0,1,30,1,18,0.67
11,-0.343,1,1,24.9,1,11,0.95
7,-5.36,0,0,22,1,1,4.1
18,-0.291,1,1,46.3,1,11,0.95
39,-0.278,0,0,22,1,1,0.85
41,-0.466,1,1,22,1,9,1.63
6,-2.31,0,1,22,1,4,2.72
10,-1.5,1,0,22,1,1,1.3
16,-0.145,1,1,29.5,1,15,0.95
34,-1.5,0,1,22,1,4,5.73
22,-0.17,0,1,22,1,1,0.6
23,-2.72,0,1,22,1,4,9.45
3,-3.41,0,1,22,1,1,1.49
39,-0.912,0,1,22,1,31,4.4
24,-0.275,0,1,22,1,4,0.73
31,-1.36,0,1,22,1,4,4.36
38,-0.897,1,0,22,1,9,3.64
2,-25.2,1,1,22,2,2,7.39
40,-2.64,1,1,22,2,2,7.89
50,-0.2,1,1,39.9,1,11,0.95
33,-2.83,1,0,22,1,5,6.12
0,-75.9,1,0,22,1,1,8
42,-0.138,0,1,22,1,1,0.6
37,-1.03,0,1,22,1,1,4.02
3,-1.78,1,1,35,1,15,0.95
44,-2.31,0,1,19.8,1,18,0.69
42,-0.309,0,0,22,1,4,0.8
38,-0.163,1,1,22,2,2,0.76
20,-3.81,1,1,22,1,5,6.1
10,-5.51,1,1,22,2,2,7.89
16,-0.147,1,1,24.8,1,15,0.95
30,-1.03,0,1,22,1,31,4.39
12,-1.4,0,1,22,1,31,4.38
10,-2.96,0,1,22,1,4,4.36
3,-1.84,0,1,25,1,31,1.05
0,-47,1,1,22,1,5,6.1
33,-1.91,1,1,22,1,9,6.06
47,-0.381,0,1,22,1,4,2.16
44,-0.239,1,1,20.3,1,11,0.95
27,-0.532,1,1,22,1,9,1.63
47,-0.89,0,1,22,1,31,4.42
41,-0.0637,1,1,10.2,1,15,0.95
27,-0.639,0,0,22,1,4,1.93
23,-5.03,1,0,22,1,1,8
41,-1.84,0,0,22,1,4,7.62
24,-0.967,1,0,22,2,2,2.62
14,-3.61,1,0,22,1,5,4.68
18,-0.146,1,1,40.2,1,15,0.95
33,-0.194,1,1,29.8,1,11,0.95
18,-0.651,0,1,22,1,1,1.49
3,-9.53,0,1,30,1,18,0.67
12,-7.25,1,1,22,1,5,7.89
20,-5.07,1,1,22,1,5,7.89
50,-2.88,0,1,26,1,18,0.69
35,-0.241,1,1,22,1,1,0.9
44,-0.777,0,0,22,1,1,3.6
21,-0.186,0,1,25,1,31,0.73
18,-2.48,1,1,22,1,9,5.27
32,-0.989,1,0,22,1,9,3.64
33,-0.119,1,1,40.2,1,15,0.95
45,-0.869,1,0,22,1,5,2.93
13,-0.293,0,1,25.1,1,31,0.84
44,-0.752,1,0,22,2,2,2.62
5,-6.02,0,1,19.8,1,18,0.69
37,-0.535,0,0,22,1,4,1.93
2,-2.03,0,1,22,1,31,4.36
23,-0.709,0,0,22,1,4,1.93
19,-1.37,1,0,22,1,9,3.62
7,-6.55,0,1,22,1,4,9.45
16,-4.02,1,1,22,2,2,7.39
1,-3.66,0,0,22,1,1,0.85
26,-0.303,1,1,20.3,1,11,0.95
3,-7.91,0,1,19.8,1,18,0.69
28,-2.5,0,1,22,1,4,9.45
3,-0.844,1,1,24.9,1,11,0.95
0,-1.97,1,1,10.9,1,11,0.95
42,-2.35,1,0,22,1,1,5
43,-3.3,1,0,22,1,1,6.6
20,-0.222,0,1,20.2,1,31,0.86
23,-3.05,0,1,19.8,1,18,0.69
36,-0.489,0,1,22,1,1,1.88
3,0.156,1,0,22,1,1,8.6
37,-3.2,1,1,22,1,1,6.8
31,-0.122,1,1,40.2,1,15,0.95
17,-5.51,1,0,22,1,1,6.6
0,-11.5,1,1,22,1,9,1.88
23,-4.83,0,1,20,1,18,0.59
43,-2.52,1,0,22,1,5,6.12
0,-1.84,1,1,15.4,1,11,0.95
9,-0.234,1,1,39.9,1,11,0.95
35,-1.47,0,1,22,1,4,5.73
6,-6.24,0,0,22,1,4,6.48
9,-1.72,0,0,22,1,4,1.93
26,-2.69,1,1,22,1,1,7.1
24,-4.45,0,1,30,1,18,0.75
43,-2.51,0,1,25,1,18,0.64
20,-1.03,0,0,22,1,4,3.04
47,-2.32,1,1,22,1,5,6.1
23,-4.69,1,1,22,1,5,7.89
20,-2.79,0,1,22,1,1,6.06
46,-2.3,1,1,22,2,2,7.39
11,-2.91,1,1,22,1,1,2.8
22,-5.16,1,0,22,1,1,8
15,-0.118,1,1,24.8,1,15,0.95
12,-1.27,1,0,22,1,1,1.3
22,-0.59,0,1,22,1,1,1.63
13,-3.24,0,1,22,1,4,6.47
50,-2.86,0,1,30,1,18,0.75
24,-0.212,0,1,22,1,1,0.56
18,-2.84,0,1,22,1,1,6.15
43,-1.34,0,1,22,1,4,7.62
36,-0.235,1,1,20.3,1,11,0.95
45,-1.13,0,1,22,1,4,4.36
23,-2.68,1,0,22,1,1,7.94
21,-0.589,1,1,22,1,9,1.49
9,-9.77,1,1,22,1,1,8.4
5,-0.628,1,1,30,1,15,0.95
1,-5.78,1,1,15.3,1,11,0.95
0,-12.8,0,1,22,1,4,3.95
6,-2.45,1,0,22,1,1,1.3
24,-0.147,0,1,20.7,1,31,0.93
26,-0.559,0,1,22,1,1,1.88
5,-1.77,1,1,22,1,1,0.9
38,-0.897,0,0,22,1,1,3.64
42,-0.107,1,1,24.8,1,15,0.95
4,-3.03,0,1,22,1,4,2.72
33,-3.93,0,1,20,1,18,0.59
21,-0.589,0,1,22,1,1,1.49
9,-0.716,1,1,22,1,1,0.9
27,-1.22,0,1,22,1,1,3.75
42,-0.856,0,1,22,1,31,4.36
34,-0.202,1,1,39.9,1,11,0.95
40,-1.44,0,0,22,1,4,6.64
43,-3.18,0,1,26,1,18,0.69
44,-0.152,1,1,10.9,1,11,0.95
4,-4.97,0,0,22,1,1,3.6
35,-2.53,0,1,19.8,1,18,0.69
10,-0.614,1,1,22,3,3,0.88
29,-0.251,1,1,46.3,1,11,0.95
11,-0.59,1,0,22,2,2,0.86
31,-0.168,1,1,10.9,1,11,0.95
29,-0.999,0,1,22,1,1,3.37
15,-0.509,0,1,22,1,4,1.42
25,-0.356,0,0,22,1,4,0.8
9,-0.216,1,1,45,1,15,0.95
0,-0.844,1,1,15,1,15,0.95
6,-4.3,1,1,22,1,9,3.12
7,-0.372,1,1,29.9,1,11,0.95
46,-0.668,0,1,22,1,1,2.79
18,-0.104,1,1,20,1,15,0.95
30,-0.522,0,1,22,1,1,1.88
3,-12.8,0,1,26,1,18,0.69
7,-0.516,1,1,22,1,9,0.56
12,-0.955,0,1,22,1,4,2.16
1,-35.7,1,0,22,1,5,4.68
4,-0.906,0,1,30,1,31,0.87
1,-17.6,0,1,22,1,4,4.36
3,-1.84,1,1,22,1,1,1.04
31,-3.83,0,1,30,1,18,0.75
27,-1.28,0,1,22,1,1,4.02
4,-8.91,0,1,22,1,1,3.75
27,-0.0312,1,1,22,1,5,0.93
26,-0.261,1,1,20.3,1,11,0.95
31,-1.32,1,1,22,1,1,2.8
17,-5.64,0,1,26,1,18,0.69
16,-1.17,0,1,22,1,31,4.36
13,-4.46,1,1,22,1,5,4.7
31,-1.99,0,1,22,1,1,6.06
2,-12.7,0,0,22,1,4,6.48
19,-2.69,1,1,22,3,3,6.26
45,-0.228,1,1,22,1,1,0.9
37,-0.276,1,0,22,1,9,0.7
24,-1.39,0,1,22,1,1,4.02
17,-0.237,1,1,15.4,1,11,0.95
30,-0.131,1,1,30,1,15,0.95
19,-3.32,1,1,22,3,3,7.44
10,-4.72,0,1,22,1,4,9.45
38,-0.248,0,1,30,1,31,0.87
39,-0.94,0,1,22,1,4,3.95
8,-4.59,0,0,22,1,1,4.1
15,-0.79,0,1,22,1,4,2.16
46,-0.143,1,1,22,2,2,0.76
7,-0.216,1,1,34.5,1,15,0.95
48,-0.0758,0,1,22,1,4,0.77
11,-2.34,1,1,22,3,3,4.35
16,-2.84,1,0,22,2,2,5.98
23,-0.192,1,1,29.8,1,11,0.95
44,-2.31,0,1,19.8,1,18,0.69
34,-3.86,0,1,20,1,18,0.59
37,-2.3,0,1,22,1,4,9.45
46,-0.868,1,1,22,1,9,3.75
29,-1.05,0,0,22,1,1,3.64
21,-0.245,1,1,15.5,1,11,0.95
12,-2.47,0,0,22,1,4,4.75
32,-0.16,0,1,20.4,1,31,0.84
5,-2.77,0,1,22,1,4,2.72
48,-3.09,0,1,30,1,18,0.67
10,-0.205,1,1,9.9,1,15,0.95
13,-3.18,0,1,22,1,4,5.73
4,-0.844,1,1,24.9,1,11,0.95
25,-0.102,1,1,20,1,15,0.95
5,-0.603,0,1,20.7,1,31,0.93
50,-0.137,1,1,22,1,9,0.6
9,-0.316,1,1,11,1,11,0.95
2,-1.72,1,0,22,3,3,0.97
16,-4.72,1,1,22,1,1,6.8
0,-6.78,0,1,22,1,4,0.73
36,-1.14,0,1,22,1,4,4.88
29,-0.306,1,0,22,2,2,0.86
0,-11.1,0,0,22,1,4,1.93
18,-0.281,1,1,24.9,1,11,0.95
35,-0.939,0,0,22,1,1,3.64
23,-0.281,1,1,15.3,1,11,0.95
30,-0.295,1,1,22,3,3,0.88
13,-4.68,1,1,22,2,2,7.89
43,-0.839,0,0,22,1,1,3.64
23,-1.15,0,1,22,1,31,4.31
20,-0.157,0,1,20.7,1,31,0.93
10,-0.136,1,1,20,1,15,0.95
22,-5.07,0,1,30,1,18,0.67
40,-0.312,0,0,22,1,4,0.8
19,-5.53,0,1,30,1,18,0.67
7,-8.77,1,1,22,1,9,6.06
35,-4.26,1,1,22,1,1,8.4
34,-0.0805,1,1,15.2,1,15,0.95
23,-0.528,1,1,22,2,2,1.1
26,-0.153,0,1,25,1,31,0.73
30,-1.6,0,0,22,1,4,6.48
41,-0.151,0,1,20.2,1,31,0.86
38,-0.186,0,1,22,1,1,0.56
28,-0.301,1,0,22,1,5,1.1
35,-0.482,1,1,22,1,9,1.63
43,-3.74,1,1,22,1,5,8.02
30,-1.28,0,1,22,1,4,4.88
11,-0.34,1,1,22,1,9,0.56
23,-0.267,1,1,22,1,1,1.04
16,-0.303,0,1,30.2,1,31,0.81
25,-1.1,1,1,22,1,9,3.12
49,-0.313,0,0,22,1,4,0.6
14,-6.72,1,0,22,1,1,8
27,-0.246,1,1,24.9,1,11,0.95
30,-1.34,1,1,22,1,1,2.8
12,-7.54,1,0,22,1,1,8
14,-6.3,0,1,20,1,18,0.59
31,-1.89,1,0,22,3,3,6.5
32,-2.39,0,1,22,1,4,9.45
44,-0.149,0,1,20.2,1,31,0.86
26,-0.211,1,1,39.9,1,11,0.95
10,-2.91,0,0,22,1,4,4.75
38,-0.528,0,0,22,1,4,1.93
44,-0.264,1,0,22,1,9,0.7
17,-0.438,0,0,22,1,4,0.8
1,-1.66,1,1,29.8,1,11,0.95
11,-0.25,0,1,20.7,1,31,0.93
17,-0.263,0,1,20.2,1,31,0.86
17,-0.287,0,1,30.2,1,31,0.81
0,-34.1,1,0,22,1,1,5.1
14,-5.95,0,1,30,1,18,0.75
43,-1.17,1,0,22,3,3,4.2
30,-0.2,1,1,15.4,1,11,0.95
25,-0.209,0,1,22,1,1,0.56
22,-3.36,0,1,25,1,18,0.64
11,-3.85,0,1,22,1,4,6.47
44,-1.02,1,0,22,1,1,3.62
28,-2.06,0,1,22,1,1,6.47
48,-0.875,0,0,22,1,4,4.01
13,-0.178,1,1,45.2,1,15,0.95
7,-7.2,0,0,22,1,4,7.62
1,-24.8,1,1,22,3,3,8.71
12,-1.04,0,1,22,1,1,1.88
21,-0.118,0,1,22,1,4,0.77
16,-0.306,1,1,24.9,1,11,0.95
5,-4,1,0,22,3,3,4.2
9,-0.216,1,1,9.9,1,15,0.95
9,-2.2,0,0,22,1,4,3.04
38,-0.161,0,1,20.4,1,31,0.84
5,-9.4,1,1,22,1,1,4.8
6,-0.909,0,1,20.2,1,31,0.86
43,-0.194,1,1,34.8,1,11,0.95
12,-1.76,0,1,22,1,4,3.95
46,-0.195,0,1,25,1,31,1.05
29,-0.254,1,1,22,1,1,0.9
27,-0.351,0,1,22,1,4,1.42
43,-2.56,1,1,22,2,2,7.89
34,-0.342,0,0,22,1,4,0.68
4,-1.84,0,0,22,1,4,0.8
26,-0.205,0,1,22,1,1,0.56
15,-2.18,0,1,22,1,4,4.88
21,-2.67,1,1,22,1,9,6.06
6,-1.62,1,1,30.1,1,11,0.95
19,-0.406,0,0,22,1,4,0.8
29,-1.05,1,0,22,1,9,3.64
18,-2.84,0,1,22,1,1,6.15
18,-0.151,1,1,34.5,1,15,0.95
18,-0.595,1,1,22,2,2,1.1
44,-1.78,1,1,22,3,3,6.26
17,-0.212,1,1,29.8,1,11,0.95
13,-0.957,0,1,22,1,1,1.88
9,-0.772,0,0,22,1,4,0.8
23,-0.245,1,1,35.6,1,11,0.95
27,-0.132,1,1,45.2,1,15,0.95
43,-1.39,0,0,22,1,4,6.64
45,-0.0852,1,1,20,1,15,0.95
34,-0.297,1,0,22,3,3,0.97
22,-1.24,0,0,22,1,1,3.64
28,-2.6,1,1,22,1,1,7.1
32,-1.55,0,0,22,1,4,6.48
5,-0.822,0,1,25.1,1,31,0.84
45,-0.246,1,0,22,2,2,0.86
5,-0.822,0,1,22,1,1,0.7
13,-2.3,0,0,22,1,4,4.75
14,-0.227,1,1,35,1,15,0.95
10,-1.54,0,1,22,1,1,2.79
46,-4.27,1,1,22,1,1,9.7
50,-0.135,1,1,45.2,1,15,0.95
23,-0.598,0,1,22,1,4,2.72
50,-0.75,0,1,22,1,31,4.52
32,-5.64,1,0,22,1,1,8.6
6,-0.822,0,1,30,1,31,0.87
34,-1.27,1,0,22,3,3,4.2
22,-4.95,0,1,20,1,18,0.59
50,-0.264,0,0,22,1,1,0.85
13,-2.13,1,1,22,3,3,4.35
4,-14.3,0,1,22,1,1,6.15
26,-0.556,0,1,22,1,4,2.72
32,-0.191,1,1,35.2,1,11,0.95
36,-0.0657,1,1,9.9,1,15,0.95
20,-1.74,0,1,22,1,4,4.36
50,-0.18,1,1,30.1,1,11,0.95
26,-0.213,1,1,22,2,2,0.76
16,-8.52,1,0,22,1,1,8.6
36,-0.249,0,1,30,1,31,0.87
25,-2.74,1,1,22,1,1,7.1
4,-1.03,0,0,22,1,4,0.6
24,-0.212,0,1,22,1,1,0.56
0,-1.53,1,1,10.2,1,15,0.95
39,-1.89,1,1,22,3,3,6.26
10,-1.13,0,1,22,1,4,2.16
15,-6.52,1,1,22,1,1,8.4
3,-10.7,1,0,22,1,1,3.2
43,-0.9,1,1,22,1,9,3.75
28,-0.143,0,1,20.7,1,31,0.93
15,-8.84,1,0,22,1,1,8.6
24,-0.203,0,1,25.1,1,31,0.84
31,-1.02,0,1,22,1,31,4.5
30,-0.977,1,1,22,1,9,3.37
29,-0.252,1,1,20.3,1,11,0.95
38,-0.474,1,1,22,1,9,1.63
13,-1.27,0,1,22,1,31,4.52
4,-15,0,1,22,1,1,6.06
43,-0.578,1,1,22,3,3,2.12
27,-1.05,1,1,22,1,9,3.37
17,-0.418,1,0,22,2,2,0.86
15,-0.836,0,1,22,1,4,2.72
3,-3.97,0,1,22,1,4,2.72
28,-1.27,0,1,22,1,4,4.85
43,-0.241,1,1,20.3,1,11,0.95
37,-1.75,0,1,22,1,1,6.47
16,-2.5,0,0,22,1,4,6.64
20,-0.286,1,1,20.3,1,11,0.95
4,-0.159,1,1,45.3,1,11,0.95
2,-37.3,1,1,22,1,5,7.89
39,-0.226,1,1,24.9,1,11,0.95
1,-5.91,1,1,22,1,1,0.9
11,-0.222,1,1,30,1,15,0.95
25,-0.222,0,1,30.2,1,31,0.81
26,-4.33,0,1,26,1,18,0.69
12,-3.32,1,1,22,1,5,3.18
40,-0.894,0,1,22,1,31,4.5
19,-0.292,1,1,20.3,1,11,0.95
6,-14.6,1,1,22,1,1,8.4
47,-0.225,1,1,22,1,1,0.9
8,-7.03,0,1,22,1,1,6.15
12,-6.83,0,1,26,1,18,0.69
44,-2.19,0,1,22,1,4,9.45
8,-7.54,1,1,22,1,9,6.06
29,-0.126,1,1,40.2,1,15,0.95
5,-5.47,1,1,22,1,9,3.12
22,-0.288,1,1,15.3,1,11,0.95
42,-0.463,0,1,22,1,1,1.63
47,-0.109,1,1,24.8,1,15,0.95
9,-1.53,0,1,22,1,31,4.38
48,-1.17,1,1,22,3,3,4.35
15,-0.288,0,1,20.4,1,31,0.84
43,-0.421,0,1,22,1,1,1.49
21,-0.224,0,1,22,1,1,0.56
36,-0.249,0,1,30,1,31,0.87
3,-6.72,0,0,22,1,1,3.6
50,-1.3,0,0,22,1,4,6.64
3,-1.91,0,1,22,1,31,4.52
0,-28.4,1,0,22,1,1,3.62
2,-0.844,1,1,10.2,1,15,0.95
33,-0.993,0,1,22,1,31,4.39
20,-5.39,0,1,30,1,18,0.67
13,-3.45,0,1,22,1,1,6.47
11,-4.62,1,1,22,3,3,8.39
44,-0.921,0,1,22,1,1,4.02
6,-0.216,1,1,45.3,1,11,0.95
35,-2.7,1,1,22,1,5,6.1
11,-6.7,0,1,30,1,18,0.75
47,-0.146,1,0,22,1,1,0.82
2,-25,0,1,22,1,1,6.06
43,-0.786,0,0,22,1,1,3.6
42,-2.23,0,1,22,1,4,9.45
43,-0.0844,1,1,20,1,15,0.95
40,-1.54,1,1,22,1,9,6.15
41,-0.707,0,1,22,1,1,2.79
31,-0.508,0,1,22,1,4,2.72
44,-2.31,1,0,22,1,1,5
37,-0.945,0,1,22,1,31,4.39
18,-0.247,0,1,20.2,1,31,0.86
49,-1.29,0,1,22,1,4,7.62
38,-0.191,1,1,35.2,1,11,0.95
24,-0.241,1,1,10.4,1,11,0.95
50,-0.421,0,1,22,1,4,2.72
43,-0.9,0,1,22,1,1,3.75
29,-1.16,0,1,22,1,1,3.75
0,-2.84,0,1,22,1,1,0.6
17,-2.83,1,1,22,1,9,6.47
41,-0.226,1,1,20.3,1,11,0.95
13,-0.192,0,1,22,1,4,0.77
24,-1.82,0,0,22,1,4,6.48
30,-0.192,1,1,22,2,2,0.76
23,-0.105,1,1,20,1,15,0.95
34,-2.02,0,0,22,1,4,7.62
43,-1.33,0,0,22,1,4,6.48
21,-1.07,0,1,22,1,31,4.36
29,-3.98,0,1,30,1,18,0.75
14,-2.33,0,1,22,1,4,4.88
40,-1.6,1,1,22,1,9,5.27
37,-0.228,1,1,22,1,9,1.04
48,-0.851,0,0,22,1,1,4.1
1,-22.7,0,1,22,1,4,5.73
39,-0.278,0,0,22,1,1,0.85
3,-5.84,0,0,22,1,4,3.04
32,-5.64,1,0,22,1,1,8.6
34,-0.224,0,1,30.1,1,31,0.94
27,-0.82,1,0,22,1,1,1.3
37,-5.2,1,0,22,1,1,8.6
24,-0.548,0,1,22,1,1,1.49
29,-0.847,1,0,22,3,3,2.71
49,-0.199,1,1,44.9,1,11,0.95
29,-0.197,1,1,22,2,2,0.76
35,-0.144,0,1,20.7,1,31,0.93
28,-2.5,0,1,22,1,4,9.45
8,-1.64,0,1,22,1,4,2.72
24,-0.188,1,1,11,1,11,0.95
15,-0.422,1,1,30.1,1,11,0.95
46,-0.134,0,1,25,1,31,0.73
44,-0.182,1,1,15.4,1,11,0.95
16,-0.783,0,1,22,1,1,1.88
25,-0.267,1,1,15.3,1,11,0.95
9,-0.55,0,1,20.4,1,31,0.84
14,-1.65,1,0,22,1,9,3.62
33,-1.28,1,0,22,3,3,4.2
40,-0.125,1,1,29.5,1,15,0.95
39,-0.154,0,1,20.2,1,31,0.86
34,-0.961,0,0,22,1,1,4.1
42,-0.151,0,1,20.7,1,31,0.93
25,-0.551,0,1,22,1,1,1.63
24,-0.277,1,1,24.9,1,11,0.95
33,-0.492,0,1,22,1,4,2.72
6,-0.609,0,1,25,1,31,0.73
21,-1.47,1,1,22,1,9,3.75
0,-2.84,1,1,24.9,1,11,0.95
24,-2.11,1,0,22,3,3,6.5
15,-1.72,1,1,22,1,9,3.37
27,-1.1,0,0,22,1,1,3.64
45,-0.245,0,1,30,1,31,0.87
15,-1.51,1,0,22,1,1,3.62
42,-0.192,1,1,40.5,1,11,0.95
43,-0.237,1,1,24.9,1,11,0.95
39,-2.18,1,0,22,1,1,7.94
11,-7.24,0,1,30,1,18,0.67
23,-0.599,1,1,22,1,9,1.88
33,-1.56,0,1,22,1,4,7.62
24,-0.147,0,1,20.7,1,31,0.93
48,-0.4,1,1,22,1,9,1.49
37,-0.988,0,1,22,1,1,3.75
39,-0.913,1,1,22,1,5,3.18
6,-4.87,0,1,22,1,1,3.37
22,-1.96,1,0,22,1,1,3.2
20,-0.0847,1,1,9.9,1,15,0.95
39,-0.44,0,1,22,1,1,1.49
30,-0.246,1,1,20.5,1,11,0.95
3,-2.84,0,1,22,1,4,0.73
25,-0.158,0,1,25,1,31,0.73
37,-3.45,0,1,30,1,18,0.75
48,-0.748,0,1,22,1,1,3.37
47,-0.842,0,1,22,1,31,4.31
34,-0.123,1,1,30,1,15,0.95
50,-0.218,1,1,22,1,1,0.9
10,-7.37,0,1,30,1,18,0.67
25,-1.01,0,1,22,1,31,4.36
15,-0.749,0,1,22,1,1,1.49
29,-0.186,0,1,22,1,1,0.7
1,-26,0,1,22,1,4,9.45
42,-0.234,1,1,22,1,1,0.9
38,-0.183,1,1,29.9,1,11,0.95
1,-34,1,1,22,1,9,6.06
22,-3.09,0,1,19.8,1,18,0.69
14,-0.312,0,1,20.4,1,31,0.84
47,-0.989,0,1,22,1,4,4.85
28,-4.6,1,0,22,1,1,8
29,-2.64,1,1,22,3,3,8.71
19,-0.14,1,1,29.5,1,15,0.95
39,-0.999,0,1,22,1,1,4.02
5,-6.25,0,1,22,1,1,4.02
40,-0.91,0,1,22,1,31,4.32
6,-1.92,1,1,22,1,9,1.49
21,-0.387,0,0,22,1,4,0.68
39,-0.0642,1,1,9.9,1,15,0.95
43,-1.03,0,1,22,1,4,4.88
12,-3.89,1,1,22,3,3,8.71
18,-0.21,1,1,11,1,11,0.95
24,-0.28,0,1,30,1,31,0.87
26,-5.23,1,1,22,1,1,9.7
12,-0.319,0,1,22,1,1,0.7
37,-1.24,0,1,22,1,4,4.36
48,-0.298,0,0,22,1,4,0.8
4,-5.91,0,1,22,1,4,4.85
50,-1.34,0,1,22,1,1,6.15
9,-0.222,1,1,34.8,1,11,0.95
45,-0.876,0,1,22,1,31,4.38
31,-1.26,0,1,22,1,4,4.88
20,-2.59,0,1,22,1,1,6.15
35,-0.287,1,0,22,1,5,1.1
44,-0.889,0,1,22,1,1,3.75
14,-0.279,0,1,22,1,1,0.56
0,-2.84,0,1,22,1,1,0.7
37,-1.07,1,0,22,1,9,3.62
35,-3.77,0,1,30,1,18,0.67
11,-0.238,1,1,34.8,1,11,0.95
41,-0.829,0,1,22,1,31,4.43
17,-4.31,1,1,22,1,5,6.1
15,-0.111,1,1,15.2,1,15,0.95
6,-1.82,0,1,22,1,31,4.38
38,-0.842,1,1,22,1,9,3.37
49,-0.833,0,1,22,1,31,4.31
31,-0.163,0,1,20.4,1,31,0.84
34,-0.158,0,1,20.4,1,31,0.84
22,-2.38,0,1,22,1,1,6.15
0,-3.16,1,1,45,1,15,0.95
15,-1.21,1,0,22,3,3,2.71
18,-3.01,0,0,22,1,4,7.62
25,-2.2,0,1,22,1,1,6.47
3,-9.72,0,1,22,1,1,4.02
21,-0.1,1,1,20,1,15,0.95
24,-0.58,0,1,22,1,4,2.72
33,-0.46,0,1,22,1,4,2.16
43,-0.141,1,1,35,1,15,0.95
2,-1.84,0,1,20.2,1,31,0.86
38,-0.208,0,1,25,1,31,1.05
11,-0.398,1,1,22,1,1,1.04
6,-11.9,1,1,22,1,5,4.7
43,-1.56,1,0,22,1,9,5.1
32,-0.327,0,1,22,1,4,1.42
0,-27,0,0,22,1,1,4.1
24,-3.23,0,1,25,1,18,0.64
33,-1.19,0,0,22,1,4,4.75
26,-1.86,0,1,22,1,4,6.47
21,-0.3,0,1,25,1,31,1.05
40,-0.247,0,1,30.2,1,31,0.81
35,-0.318,0,1,22,1,4,1.42
19,-5.7,1,1,22,1,1,8.4
22,-4.95,0,1,20,1,18,0.59
45,-0.294,0,1,22,1,4,1.42
9,-4.87,0,1,22,1,1,6.47
14,-0.839,0,1,22,1,4,2.16
47,-2.24,0,1,19.8,1,18,0.69
21,-0.3,0,1,25,1,31,1.05
36,-0.136,0,1,25,1,31,0.73
9,-0.397,1,1,22,1,9,0.6
38,-0.429,0,1,22,1,4,2.16
17,-0.203,1,1,35,1,15,0.95
17,-0.142,1,1,24.8,1,15,0.95
25,-1.33,1,1,22,2,2,3.2
13,-0.408,0,1,30,1,31,0.87
20,-3.52,0,1,25,1,18,0.64
22,-1.9,1,1,22,2,2,5.9
4,-6.78,0,1,19.8,1,18,0.69
43,-2.21,0,1,22,1,4,9.45
7,-4.54,0,0,22,1,4,4.01
10,-0.217,1,1,45.3,1,11,0.95
38,-0.149,0,1,20.7,1,31,0.93
20,-0.208,0,1,20.4,1,31,0.84
28,-0.185,1,1,45.3,1,11,0.95
26,-0.254,1,1,22,1,1,1.04
43,-1.83,1,0,22,1,5,4.68
38,-4.04,1,0,22,1,1,8
5,-13,1,1,22,1,1,6.8
7,-4.87,0,1,22,1,4,4.88
35,-2.75,0,1,25,1,18,0.64
25,-2.33,0,1,22,1,1,6.06
2,-4.66,0,1,22,1,1,1.49
24,-3.85,1,1,22,1,1,6.8
6,-10.4,0,1,22,1,1,6.06
21,-0.15,1,1,30,1,15,0.95
8,-2.72,0,0,22,1,1,3.6
11,-0.625,1,1,15.3,1,11,0.95
6,-0.422,1,1,29.9,1,11,0.95
42,-1.62,0,1,22,1,1,6.47
18,-0.303,1,1,10.4,1,11,0.95
25,-4.95,1,1,22,1,1,8.4
43,-0.324,0,0,22,1,4,0.6
29,-3.54,1,1,22,1,1,6.8
32,-0.95,1,1,22,1,9,3.12
38,-0.446,1,1,22,1,9,1.49
26,-0.156,1,1,22,1,9,0.6
9,-0.228,1,1,22,1,5,0.93
47,-1.53,0,1,22,1,1,6.47
13,-1.2,1,0,22,1,1,1.3
4,-9.91,1,1,22,1,1,2.8
16,-0.379,1,1,15.3,1,11,0.95
21,-2.16,0,1,22,1,4,6.47
17,-1.94,0,1,22,1,4,4.88
16,-1.61,0,1,22,1,1,3.37
50,-0.311,0,0,22,1,4,0.6
4,-1.84,0,1,22,1,31,4.36
19,-0.29,1,1,22,1,1,1.04
25,-0.275,0,1,30,1,31,0.87
14,-1.88,1,0,22,3,3,4.2
27,-6.24,1,0,22,1,1,8.6
14,-0.318,1,1,24.9,1,11,0.95
25,-2.2,1,1,22,1,9,6.47
16,-0.215,1,1,22,1,9,0.6
22,-0.147,1,1,30,1,15,0.95
20,-0.221,1,1,39.9,1,11,0.95
5,-6.02,0,1,19.8,1,18,0.69
29,-2.2,0,0,22,1,4,7.62
0,0.156,1,0,22,1,1,8.6
40,-1.86,0,0,22,1,4,7.62
21,-1.44,0,0,22,1,4,4.01
1,-1.97,0,1,22,1,1,0.7
15,-0.111,1,1,20,1,15,0.95
37,-2.56,1,1,22,3,3,8.39
41,-0.262,1,1,46.3,1,11,0.95
49,-0.22,1,1,22,1,1,0.9
49,-0.739,0,1,22,1,1,3.37
20,-0.208,1,1,34.8,1,11,0.95
7,-5.64,1,0,22,1,1,7.94
17,-0.9,0,0,22,1,4,1.93
46,-0.226,1,1,22,1,1,0.9
44,-0.417,1,1,22,1,9,1.49
18,-1.66,1,0,22,3,3,4.2
6,-0.622,1,0,22,1,9,0.82
35,-0.958,0,1,22,1,31,4.31
11,-0.602,0,1,25,1,31,1.05
46,-1.74,0,0,22,1,4,7.62
30,-0.234,0,1,30.1,1,31,0.94
36,-0.141,0,1,22,1,1,0.6
18,-0.242,0,1,22,1,1,0.56
44,-0.203,1,1,29.8,1,11,0.95
18,-0.273,0,1,30.2,1,31,0.81
30,-0.82,0,1,22,1,1,2.79
10,-0.65,1,0,22,2,2,0.86
19,-0.234,0,1,20.2,1,31,0.86
21,-0.277,0,1,30.1,1,31,0.94
21,-0.298,0,1,30,1,31,0.87
41,-0.509,0,0,22,1,4,1.93
38,-0.216,1,1,45.3,1,11,0.95
3,-10.8,1,0,22,1,9,3.62
28,-0.733,1,1,22,3,3,2.12
50,-0.186,0,1,22,1,4,0.73
34,-0.775,0,1,22,1,1,2.79
1,-1.97,0,1,25.1,1,31,0.84
34,-3.69,1,0,22,1,1,6.6
33,-3.75,1,0,22,1,1,6.6
1,-7.78,0,1,22,1,4,2.72
30,-1.02,0,1,22,1,31,4.5
19,-5.07,0,1,30,1,18,0.75
27,-0.177,1,0,22,1,9,0.82
18,-0.675,0,1,22,1,1,1.63
6,-0.841,0,0,22,1,4,0.68
39,-0.267,1,1,46.3,1,11,0.95
1,-1.97,0,1,30,1,31,0.87
50,-0.172,0,1,25.1,1,31,0.84
20,-1.52,0,1,22,1,4,4.85
20,-2.79,0,0,22,1,4,7.62
44,-0.107,1,1,24.8,1,15,0.95
11,-2.14,1,0,22,3,3,4.2
31,-1.03,0,0,22,1,1,4.1
1,-6.47,1,1,20.3,1,11,0.95
45,-0.245,0,1,30,1,31,0.87
25,-0.315,1,0,22,1,9,0.7
49,-0.537,1,1,22,3,3,2.12
37,-0.909,0,0,22,1,1,3.64
15,-4.91,1,1,22,1,1,6.8
13,-0.408,1,0,22,3,3,0.97
32,-0.14,0,1,25,1,31,0.73
36,-0.542,0,0,22,1,4,1.93
48,-0.125,1,1,34.5,1,15,0.95
45,-2.13,1,1,22,1,9,7.1
46,-0.268,1,0,22,1,5,1.1
4,-0.844,0,1,22,1,1,0.6
16,-0.348,0,1,30,1,31,0.87
15,-0.448,1,1,20.3,1,11,0.95
2,-12.7,0,0,22,1,4,6.48
5,-2.52,0,1,22,1,31,4.39
24,-5.42,1,1,22,1,1,9.7
49,-0.0605,1,1,10.2,1,15,0.95
9,-0.634,1,1,22,3,3,0.88
29,-4.54,1,0,22,1,1,8
6,-4.47,1,0,22,1,9,3.64
9,-6.58,0,1,22,1,1,6.06
2,-3.97,1,1,22,1,1,0.9
6,-0.616,1,1,35,1,15,0.95
9,-1.22,0,1,22,1,1,1.49
14,-0.158,1,1,24.8,1,15,0.95
48,-0.241,1,1,24.9,1,11,0.95
23,-1.2,1,0,22,1,9,3.64
39,-4.07,1,1,22,1,1,8.4
31,-1.99,0,1,22,1,1,6.06
42,-0.25,0,1,30,1,31,0.87
28,-0.166,1,1,35,1,15,0.95
21,-0.14,1,1,45.2,1,15,0.95
36,-2.5,0,1,19.8,1,18,0.69
50,-1.45,1,1,22,1,9,5.27
49,-0.82,0,1,22,1,31,4.36
47,-0.136,1,1,35,1,15,0.95
5,-7.67,0,0,22,1,1,4.1
23,-0.11,0,1,22,1,4,0.77
35,-0.192,1,1,35.2,1,11,0.95
6,-6.91,1,0,22,1,9,5.1
21,-0.29,1,1,24.9,1,11,0.95
15,-1.24,0,1,22,1,31,4.43
16,-1.15,0,1,22,1,31,4.4
24,-0.106,0,1,22,1,4,0.77
50,-0.11,1,1,24.8,1,15,0.95
8,-0.509,1,0,22,3,3,0.97
45,-0.413,1,1,22,1,9,1.49
43,-0.216,0,1,30.1,1,31,0.94
41,-0.233,1,1,45.3,1,11,0.95
24,-0.215,1,1,39.9,1,11,0.95
49,-0.444,1,1,22,1,9,1.63
4,-6.41,0,0,22,1,1,3.64
28,-1.19,0,1,22,1,1,3.75
14,-6.72,1,0,22,1,1,8
28,-4.08,0,1,30,1,18,0.75
3,-1.03,0,1,25.1,1,31,0.84
1,0.156,1,0,22,1,1,8.6
50,-2.19,0,1,19.8,1,18,0.69
2,-0.844,1,1,15.4,1,11,0.95
14,-0.271,0,1,25.1,1,31,0.84
24,-0.275,0,1,22,1,4,0.73
38,-0.31,0,1,22,1,4,1.42
45,-2.05,1,1,22,1,1,4.8
7,-12.3,1,1,22,1,5,7.89
44,-1.73,1,0,22,2,2,5.98
33,-0.49,0,1,22,1,1,1.63
46,-3.04,0,1,26,1,18,0.69
37,-1.42,0,1,22,1,4,5.73
27,-2.54,0,1,22,1,4,9.45
15,-1.07,1,1,22,3,3,2.12
5,-1.32,1,1,22,3,3,0.88
47,-3.31,1,1,22,1,5,7.89
24,-1.94,0,1,22,1,4,7.62
48,-2.57,1,1,22,3,3,8.71
23,-0.216,1,1,39.9,1,11,0.95
48,-0.218,1,1,30.1,1,11,0.95
49,-0.212,1,1,22,1,9,1.04
39,-4,1,0,22,1,1,8
49,-0.242,1,1,46.3,1,11,0.95
0,-59.8,1,1,22,1,1,6.8
49,-0.788,0,0,22,1,1,3.64
37,-3.55,1,0,22,1,1,6.6
48,-0.315,0,0,22,1,4,0.68
27,-0.246,1,1,40.8,1,11,0.95
2,-1.66,0,1,22,1,1,0.56
19,-2.27,0,1,22,1,4,5.73
5,-1.75,0,1,22,1,31,4.36
33,-0.221,0,1,22,1,4,0.73
0,-61,1,1,22,1,1,7.1
47,-1.34,0,1,22,1,4,6.47
46,-1.12,0,1,22,1,4,4.36
27,-2.51,1,0,22,1,1,7.94
15,-1.55,1,1,22,1,9,3.12
6,-8.12,0,1,22,1,4,7.62
35,-0.208,1,1,15.5,1,11,0.95
7,-1.92,0,1,22,1,1,1.88
12,-0.355,1,1,20.5,1,11,0.95
21,-1.28,0,1,22,1,4,3.95
23,-0.327,1,0,22,1,9,0.7
35,-0.0708,1,1,15,1,15,0.95
2,-1.84,1,1,40,1,15,0.95
24,-4.42,1,0,22,1,1,6.6
17,-0.3,1,1,22,2,2,0.76
25,-0.133,1,1,29.5,1,15,0.95
49,-0.989,1,0,22,1,1,3.62
17,-0.387,0,0,22,1,1,0.7
3,-0.719,1,1,40.2,1,15,0.95
30,-1.14,1,1,22,1,5,3.18
33,-0.919,1,1,22,1,9,3.37
12,-2.46,1,1,22,2,2,5.9
50,-2.19,1,0,22,1,1,5
30,-0.095,0,1,22,1,4,0.77
41,-1.33,0,1,22,1,4,5.73
24,-2.21,0,1,22,1,1,6.15
29,-0.989,1,1,22,1,1,3.12
2,-2.34,0,1,25,1,31,1.05
39,-0.44,1,1,22,1,9,1.49
11,-2.01,1,0,22,1,9,3.62
5,-0.816,1,1,20.5,1,11,0.95
0,-53.8,1,1,22,3,3,7.44
26,-0.863,0,0,22,1,4,3.04
18,-1.59,1,1,22,2,2,3.2
14,-3.62,1,1,22,3,3,8.71
39,-0.142,1,1,45.2,1,15,0.95
20,-0.0799,1,1,10.2,1,15,0.95
16,-2.95,1,1,22,1,9,6.47
35,-0.237,0,1,30.2,1,31,0.81
40,-0.0777,1,1,15.2,1,15,0.95
19,-0.235,1,1,22,1,9,0.56
46,-2.11,1,1,22,1,9,7.1
8,-4.2,0,1,22,1,4,4.88
5,-5.69,0,0,22,1,4,4.75
9,-0.916,1,1,22,2,2,1.1
30,-0.0956,1,1,20,1,15,0.95
23,-0.179,1,1,35,1,15,0.95
20,-0.223,1,1,15.4,1,11,0.95
30,-1.63,0,1,22,1,4,5.73
10,-11.4,1,0,22,1,1,8.6
29,-0.959,0,0,22,1,1,3.6
46,-0.263,0,0,22,1,1,0.7
47,-1.27,0,0,22,1,4,6.48
38,-0.467,0,1,22,1,4,2.72
20,-1.09,0,1,22,1,31,4.4
45,-0.32,0,0,22,1,4,0.68
10,-2.68,0,1,22,1,1,3.37
0,-27.1,0,0,22,1,4,4.01
39,-1.41,0,1,22,1,4,7.62
3,-0.844,1,1,29.8,1,11,0.95
42,-3.33,1,0,22,1,1,6.6
44,-2.98,1,1,22,1,1,6.8
17,-0.153,1,1,34.5,1,15,0.95
45,-0.216,0,1,30.1,1,31,0.94
12,-2.13,1,0,22,1,9,3.64
5,-2.57,0,1,22,1,1,1.63
0,-2.84,0,1,25.1,1,31,0.84
44,-1.42,1,0,22,1,1,3.2
2,-19.8,0,0,22,1,4,7.62
0,-2.72,1,1,40.2,1,15,0.95
29,-0.234,0,1,25,1,31,1.05
15,-1.48,1,1,22,1,1,3.12
37,-0.909,1,0,22,1,9,3.64
5,-4.01,0,0,22,1,4,3.04
31,-0.0949,0,1,22,1,4,0.77
30,-1.09,0,1,22,1,4,3.95
4,-2.72,1,1,20.3,1,11,0.95
5,-7.3,1,1,22,1,9,3.75
35,-0.23,1,1,22,1,1,1.04
10,-0.362,1,1,24.9,1,11,0.95
27,-0.0971,0,1,22,1,4,0.77
32,-0.499,0,1,22,1,4,2.72
24,-5.04,1,1,22,1,1,8.4
42,-2.19,1,1,22,1,9,7.1
7,-6.55,0,1,22,1,4,9.45
26,-0.311,0,0,22,1,1,0.85
45,-0.819,1,1,22,1,5,3.18
22,-1.51,1,0,22,3,3,4.2
4,-6.97,1,1,22,1,9,3.37
35,-1.8,0,1,22,1,1,6.47
30,-0.229,0,1,25,1,31,1.05
50,-0.728,0,0,22,1,1,3.6
29,-0.194,1,1,40.5,1,11,0.95
39,-0.218,1,1,15.3,1,11,0.95
21,-2.27,1,1,22,1,9,5.27
18,-0.408,0,0,22,1,4,0.68
27,-4.59,1,1,22,1,5,8.02
2,-4.66,1,1,22,1,9,1.49
45,-0.161,0,1,20.4,1,31,0.84
37,-2.3,0,1,22,1,4,9.45
45,-1.69,1,1,22,2,2,5.9
6,-0.222,1,1,24.8,1,15,0.95
43,-2.37,1,1,22,2,2,7.39
34,-0.321,0,1,22,1,4,1.42
32,-0.498,0,1,22,1,1,1.63
20,-1.32,0,1,22,1,1,3.37
47,-1.72,0,0,22,1,4,7.62
22,-0.204,1,1,40.5,1,11,0.95
16,-0.232,1,1,29.9,1,11,0.95
3,-28.2,1,0,22,1,1,6.6
15,-1.99,1,1,22,3,3,4.35
37,-0.857,1,1,22,1,9,3.37
44,-0.161,0,1,20.4,1,31,0.84
50,-0.759,1,1,22,1,5,3.18
11,-0.348,0,1,25.1,1,31,0.84
32,-4.01,0,1,20,1,18,0.59
36,-1.51,0,0,22,1,4,6.64
33,-0.3,1,0,22,3,3,0.97
25,-0.174,0,1,20.4,1,31,0.84
43,-0.168,0,1,22,1,1,0.7
12,-0.38,0,1,20.4,1,31,0.84
10,-6.99,0,1,30,1,18,0.75
21,-2.88,1,1,22,1,1,4.8
1,-5.97,0,1,22,1,1,1.49
41,-0.328,0,0,22,1,4,0.68
3,-3.41,1,1,22,1,9,1.49
29,-4.07,0,1,26,1,18,0.69
34,-0.136,1,1,45.2,1,15,0.95
20,-0.261,1,1,22,2,2,0.76
16,-1.51,1,0,22,1,9,3.62
16,-0.178,0,1,20.7,1,31,0.93
13,-0.191,1,1,30,1,15,0.95
48,-0.149,0,1,20.7,1,31,0.93
39,-0.999,0,1,22,1,1,4.02
43,-1.6,0,1,22,1,1,6.47
12,-2.46,0,0,22,1,4,4.01
7,-0.791,0,1,30.2,1,31,0.81
39,-2.42,1,0,22,1,1,5
0,-14.7,1,1,22,2,2,0.76
36,-1.78,0,1,22,1,1,6.47
20,-5.52,1,1,22,1,1,8.4
22,-0.241,1,1,15.5,1,11,0.95
18,-1.04,0,1,22,1,1,2.79
33,-0.982,0,1,22,1,31,4.5
45,-1.51,1,1,22,1,9,5.27
36,-1.8,0,1,22,1,1,6.06
32,-0.229,0,1,30.1,1,31,0.94
27,-2.77,1,1,22,3,3,7.44
9,-4.87,0,1,22,1,1,6.47
37,-1.29,1,1,22,3,3,4.35
0,-3.91,0,1,22,1,31,4.4
19,-0.331,1,0,22,1,5,1.1
9,-0.416,0,1,25.1,1,31,0.84
47,-1.29,0,1,22,1,4,7.62
37,-0.0647,1,1,10.2,1,15,0.95
7,-0.753,0,1,20.2,1,31,0.86
39,-3.13,1,1,22,1,1,6.8
48,-2.96,0,1,26,1,18,0.69
6,-4.77,1,0,22,1,5,2.93
49,-0.236,1,0,22,2,2,0.86
20,-1.23,1,1,22,1,1,3.12
16,-0.246,0,1,25.1,1,31,0.84
36,-1.23,1,1,22,1,1,2.8
21,-0.192,1,1,10.9,1,11,0.95
29,-0.93,0,1,22,1,31,4.52
7,-0.422,1,1,15.5,1,11,0.95
33,-0.949,0,1,22,1,31,4.4
41,-0.849,0,1,22,1,31,4.36
3,-8.09,1,1,22,2,2,3.2
7,-8.29,1,1,22,1,9,7.1
41,-3.27,0,1,26,1,18,0.69
50,-0.214,1,1,20.5,1,11,0.95
16,-2.14,1,1,22,2,2,5.9
48,-0.289,0,1,22,1,4,1.42
5,-5.93,0,1,22,1,1,3.37
50,-0.966,0,1,22,1,4,4.85
20,-2.41,1,0,22,1,9,5.1
42,-1.35,0,0,22,1,4,6.48
42,-0.267,0,0,22,1,1,0.7
30,-0.336,0,1,22,1,4,1.42
36,-0.952,0,1,22,1,31,4.32
6,-5.82,1,1,22,3,3,6.26
49,-0.213,0,1,30.1,1,31,0.94
41,-0.865,0,0,22,1,1,4.1
15,-1.18,0,1,22,1,31,4.4
44,-0.801,1,1,22,1,9,3.12
21,-3.68,1,1,22,1,5,6.1
48,-3.28,1,1,22,1,5,7.89
45,-0.0782,0,1,22,1,4,0.77
5,-0.316,1,1,24.8,1,15,0.95
0,-2.84,0,1,22,1,1,0.56
39,-0.157,1,1,10.9,1,11,0.95
35,-3.81,0,1,20,1,18,0.59
25,-0.265,0,1,22,1,4,0.73
20,-0.152,1,1,30,1,15,0.95
29,-2.02,1,1,22,1,9,6.47
20,-0.305,0,1,30,1,31,0.87
45,-0.16,1,1,45,1,15,0.95
24,-1.02,0,1,22,1,31,4.51
10,-0.627,1,1,22,1,1,0.9
10,-6.35,1,0,22,1,1,5
28,-0.533,0,1,22,1,4,2.72
3,-0.719,1,1,10.2,1,15,0.95
33,-1.75,1,1,22,1,9,6.15
25,-0.253,0,1,30.1,1,31,0.94
42,-0.224,1,1,20.3,1,11,0.95
48,-0.082,1,1,20,1,15,0.95
42,-0.849,0,0,22,1,1,3.64
18,-0.213,1,1,40.5,1,11,0.95
17,-1.91,1,1,22,1,1,2.8
29,-1.15,0,0,22,1,4,4.01
49,-0.174,0,1,25.1,1,31,0.84
37,-1.62,1,1,22,1,9,6.15
15,-0.218,1,1,35,1,15,0.95
42,-3.04,1,1,22,1,1,6.8
36,-0.315,0,1,22,1,4,1.42
46,-2.2,1,1,22,3,3,7.44
29,-1.91,1,1,22,1,9,6.15
16,-3.54,1,1,22,1,5,4.7
40,-0.87,0,0,22,1,1,3.64
15,-0.749,0,1,22,1,1,1.49
44,-1.21,1,1,22,3,3,4.35
40,-0.282,1,0,22,3,3,0.97
1,-1.66,1,1,40.2,1,15,0.95
28,-0.626,0,0,22,1,4,1.93
39,-3.88,1,1,22,1,5,8.02
24,-0.371,0,0,22,1,4,0.68
34,-1.08,1,0,22,1,1,3.62
22,-0.291,0,1,30,1,31,0.87
20,-2.53,0,1,22,1,1,6.47
8,-0.634,0,1,20.2,1,31,0.86
45,-0.135,0,1,25,1,31,0.73
34,-2.74,1,1,22,1,5,6.1
29,-1.37,1,1,22,1,1,2.8
26,-0.262,1,1,15.3,1,11,0.95
25,-1.37,1,1,22,1,5,3.18
25,-0.885,0,1,22,1,1,2.79
47,-0.444,1,1,22,1,9,1.88
22,-1.05,0,1,22,1,31,4.36
23,-0.165,0,1,22,1,1,0.6
13,-3.45,0,1,22,1,1,6.47
47,-0.801,1,0,22,1,9,3.64
14,-0.233,1,0,22,1,9,0.82
8,-11.6,1,1,22,1,5,8.02
11,-0.662,0,1,22,1,4,0.73
13,-3,1,1,22,1,5,3.18
16,-2.57,1,1,22,1,1,5.27
36,-2.5,1,1,22,3,3,8.71
24,-0.106,0,1,22,1,4,0.77
39,-0.882,0,0,22,1,1,4.1
35,-0.216,0,1,22,1,4,0.73
21,-1.28,0,0,22,1,1,3.64
42,-0.849,0,0,22,1,1,3.64
39,-0.192,1,1,35.2,1,11,0.95
17,-0.373,1,0,22,3,3,0.97
47,-2.01,1,1,22,1,1,4.8
43,-1.47,1,1,22,1,9,6.15
22,-0.334,0,0,22,1,1,0.7
38,-1.72,0,1,22,1,1,6.47
21,-0.0768,1,1,10.2,1,15,0.95
22,-1.99,0,0,22,1,4,6.64
33,-1.79,1,0,22,1,9,5.1
0,-1.91,1,0,22,1,5,1.1
29,-1.35,1,0,22,3,3,4.2
43,-3.84,1,0,22,1,1,8
26,-0.559,0,1,22,1,1,1.88
10,-11.4,1,0,22,1,1,8.6
10,-4.13,1,1,22,1,5,3.18
10,-0.482,0,1,20.4,1,31,0.84
9,-0.328,1,1,10.9,1,11,0.95
6,-5.96,1,1,22,1,9,3.75
48,-1.49,0,1,22,1,1,6.06
41,-0.411,0,1,22,1,4,2.16
14,-0.138,1,1,20,1,15,0.95
11,-2.17,1,1,22,2,2,3.2
6,-1.12,0,1,22,1,4,1.42
15,-0.202,1,1,45.3,1,11,0.95
4,-6.41,1,0,22,1,9,3.64
44,-4.33,1,1,22,1,1,9.7
3,-1.59,1,1,22,1,5,0.93
28,-4.37,0,1,30,1,18,0.67
12,-0.119,1,1,20,1,15,0.95
25,-0.315,0,0,22,1,1,0.7
10,-0.568,0,0,22,1,4,0.68
15,-0.326,1,1,22,1,1,1.04
2,-29.9,1,0,22,1,5,6.12
10,-0.396,0,1,22,1,1,0.7
8,-1.38,0,1,22,1,4,2.16
14,-2.05,1,1,22,3,3,4.35
33,-0.837,1,0,22,2,2,2.62
44,-3.25,0,1,30,1,18,0.67
21,-2.16,0,1,22,1,4,6.47
36,-0.133,1,1,34.5,1,15,0.95
16,-1.48,0,1,22,1,4,3.95
46,-0.899,0,1,22,1,31,4.42
24,-1.56,1,1,22,3,3,4.35
35,-0.75,1,0,22,1,1,1.3
23,-0.82,1,1,22,3,3,2.12
6,-0.422,1,1,9.9,1,15,0.95
24,-0.32,0,0,22,1,1,0.7
21,-1.54,0,1,22,1,1,4.02
37,-0.147,0,1,20.7,1,31,0.93
25,-2.33,0,1,22,1,1,6.06
29,-1.42,0,1,22,1,4,4.36
8,-4.32,1,1,22,1,9,5.27
12,-3.76,0,1,22,1,4,7.62
33,-1.17,0,1,22,1,4,4.85
35,-1.71,1,1,22,1,9,5.27
50,-2.03,1,1,22,1,1,7.1
22,-0.381,0,0,22,1,4,0.6
47,-0.448,0,1,22,1,1,1.63
0,-3.78,1,1,45.2,1,15,0.95
29,-1.05,0,1,22,1,31,4.32
46,-0.979,0,0,22,1,4,4.75
28,-1.01,1,1,22,1,1,3.12
47,-1.69,1,1,22,1,5,4.7
41,-1.44,0,1,22,1,4,6.47
9,-1.22,0,1,22,1,4,2.16
9,-3.69,0,1,22,1,4,4.88
40,-0.305,0,1,22,1,4,1.42
20,-2.62,1,1,22,3,3,6.26
39,-2.42,0,1,19.8,1,18,0.69
46,-0.181,0,1,25.1,1,31,0.84
31,-0.168,1,0,22,1,9,0.82
42,-0.248,0,1,30.2,1,31,0.81
17,-0.387,0,0,22,1,1,0.7
47,-0.316,0,0,22,1,4,0.68
1,-20.3,1,0,22,3,3,6.5
27,-0.516,0,1,22,1,1,1.49
43,-0.877,0,0,22,1,1,4.1
45,-1.36,0,0,22,1,4,6.64
8,-0.322,0,1,20.7,1,31,0.93
49,-0.768,1,1,22,1,9,3.12
49,-0.949,1,1,22,2,2,3.2
25,-1.91,0,1,22,1,4,6.47
46,-0.862,0,1,22,1,31,4.32
6,-1.58,1,1,20.3,1,11,0.95
42,-0.274,0,0,22,1,1,0.85
24,-0.267,1,1,22,1,9,1.04
34,-1.05,1,0,22,1,5,2.93
14,-1.4,0,0,22,1,4,3.04
30,-1.92,1,0,22,3,3,6.5
29,-1.91,0,1,22,1,1,6.15
49,-0.737,0,0,22,1,1,3.6
34,-0.172,1,1,11,1,11,0.95
43,-1.76,1,1,22,1,5,4.7
15,-3.95,1,1,22,3,3,8.39
40,-2.16,1,1,22,1,1,4.8
8,-5.96,0,1,22,1,4,7.62
13,-0.497,1,1,22,3,3,0.88
47,-0.2,1,1,29.8,1,11,0.95
44,-0.149,1,0,22,1,1,0.82
44,-0.889,0,1,22,1,1,3.75
16,-0.154,0,1,22,1,4,0.77
18,-0.229,0,1,25.1,1,31,0.84
1,-17.6,1,1,22,1,1,3.12
20,-5.42,1,1,22,1,5,8.02
22,-1.24,0,0,22,1,1,3.64
14,-1.82,0,0,22,1,1,3.64
29,-1.29,0,0,22,1,4,4.75
36,-2.5,1,0,22,1,1,5
7,-0.216,1,1,40.2,1,15,0.95
41,-0.903,0,1,22,1,31,4.39
14,-1.24,0,1,22,1,31,4.52
39,-0.44,0,1,22,1,1,1.49
2,-15,0,1,30,1,18,0.75
29,-4.26,0,1,20,1,18,0.59
49,-1.24,0,0,22,1,4,6.48
35,-0.142,0,1,22,1,1,0.6
34,-0.952,0,0,22,1,1,3.64
20,-2.24,0,1,22,1,4,6.47
6,-7.48,0,1,22,1,4,6.47
42,-1.41,0,0,22,1,4,6.64
49,-0.313,0,0,22,1,4,0.68
2,-36.9,1,1,22,1,1,8.4
34,-0.468,1,1,22,1,9,1.49
13,-0.293,0,1,22,1,1,0.7
25,-1.21,0,1,22,1,4,3.95
31,-2.78,1,1,22,2,2,7.39
35,-0.263,1,1,20.3,1,11,0.95
8,-0.841,0,1,22,1,4,1.42
7,-0.597,0,1,22,1,1,0.7
18,-3.93,1,1,22,2,2,7.89
29,-0.498,0,1,22,1,1,1.49
49,-1.36,0,1,22,1,1,6.15
7,-3.63,0,1,22,1,4,4.85
0,-4.91,0,1,22,1,31,4.38
46,-0.201,1,1,29.8,1,11,0.95
7,-1.77,0,1,22,1,1,1.63
18,-0.651,1,1,22,1,9,1.49
46,-2.42,0,1,25,1,18,0.64
42,-0.3,0,1,22,1,4,1.42
37,-2.68,1,0,22,1,5,6.12
0,-29.6,1,0,22,3,3,4.2
0,-14.4,1,1,22,3,3,0.88
0,-25.5,1,1,22,3,3,2.12
0,-25.6,1,0,22,3,3,2.71
1,-26.7,1,1,22,3,3,6.26
1,-30.3,1,1,22,3,3,7.44
1,-24.8,1,1,22,3,3,8.71
1,-27.9,1,1,22,3,3,8.39
1,-14.2,1,0,22,3,3,2.71
1,-2.66,1,0,22,3,3,0.97
1,-20.3,1,0,22,3,3,6.5
2,-9.84,1,0,22,3,3,4.2
2,-3.84,1,1,22,3,3,0.88
2,-12.3,1,0,22,3,3,6.5
3,-6.72,1,0,22,3,3,4.2
4,-4.84,1,0,22,3,3,4.2
4,-1.84,1,1,22,3,3,0.88
4,-3.34,1,1,22,3,3,2.12
4,-5.16,1,1,22,3,3,4.35
4,-8.22,1,1,22,3,3,6.26
4,-10.2,1,1,22,3,3,7.44
4,-7.97,1,1,22,3,3,8.71
4,-9.34,1,1,22,3,3,8.39
4,-3.91,1,0,22,3,3,2.71
4,-0.844,1,0,22,3,3,0.97
4,-6.16,1,0,22,3,3,6.5
5,-4,1,0,22,3,3,4.2
5,-1.32,1,1,22,3,3,0.88
5,-2.78,1,1,22,3,3,2.12
5,-4.38,1,1,22,3,3,4.35
5,-6.87,1,1,22,3,3,6.26
5,-8.16,1,1,22,3,3,7.44
5,-6.87,1,1,22,3,3,8.71
5,-7.95,1,1,22,3,3,8.39
5,-3.23,1,0,22,3,3,2.71
5,-0.716,1,0,22,3,3,0.97
5,-5.28,1,0,22,3,3,6.5
6,-3.35,1,0,22,3,3,4.2
6,-1.02,1,1,22,3,3,0.88
6,-2.26,1,1,22,3,3,2.12
6,-3.68,1,1,22,3,3,4.35
6,-5.82,1,1,22,3,3,6.26
6,-7.25,1,1,22,3,3,7.44
6,-5.94,1,1,22,3,3,8.71
6,-6.87,1,1,22,3,3,8.39
6,-2.61,1,0,22,3,3,2.71
6,-0.616,1,0,22,3,3,0.97
6,-4.53,1,0,22,3,3,6.5
7,-2.92,1,0,22,3,3,4.2
7,-0.841,1,1,22,3,3,0.88
7,-1.92,1,1,22,3,3,2.12
7,-3.23,1,1,22,3,3,4.35
7,-5.1,1,1,22,3,3,6.26
7,-6.37,1,1,22,3,3,7.44
7,-5.32,1,1,22,3,3,8.71
7,-6.15,1,1,22,3,3,8.39
7,-2.21,1,0,22,3,3,2.71
7,-0.522,1,0,22,3,3,0.97
7,-4.02,1,0,22,3,3,6.5
8,-2.62,1,0,22,3,3,4.2
8,-0.722,1,1,22,3,3,0.88
8,-1.72,1,1,22,3,3,2.12
8,-2.92,1,1,22,3,3,4.35
8,-4.6,1,1,22,3,3,6.26
8,-5.73,1,1,22,3,3,7.44
8,-4.87,1,1,22,3,3,8.71
8,-5.62,1,1,22,3,3,8.39
8,-1.92,1,0,22,3,3,2.71
8,-0.509,1,0,22,3,3,0.97
8,-3.65,1,0,22,3,3,6.5
9,-2.42,1,0,22,3,3,4.2
9,-0.634,1,1,22,3,3,0.88
9,-1.52,1,1,22,3,3,2.12
9,-2.67,1,1,22,3,3,4.35
9,-4.22,1,1,22,3,3,6.26
9,-5.25,1,1,22,3,3,7.44
9,-4.53,1,1,22,3,3,8.71
9,-5.22,1,1,22,3,3,8.39
9,-1.72,1,0,22,3,3,2.71
9,-0.447,1,0,22,3,3,0.97
9,-3.42,1,0,22,3,3,6.5
10,-2.27,1,0,22,3,3,4.2
10,-0.614,1,1,22,3,3,0.88
10,-1.42,1,1,22,3,3,2.12
10,-2.49,1,1,22,3,3,4.35
10,-3.92,1,1,22,3,3,6.26
10,-4.89,1,1,22,3,3,7.44
10,-4.27,1,1,22,3,3,8.71
10,-4.92,1,1,22,3,3,8.39
10,-1.6,1,0,22,3,3,2.71
10,-0.458,1,0,22,3,3,0.97
10,-3.2,1,0,22,3,3,6.5
11,-2.14,1,0,22,3,3,4.2
11,-0.567,1,1,22,3,3,0.88
11,-1.32,1,1,22,3,3,2.12
11,-2.34,1,1,22,3,3,4.35
11,-3.68,1,1,22,3,3,6.26
11,-4.58,1,1,22,3,3,7.44
11,-4.05,1,1,22,3,3,8.71
11,-4.62,1,1,22,3,3,8.39
11,-1.49,1,0,22,3,3,2.71
11,-0.438,1,0,22,3,3,0.97
11,-3.05,1,0,22,3,3,6.5
12,-2.04,1,0,22,3,3,4.2
12,-0.528,1,1,22,3,3,0.88
12,-1.24,1,1,22,3,3,2.12
12,-2.22,1,1,22,3,3,4.35
12,-3.48,1,1,22,3,3,6.26
12,-4.32,1,1,22,3,3,7.44
12,-3.89,1,1,22,3,3,8.71
12,-4.42,1,1,22,3,3,8.39
12,-1.4,1,0,22,3,3,2.71
12,-0.422,1,0,22,3,3,0.97
12,-2.91,1,0,22,3,3,6.5
13,-1.95,1,0,22,3,3,4.2
13,-0.497,1,1,22,3,3,0.88
13,-1.17,1,1,22,3,3,2.12
13,-2.13,1,1,22,3,3,4.35
13,-3.33,1,1,22,3,3,6.26
13,-4.12,1,1,22,3,3,7.44
13,-3.74,1,1,22,3,3,8.71
13,-4.22,1,1,22,3,3,8.39
13,-1.32,1,0,22,3,3,2.71
13,-0.408,1,0,22,3,3,0.97
13,-2.79,1,0,22,3,3,6.5
14,-1.88,1,0,22,3,3,4.2
14,-0.47,1,1,22,3,3,0.88
14,-1.12,1,1,22,3,3,2.12
14,-2.05,1,1,22,3,3,4.35
14,-3.18,1,1,22,3,3,6.26
14,-3.92,1,1,22,3,3,7.44
14,-3.62,1,1,22,3,3,8.71
14,-4.08,1,1,22,3,3,8.39
14,-1.26,1,0,22,3,3,2.71
14,-0.398,1,0,22,3,3,0.97
14,-2.69,1,0,22,3,3,6.5
15,-1.81,1,0,22,3,3,4.2
15,-0.448,1,1,22,3,3,0.88
15,-1.07,1,1,22,3,3,2.12
15,-1.99,1,1,22,3,3,4.35
15,-3.06,1,1,22,3,3,6.26
15,-3.79,1,1,22,3,3,7.44
15,-3.5,1,1,22,3,3,8.71
15,-3.95,1,1,22,3,3,8.39
15,-1.21,1,0,22,3,3,2.71
15,-0.39,1,0,22,3,3,0.97
15,-2.61,1,0,22,3,3,6.5
16,-1.76,1,0,22,3,3,4.2
16,-0.428,1,1,22,3,3,0.88
16,-1.02,1,1,22,3,3,2.12
16,-1.93,1,1,22,3,3,4.35
16,-2.95,1,1,22,3,3,6.26
16,-3.65,1,1,22,3,3,7.44
16,-3.4,1,1,22,3,3,8.71
16,-3.82,1,1,22,3,3,8.39
16,-1.16,1,0,22,3,3,2.71
16,-0.382,1,0,22,3,3,0.97
16,-2.53,1,0,22,3,3,6.5
17,-1.71,1,0,22,3,3,4.2
17,-0.41,1,1,22,3,3,0.88
17,-0.985,1,1,22,3,3,2.12
17,-1.87,1,1,22,3,3,4.35
17,-2.86,1,1,22,3,3,6.26
17,-3.53,1,1,22,3,3,7.44
17,-3.31,1,1,22,3,3,8.71
17,-3.7,1,1,22,3,3,8.39
17,-1.12,1,0,22,3,3,2.71
17,-0.373,1,0,22,3,3,0.97
17,-2.46,1,0,22,3,3,6.5
18,-1.66,1,0,22,3,3,4.2
18,-0.399,1,1,22,3,3,0.88
18,-0.95,1,1,22,3,3,2.12
18,-1.82,1,1,22,3,3,4.35
18,-2.77,1,1,22,3,3,6.26
18,-3.42,1,1,22,3,3,7.44
18,-3.23,1,1,22,3,3,8.71
18,-3.6,1,1,22,3,3,8.39
18,-1.09,1,0,22,3,3,2.71
18,-0.367,1,0,22,3,3,0.97
18,-2.4,1,0,22,3,3,6.5
19,-1.62,1,0,22,3,3,4.2
19,-0.387,1,1,22,3,3,0.88
19,-0.919,1,1,22,3,3,2.12
19,-1.75,1,1,22,3,3,4.35
19,-2.69,1,1,22,3,3,6.26
19,-3.32,1,1,22,3,3,7.44
19,-3.15,1,1,22,3,3,8.71
19,-3.51,1,1,22,3,3,8.39
19,-1.05,1,0,22,3,3,2.71
19,-0.36,1,0,22,3,3,0.97
19,-2.34,1,0,22,3,3,6.5
20,-1.58,1,0,22,3,3,4.2
20,-0.374,1,1,22,3,3,0.88
20,-0.891,1,1,22,3,3,2.12
20,-1.68,1,1,22,3,3,4.35
20,-2.62,1,1,22,3,3,6.26
20,-3.23,1,1,22,3,3,7.44
20,-3.08,1,1,22,3,3,8.71
20,-3.42,1,1,22,3,3,8.39
20,-1.03,1,0,22,3,3,2.71
20,-0.354,1,0,22,3,3,0.97
20,-2.29,1,0,22,3,3,6.5
21,-1.55,1,0,22,3,3,4.2
21,-0.363,1,1,22,3,3,0.88
21,-0.867,1,1,22,3,3,2.12
21,-1.65,1,1,22,3,3,4.35
21,-2.56,1,1,22,3,3,6.26
21,-3.15,1,1,22,3,3,7.44
21,-3.02,1,1,22,3,3,8.71
21,-3.34,1,1,22,3,3,8.39
21,-0.999,1,0,22,3,3,2.71
21,-0.348,1,0,22,3,3,0.97
21,-2.24,1,0,22,3,3,6.5
22,-1.51,1,0,22,3,3,4.2
22,-0.352,1,1,22,3,3,0.88
22,-0.841,1,1,22,3,3,2.12
22,-1.62,1,1,22,3,3,4.35
22,-2.5,1,1,22,3,3,6.26
22,-3.07,1,1,22,3,3,7.44
22,-2.96,1,1,22,3,3,8.71
22,-3.26,1,1,22,3,3,8.39
22,-0.975,1,0,22,3,3,2.71
22,-0.343,1,0,22,3,3,0.97
22,-2.19,1,0,22,3,3,6.5
23,-1.48,1,0,22,3,3,4.2
23,-0.343,1,1,22,3,3,0.88
23,-0.82,1,1,22,3,3,2.12
23,-1.59,1,1,22,3,3,4.35
23,-2.44,1,1,22,3,3,6.26
23,-3,1,1,22,3,3,7.44
23,-2.9,1,1,22,3,3,8.71
23,-3.19,1,1,22,3,3,8.39
23,-0.952,1,0,22,3,3,2.71
23,-0.338,1,0,22,3,3,0.97
23,-2.15,1,0,22,3,3,6.5
24,-1.46,1,0,22,3,3,4.2
24,-0.335,1,1,22,3,3,0.88
24,-0.801,1,1,22,3,3,2.12
24,-1.56,1,1,22,3,3,4.35
24,-2.39,1,1,22,3,3,6.26
24,-2.94,1,1,22,3,3,7.44
24,-2.85,1,1,22,3,3,8.71
24,-3.13,1,1,22,3,3,8.39
24,-0.93,1,0,22,3,3,2.71
24,-0.333,1,0,22,3,3,0.97
24,-2.11,1,0,22,3,3,6.5
25,-1.43,1,0,22,3,3,4.2
25,-0.327,1,1,22,3,3,0.88
25,-0.782,1,1,22,3,3,2.12
25,-1.54,1,1,22,3,3,4.35
25,-2.34,1,1,22,3,3,6.26
25,-2.88,1,1,22,3,3,7.44
25,-2.8,1,1,22,3,3,8.71
25,-3.07,1,1,22,3,3,8.39
25,-0.911,1,0,22,3,3,2.71
25,-0.329,1,0,22,3,3,0.97
25,-2.07,1,0,22,3,3,6.5
26,-1.41,1,0,22,3,3,4.2
26,-0.319,1,1,22,3,3,0.88
26,-0.767,1,1,22,3,3,2.12
26,-1.51,1,1,22,3,3,4.35
26,-2.29,1,1,22,3,3,6.26
26,-2.82,1,1,22,3,3,7.44
26,-2.76,1,1,22,3,3,8.71
26,-3.01,1,1,22,3,3,8.39
26,-0.894,1,0,22,3,3,2.71
26,-0.325,1,0,22,3,3,0.97
26,-2.04,1,0,22,3,3,6.5
27,-1.39,1,0,22,3,3,4.2
27,-0.313,1,1,22,3,3,0.88
27,-0.749,1,1,22,3,3,2.12
27,-1.48,1,1,22,3,3,4.35
27,-2.25,1,1,22,3,3,6.26
27,-2.77,1,1,22,3,3,7.44
27,-2.71,1,1,22,3,3,8.71
27,-2.96,1,1,22,3,3,8.39
27,-0.878,1,0,22,3,3,2.71
27,-0.321,1,0,22,3,3,0.97
27,-2,1,0,22,3,3,6.5
28,-1.37,1,0,22,3,3,4.2
28,-0.307,1,1,22,3,3,0.88
28,-0.733,1,1,22,3,3,2.12
28,-1.46,1,1,22,3,3,4.35
28,-2.21,1,1,22,3,3,6.26
28,-2.72,1,1,22,3,3,7.44
28,-2.67,1,1,22,3,3,8.71
28,-2.91,1,1,22,3,3,8.39
28,-0.86,1,0,22,3,3,2.71
28,-0.317,1,0,22,3,3,0.97
28,-1.97,1,0,22,3,3,6.5
29,-1.35,1,0,22,3,3,4.2
29,-0.3,1,1,22,3,3,0.88
29,-0.718,1,1,22,3,3,2.12
29,-1.44,1,1,22,3,3,4.35
29,-2.18,1,1,22,3,3,6.26
29,-2.68,1,1,22,3,3,7.44
29,-2.64,1,1,22,3,3,8.71
29,-2.86,1,1,22,3,3,8.39
29,-0.847,1,0,22,3,3,2.71
29,-0.313,1,0,22,3,3,0.97
29,-1.95,1,0,22,3,3,6.5
30,-1.33,1,0,22,3,3,4.2
30,-0.295,1,1,22,3,3,0.88
30,-0.706,1,1,22,3,3,2.12
30,-1.42,1,1,22,3,3,4.35
30,-2.14,1,1,22,3,3,6.26
30,-2.63,1,1,22,3,3,7.44
30,-2.61,1,1,22,3,3,8.71
30,-2.82,1,1,22,3,3,8.39
30,-0.83,1,0,22,3,3,2.71
30,-0.31,1,0,22,3,3,0.97
30,-1.92,1,0,22,3,3,6.5
31,-1.31,1,0,22,3,3,4.2
31,-0.291,1,1,22,3,3,0.88
31,-0.692,1,1,22,3,3,2.12
31,-1.4,1,1,22,3,3,4.35
31,-2.11,1,1,22,3,3,6.26
31,-2.59,1,1,22,3,3,7.44
31,-2.58,1,1,22,3,3,8.71
31,-2.77,1,1,22,3,3,8.39
31,-0.819,1,0,22,3,3,2.71
31,-0.307,1,0,22,3,3,0.97
31,-1.89,1,0,22,3,3,6.5
32,-1.3,1,0,22,3,3,4.2
32,-0.285,1,1,22,3,3,0.88
32,-0.679,1,1,22,3,3,2.12
32,-1.38,1,1,22,3,3,4.35
32,-2.08,1,1,22,3,3,6.26
32,-2.56,1,1,22,3,3,7.44
32,-2.55,1,1,22,3,3,8.71
32,-2.73,1,1,22,3,3,8.39
32,-0.807,1,0,22,3,3,2.71
32,-0.304,1,0,22,3,3,0.97
32,-1.87,1,0,22,3,3,6.5
33,-1.28,1,0,22,3,3,4.2
33,-0.281,1,1,22,3,3,0.88
33,-0.668,1,1,22,3,3,2.12
33,-1.36,1,1,22,3,3,4.35
33,-2.05,1,1,22,3,3,6.26
33,-2.52,1,1,22,3,3,7.44
33,-2.53,1,1,22,3,3,8.71
33,-2.7,1,1,22,3,3,8.39
33,-0.794,1,0,22,3,3,2.71
33,-0.3,1,0,22,3,3,0.97
33,-1.85,1,0,22,3,3,6.5
34,-1.27,1,0,22,3,3,4.2
34,-0.276,1,1,22,3,3,0.88
34,-0.658,1,1,22,3,3,2.12
34,-1.34,1,1,22,3,3,4.35
34,-2.02,1,1,22,3,3,6.26
34,-2.49,1,1,22,3,3,7.44
34,-2.52,1,1,22,3,3,8.71
34,-2.66,1,1,22,3,3,8.39
34,-0.78,1,0,22,3,3,2.71
34,-0.297,1,0,22,3,3,0.97
34,-1.83,1,0,22,3,3,6.5
35,-1.25,1,0,22,3,3,4.2
35,-0.272,1,1,22,3,3,0.88
35,-0.648,1,1,22,3,3,2.12
35,-1.33,1,1,22,3,3,4.35
35,-1.99,1,1,22,3,3,6.26
35,-2.45,1,1,22,3,3,7.44
35,-2.51,1,1,22,3,3,8.71
35,-2.63,1,1,22,3,3,8.39
35,-0.77,1,0,22,3,3,2.71
35,-0.294,1,0,22,3,3,0.97
35,-1.81,1,0,22,3,3,6.5
36,-1.24,1,0,22,3,3,4.2
36,-0.268,1,1,22,3,3,0.88
36,-0.638,1,1,22,3,3,2.12
36,-1.31,1,1,22,3,3,4.35
36,-1.96,1,1,22,3,3,6.26
36,-2.43,1,1,22,3,3,7.44
36,-2.5,1,1,22,3,3,8.71
36,-2.59,1,1,22,3,3,8.39
36,-0.759,1,0,22,3,3,2.71
36,-0.292,1,0,22,3,3,0.97
36,-1.8,1,0,22,3,3,6.5
37,-1.23,1,0,22,3,3,4.2
37,-0.264,1,1,22,3,3,0.88
37,-0.628,1,1,22,3,3,2.12
37,-1.29,1,1,22,3,3,4.35
37,-1.94,1,1,22,3,3,6.26
37,-2.4,1,1,22,3,3,7.44
37,-2.5,1,1,22,3,3,8.71
37,-2.56,1,1,22,3,3,8.39
37,-0.749,1,0,22,3,3,2.71
37,-0.29,1,0,22,3,3,0.97
37,-1.79,1,0,22,3,3,6.5
38,-1.22,1,0,22,3,3,4.2
38,-0.26,1,1,22,3,3,0.88
38,-0.618,1,1,22,3,3,2.12
38,-1.28,1,1,22,3,3,4.35
38,-1.91,1,1,22,3,3,6.26
38,-2.37,1,1,22,3,3,7.44
38,-2.49,1,1,22,3,3,8.71
38,-2.53,1,1,22,3,3,8.39
38,-0.739,1,0,22,3,3,2.71
38,-0.287,1,0,22,3,3,0.97
38,-1.78,1,0,22,3,3,6.5
39,-1.21,1,0,22,3,3,4.2
39,-0.257,1,1,22,3,3,0.88
39,-0.609,1,1,22,3,3,2.12
39,-1.27,1,1,22,3,3,4.35
39,-1.89,1,1,22,3,3,6.26
39,-2.34,1,1,22,3,3,7.44
39,-2.5,1,1,22,3,3,8.71
39,-2.5,1,1,22,3,3,8.39
39,-0.73,1,0,22,3,3,2.71
39,-0.284,1,0,22,3,3,0.97
39,-1.78,1,0,22,3,3,6.5
40,-1.2,1,0,22,3,3,4.2
40,-0.253,1,1,22,3,3,0.88
40,-0.6,1,1,22,3,3,2.12
40,-1.25,1,1,22,3,3,4.35
40,-1.87,1,1,22,3,3,6.26
40,-2.32,1,1,22,3,3,7.44
40,-2.5,1,1,22,3,3,8.71
40,-2.48,1,1,22,3,3,8.39
40,-0.72,1,0,22,3,3,2.71
40,-0.282,1,0,22,3,3,0.97
40,-1.78,1,0,22,3,3,6.5
41,-1.19,1,0,22,3,3,4.2
41,-0.249,1,1,22,3,3,0.88
41,-0.592,1,1,22,3,3,2.12
41,-1.24,1,1,22,3,3,4.35
41,-1.85,1,1,22,3,3,6.26
41,-2.3,1,1,22,3,3,7.44
41,-2.5,1,1,22,3,3,8.71
41,-2.45,1,1,22,3,3,8.39
41,-0.713,1,0,22,3,3,2.71
41,-0.281,1,0,22,3,3,0.97
41,-1.78,1,0,22,3,3,6.5
42,-1.18,1,0,22,3,3,4.2
42,-0.247,1,1,22,3,3,0.88
42,-0.586,1,1,22,3,3,2.12
42,-1.23,1,1,22,3,3,4.35
42,-1.82,1,1,22,3,3,6.26
42,-2.27,1,1,22,3,3,7.44
42,-2.51,1,1,22,3,3,8.71
42,-2.43,1,1,22,3,3,8.39
42,-0.705,1,0,22,3,3,2.71
42,-0.279,1,0,22,3,3,0.97
42,-1.79,1,0,22,3,3,6.5
43,-1.17,1,0,22,3,3,4.2
43,-0.245,1,1,22,3,3,0.88
43,-0.578,1,1,22,3,3,2.12
43,-1.22,1,1,22,3,3,4.35
43,-1.8,1,1,22,3,3,6.26
43,-2.25,1,1,22,3,3,7.44
43,-2.52,1,1,22,3,3,8.71
43,-2.4,1,1,22,3,3,8.39
43,-0.698,1,0,22,3,3,2.71
43,-0.276,1,0,22,3,3,0.97
43,-1.79,1,0,22,3,3,6.5
44,-1.17,1,0,22,3,3,4.2
44,-0.242,1,1,22,3,3,0.88
44,-0.569,1,1,22,3,3,2.12
44,-1.21,1,1,22,3,3,4.35
44,-1.78,1,1,22,3,3,6.26
44,-2.23,1,1,22,3,3,7.44
44,-2.53,1,1,22,3,3,8.71
44,-2.38,1,1,22,3,3,8.39
44,-0.688,1,0,22,3,3,2.71
44,-0.275,1,0,22,3,3,0.97
44,-1.8,1,0,22,3,3,6.5
45,-1.16,1,0,22,3,3,4.2
45,-0.239,1,1,22,3,3,0.88
45,-0.562,1,1,22,3,3,2.12
45,-1.19,1,1,22,3,3,4.35
45,-1.77,1,1,22,3,3,6.26
45,-2.21,1,1,22,3,3,7.44
45,-2.54,1,1,22,3,3,8.71
45,-2.36,1,1,22,3,3,8.39
45,-0.68,1,0,22,3,3,2.71
45,-0.273,1,0,22,3,3,0.97
45,-1.82,1,0,22,3,3,6.5
46,-1.16,1,0,22,3,3,4.2
46,-0.236,1,1,22,3,3,0.88
46,-0.558,1,1,22,3,3,2.12
46,-1.18,1,1,22,3,3,4.35
46,-1.75,1,1,22,3,3,6.26
46,-2.2,1,1,22,3,3,7.44
46,-2.55,1,1,22,3,3,8.71
46,-2.34,1,1,22,3,3,8.39
46,-0.675,1,0,22,3,3,2.71
46,-0.271,1,0,22,3,3,0.97
46,-1.83,1,0,22,3,3,6.5
47,-1.15,1,0,22,3,3,4.2
47,-0.234,1,1,22,3,3,0.88
47,-0.549,1,1,22,3,3,2.12
47,-1.17,1,1,22,3,3,4.35
47,-1.73,1,1,22,3,3,6.26
47,-2.18,1,1,22,3,3,7.44
47,-2.56,1,1,22,3,3,8.71
47,-2.32,1,1,22,3,3,8.39
47,-0.668,1,0,22,3,3,2.71
48,-2.57,1,1,22,3,3,8.71
48,-2.3,1,1,22,3,3,8.39
48,-0.66,1,0,22,3,3,2.71
49,-2.58,1,1,22,3,3,8.71
49,-2.29,1,1,22,3,3,8.39
49,-0.655,1,0,22,3,3,2.71
49,-0.267,1,0,22,3,3,0.97
50,-2.27,1,1,22,3,3,8.39
50,-0.649,1,0,22,3,3,2.71
0,-64.9,1,1,22,2,2,7.39
0,-60.5,1,1,22,2,2,7.89
0,-48.9,1,0,22,2,2,5.98
1,-34.2,1,1,22,2,2,7.89
1,-27.3,1,0,22,2,2,5.98
2,-21.8,1,1,22,2,2,7.89
2,-17.2,1,0,22,2,2,5.98
3,-15.4,1,1,22,2,2,7.89
3,-11.8,1,0,22,2,2,5.98
4,-11.8,1,1,22,2,2,7.89
4,-8.78,1,0,22,2,2,5.98
5,-7.03,1,0,22,2,2,5.98
5,-3.53,1,0,22,2,2,2.62
6,-5.87,1,0,22,2,2,5.98
7,-7.15,1,1,22,2,2,7.89
7,-5.08,1,0,22,2,2,5.98
8,-6.44,1,1,22,2,2,7.89
8,-4.52,1,0,22,2,2,5.98
9,-5.91,1,1,22,2,2,7.89
9,-4.12,1,0,22,2,2,5.98
10,-5.51,1,1,22,2,2,7.89
10,-3.82,1,0,22,2,2,5.98
11,-5.17,1,1,22,2,2,7.89
11,-3.55,1,0,22,2,2,5.98
12,-4.92,1,1,22,2,2,7.89
12,-3.35,1,0,22,2,2,5.98
13,-4.68,1,1,22,2,2,7.89
13,-3.21,1,0,22,2,2,5.98
14,-4.5,1,1,22,2,2,7.89
14,-3.07,1,0,22,2,2,5.98
15,-4.32,1,1,22,2,2,7.89
15,-2.95,1,0,22,2,2,5.98
16,-4.17,1,1,22,2,2,7.89
16,-2.84,1,0,22,2,2,5.98
17,-4.05,1,1,22,2,2,7.89
17,-2.75,1,0,22,2,2,5.98
18,-3.93,1,1,22,2,2,7.89
18,-2.67,1,0,22,2,2,5.98
19,-3.82,1,1,22,2,2,7.89
19,-2.59,1,0,22,2,2,5.98
20,-3.72,1,1,22,2,2,7.89
20,-2.52,1,0,22,2,2,5.98
21,-3.43,1,1,22,2,2,7.39
21,-3.63,1,1,22,2,2,7.89
21,-2.45,1,0,22,2,2,5.98
22,-3.54,1,1,22,2,2,7.89
22,-2.4,1,0,22,2,2,5.98
23,-3.47,1,1,22,2,2,7.89
23,-2.34,1,0,22,2,2,5.98
24,-3.39,1,1,22,2,2,7.89
24,-2.29,1,0,22,2,2,5.98
25,-3.32,1,1,22,2,2,7.89
25,-2.24,1,0,22,2,2,5.98
26,-3.26,1,1,22,2,2,7.89
26,-2.2,1,0,22,2,2,5.98
27,-3.2,1,1,22,2,2,7.89
27,-2.16,1,0,22,2,2,5.98
27,-0.912,1,0,22,2,2,2.62
28,-3.14,1,1,22,2,2,7.89
28,-2.12,1,0,22,2,2,5.98
29,-3.09,1,1,22,2,2,7.89
29,-2.09,1,0,22,2,2,5.98
30,-3.04,1,1,22,2,2,7.89
30,-2.05,1,0,22,2,2,5.98
31,-2.99,1,1,22,2,2,7.89
31,-2.02,1,0,22,2,2,5.98
31,-0.859,1,0,22,2,2,2.62
32,-2.94,1,1,22,2,2,7.89
32,-1.99,1,0,22,2,2,5.98
33,-2.9,1,1,22,2,2,7.89
33,-1.96,1,0,22,2,2,5.98
34,-2.65,1,1,22,2,2,7.39
34,-2.86,1,1,22,2,2,7.89
34,-1.93,1,0,22,2,2,5.98
35,-2.82,1,1,22,2,2,7.89
35,-1.91,1,0,22,2,2,5.98
36,-2.78,1,1,22,2,2,7.89
36,-1.88,1,0,22,2,2,5.98
37,-2.74,1,1,22,2,2,7.89
37,-1.86,1,0,22,2,2,5.98
38,-2.71,1,1,22,2,2,7.89
38,-1.84,1,0,22,2,2,5.98
39,-2.68,1,1,22,2,2,7.89
39,-1.82,1,0,22,2,2,5.98
39,-0.784,1,0,22,2,2,2.62
39,-0.262,1,0,22,2,2,0.86
40,-0.157,1,1,22,2,2,0.76
40,-0.402,1,1,22,2,2,1.1
40,-1.04,1,1,22,2,2,3.2
40,-1.71,1,1,22,2,2,5.9
40,-2.45,1,1,22,2,2,7.39
40,-2.64,1,1,22,2,2,7.89
40,-1.8,1,0,22,2,2,5.98
40,-0.778,1,0,22,2,2,2.62
40,-0.259,1,0,22,2,2,0.86
41,-0.155,1,1,22,2,2,0.76
41,-0.396,1,1,22,2,2,1.1
41,-0.257,1,0,22,2,2,0.86
42,-0.152,1,1,22,2,2,0.76
42,-0.392,1,1,22,2,2,1.1
42,-0.253,1,0,22,2,2,0.86
43,-0.149,1,1,22,2,2,0.76
43,-0.251,1,0,22,2,2,0.86
44,-0.147,1,1,22,2,2,0.76
44,-0.248,1,0,22,2,2,0.86
45,-0.146,1,1,22,2,2,0.76
45,-0.246,1,0,22,2,2,0.86
46,-0.143,1,1,22,2,2,0.76
46,-0.242,1,0,22,2,2,0.86
47,-0.141,1,1,22,2,2,0.76
47,-0.24,1,0,22,2,2,0.86
48,-0.139,1,1,22,2,2,0.76
48,-0.367,1,1,22,2,2,1.1
48,-0.239,1,0,22,2,2,0.86
49,-0.138,1,1,22,2,2,0.76
49,-0.236,1,0,22,2,2,0.86
50,-0.136,1,1,22,2,2,0.76
50,-1.66,1,0,22,2,2,5.98
